Ledger_Date,Loan_Account_No,ODPC_Member_Token,Member_Name_Perimeter,National_ID_Hashed,Product_Code,Product_Name,Principal_Disbursed_KES,Current_Principal_Balance_KES,Monthly_Repayment_KES,Days_Past_Due_DPD,IFRS9_Stage,Predicted_PD_Pct,Guarantor_Cover_Ratio,Branch_Code
2025-10-31,STR-LN-100001,TKN-SHA256-F4D7AE42,Lucy Mwangi,ID-HASH-B550DA1E59,ASSET-FIN,Vehicle & Asset Finance,2090000.00,427000.00,73000.00,82,STAGE_2_UNDERPERFORMING,10.62%,1.8x,MOMBASA_BR
2025-10-31,STR-LN-100002,TKN-SHA256-B80D00EC,James Korir,ID-HASH-D7DA044312,ASSET-FIN,Vehicle & Asset Finance,4610000.00,2839000.00,161500.00,0,STAGE_1_PERFORMING,0.70%,2.0x,UPPER_HILL
2025-10-31,STR-LN-100003,TKN-SHA256-B51D7495,Philemon Wanjiku,ID-HASH-930C10FD45,MSME-WCP,Business Working Capital,1465000.00,1213000.00,51500.00,19,STAGE_1_EARLY_WATCH,2.69%,2.0x,NANDI_HILLS
2025-10-31,STR-LN-100004,TKN-SHA256-637682FF,Geoffrey Cheruiyot,ID-HASH-22C33BE104,BOSA-NRM,Development Loan Normal,3155000.00,1895000.00,110500.00,19,STAGE_1_EARLY_WATCH,4.24%,2.4x,KISUMU_BR
2025-10-31,STR-LN-100005,TKN-SHA256-93F15088,Fatuma Korir,ID-HASH-6687E0BB9B,ASSET-FIN,Vehicle & Asset Finance,1735000.00,428000.00,60500.00,0,STAGE_1_PERFORMING,0.43%,1.8x,MOMBASA_BR
2025-10-31,STR-LN-100006,TKN-SHA256-A044CA9E,Philemon Sang,ID-HASH-8F1461A7A7,BOSA-SCH,School Fees Advance,65000.00,51000.00,2500.00,0,STAGE_1_PERFORMING,0.65%,2.9x,WESTLANDS
2025-10-31,STR-LN-100007,TKN-SHA256-FEAE09E6,Gladys Ochieng,ID-HASH-8848E30A82,FOSA-ADV,Salary Advance 30D,65000.00,29000.00,2500.00,0,STAGE_1_PERFORMING,0.54%,1.1x,HQ_NAIROBI
2025-10-31,STR-LN-100008,TKN-SHA256-D9FC7CB1,Dennis Siele,ID-HASH-28611F493B,BOSA-EMG,Emergency Medical Facility,250000.00,156000.00,9000.00,0,STAGE_1_PERFORMING,0.86%,3.0x,WESTLANDS
2025-10-31,STR-LN-100009,TKN-SHA256-3637B8F1,Gladys Rono,ID-HASH-EA55A5F467,ASSET-FIN,Vehicle & Asset Finance,1555000.00,342000.00,54500.00,0,STAGE_1_PERFORMING,0.58%,1.9x,BOMET_BRANCH
2025-10-31,STR-LN-100010,TKN-SHA256-D4117E62,Jane Gitonga,ID-HASH-3841BF519E,AGRI-TEA,Tea & Coffee Farm Development,1160000.00,508000.00,40500.00,0,STAGE_1_PERFORMING,0.46%,3.6x,HQ_NAIROBI
2025-10-31,STR-LN-100011,TKN-SHA256-23C7D954,John Kariuki,ID-HASH-77F2788E78,FOSA-ADV,Salary Advance 30D,75000.00,24000.00,2500.00,0,STAGE_1_PERFORMING,0.73%,1.3x,WESTLANDS
2025-10-31,STR-LN-100012,TKN-SHA256-C2A628F5,Lucy Wanjiku,ID-HASH-7A4A68C82D,BOSA-SCH,School Fees Advance,190000.00,153000.00,6500.00,0,STAGE_1_PERFORMING,0.85%,3.8x,HQ_NAIROBI
2025-10-31,STR-LN-100013,TKN-SHA256-52EF5F29,Bernard Ruto,ID-HASH-F210171939,BOSA-SCH,School Fees Advance,175000.00,53000.00,6000.00,0,STAGE_1_PERFORMING,0.30%,3.4x,HQ_NAIROBI
2025-10-31,STR-LN-100014,TKN-SHA256-711B8119,Fatuma Achieng,ID-HASH-E43988E64F,BOSA-EMG,Emergency Medical Facility,55000.00,48000.00,2000.00,0,STAGE_1_PERFORMING,0.40%,2.6x,KERICHO_CENTRAL
2025-10-31,STR-LN-100015,TKN-SHA256-6BF2DE1F,Emmanuel Hassan,ID-HASH-D6F58CE8CB,MSME-WCP,Business Working Capital,595000.00,308000.00,21000.00,0,STAGE_1_PERFORMING,0.58%,2.5x,NAKURU_BR
2025-10-31,STR-LN-100016,TKN-SHA256-F31ECFAC,Tabitha Siele,ID-HASH-133D1A23BA,BOSA-EMG,Emergency Medical Facility,295000.00,217000.00,10500.00,0,STAGE_1_PERFORMING,0.30%,2.2x,HQ_NAIROBI
2025-10-31,STR-LN-100017,TKN-SHA256-7BF0734A,Peter Siele,ID-HASH-4A89655106,BOSA-NRM,Development Loan Normal,1320000.00,226000.00,46000.00,2,STAGE_1_EARLY_WATCH,1.90%,3.8x,BOMET_BRANCH
2025-10-31,STR-LN-100018,TKN-SHA256-EB7E95C3,Grace Ali,ID-HASH-18881209C6,BOSA-NRM,Development Loan Normal,3340000.00,1419000.00,117000.00,0,STAGE_1_PERFORMING,0.60%,3.4x,NANDI_HILLS
2025-10-31,STR-LN-100019,TKN-SHA256-94433C7F,Dennis Kiptoo,ID-HASH-3AF3A86679,ASSET-FIN,Vehicle & Asset Finance,2480000.00,2043000.00,87000.00,0,STAGE_1_PERFORMING,0.32%,1.2x,UPPER_HILL
2025-10-31,STR-LN-100020,TKN-SHA256-47A22348,Grace Kariuki,ID-HASH-A83A9A5253,ASSET-FIN,Vehicle & Asset Finance,3530000.00,2034000.00,123500.00,0,STAGE_1_PERFORMING,0.18%,1.7x,ELDORET_BR
2025-10-31,STR-LN-100021,TKN-SHA256-460A4CF3,Cosmas Njoroge,ID-HASH-43E45E6E3B,BOSA-NRM,Development Loan Normal,2725000.00,2147000.00,95500.00,0,STAGE_1_PERFORMING,0.67%,4.3x,NAKURU_BR
2025-10-31,STR-LN-100022,TKN-SHA256-D0DA1FCE,Grace Mwangi,ID-HASH-6FDEC728D2,BOSA-NRM,Development Loan Normal,650000.00,598000.00,23000.00,0,STAGE_1_PERFORMING,0.55%,4.2x,KERICHO_CENTRAL
2025-10-31,STR-LN-100023,TKN-SHA256-5E70EC44,Geoffrey Kariuki,ID-HASH-03C7240F7E,ASSET-FIN,Vehicle & Asset Finance,3630000.00,1339000.00,127000.00,0,STAGE_1_PERFORMING,0.64%,1.8x,MOMBASA_BR
2025-10-31,STR-LN-100024,TKN-SHA256-D6946C5C,Mary Sang,ID-HASH-58409AFB8D,ASSET-FIN,Vehicle & Asset Finance,1300000.00,1052000.00,45500.00,0,STAGE_1_PERFORMING,0.91%,1.2x,NAKURU_BR
2025-10-31,STR-LN-100025,TKN-SHA256-FA600B35,Catherine Njoroge,ID-HASH-3DD2CDF6FC,BOSA-SCH,School Fees Advance,195000.00,183000.00,7000.00,0,STAGE_1_PERFORMING,0.26%,3.8x,NAKURU_BR
2025-10-31,STR-LN-100026,TKN-SHA256-5C1D83CC,Bernard Koech,ID-HASH-2C499F2E21,FOSA-ADV,Salary Advance 30D,115000.00,45000.00,4000.00,0,STAGE_1_PERFORMING,0.48%,1.6x,ELDORET_BR
2025-10-31,STR-LN-100027,TKN-SHA256-FCAD6B03,Stephen Korir,ID-HASH-DEA806765A,ASSET-FIN,Vehicle & Asset Finance,1625000.00,422000.00,57000.00,0,STAGE_1_PERFORMING,0.93%,1.8x,ELDORET_BR
2025-10-31,STR-LN-100028,TKN-SHA256-AF94DAC9,Wesley Sang,ID-HASH-5530471E1E,BOSA-SCH,School Fees Advance,215000.00,131000.00,7500.00,0,STAGE_1_PERFORMING,0.44%,4.5x,BOMET_BRANCH
2025-10-31,STR-LN-100029,TKN-SHA256-ECD594E9,Grace Ochieng,ID-HASH-CFEFEA4FB5,FOSA-ADV,Salary Advance 30D,130000.00,57000.00,4500.00,14,STAGE_1_EARLY_WATCH,2.65%,1.0x,BOMET_BRANCH
2025-10-31,STR-LN-100030,TKN-SHA256-79F9961C,Hassan Rono,ID-HASH-B112F97BB0,MSME-WCP,Business Working Capital,820000.00,486000.00,28500.00,0,STAGE_1_PERFORMING,0.50%,2.1x,ELDORET_BR
2025-10-31,STR-LN-100031,TKN-SHA256-78A691E0,Bernard Kariuki,ID-HASH-8982AB674B,FOSA-ADV,Salary Advance 30D,135000.00,121000.00,4500.00,0,STAGE_1_PERFORMING,0.65%,1.3x,WESTLANDS
2025-10-31,STR-LN-100032,TKN-SHA256-88D0C326,Wesley Wanjiku,ID-HASH-9953F8B8C0,MSME-WCP,Business Working Capital,285000.00,251000.00,10000.00,0,STAGE_1_PERFORMING,0.65%,2.3x,HQ_NAIROBI
2025-10-31,STR-LN-100033,TKN-SHA256-8BA857E2,Lucy Otieno,ID-HASH-F397B9639A,BOSA-NRM,Development Loan Normal,1995000.00,1665000.00,70000.00,0,STAGE_1_PERFORMING,0.29%,2.9x,NANDI_HILLS
2025-10-31,STR-LN-100034,TKN-SHA256-FBA745B7,Samuel Ochieng,ID-HASH-458FEAC810,MSME-WCP,Business Working Capital,730000.00,197000.00,25500.00,0,STAGE_1_PERFORMING,0.35%,1.6x,NANDI_HILLS
2025-10-31,STR-LN-100035,TKN-SHA256-57B71CB9,Cosmas Kamau,ID-HASH-D69DBDF52D,BOSA-SCH,School Fees Advance,95000.00,18000.00,3500.00,3,STAGE_1_EARLY_WATCH,3.28%,4.1x,MOMBASA_BR
2025-10-31,STR-LN-100036,TKN-SHA256-520EDA98,John Koech,ID-HASH-73344B3C0D,MSME-WCP,Business Working Capital,1045000.00,627000.00,36500.00,0,STAGE_1_PERFORMING,0.76%,1.6x,UPPER_HILL
2025-10-31,STR-LN-100037,TKN-SHA256-2F09C02B,Geoffrey Korir,ID-HASH-EA51EA520D,FOSA-ADV,Salary Advance 30D,135000.00,114000.00,4500.00,13,STAGE_1_EARLY_WATCH,4.08%,1.3x,KERICHO_CENTRAL
2025-10-31,STR-LN-100038,TKN-SHA256-C9E336EF,Mary Sang,ID-HASH-38B547A630,AGRI-TEA,Tea & Coffee Farm Development,525000.00,214000.00,18500.00,0,STAGE_1_PERFORMING,0.58%,2.7x,KISUMU_BR
2025-10-31,STR-LN-100039,TKN-SHA256-D19F760C,Jane Wambui,ID-HASH-9CBA84141A,MSME-WCP,Business Working Capital,1525000.00,392000.00,53500.00,0,STAGE_1_PERFORMING,0.76%,2.7x,HQ_NAIROBI
2025-10-31,STR-LN-100040,TKN-SHA256-F209C269,Kiprono Gitonga,ID-HASH-F350FABAE6,AGRI-TEA,Tea & Coffee Farm Development,1055000.00,484000.00,37000.00,0,STAGE_1_PERFORMING,0.80%,3.4x,MOMBASA_BR
2025-10-31,STR-LN-100041,TKN-SHA256-DA13B1B6,Fatuma Korir,ID-HASH-DEB1A0C816,FOSA-ADV,Salary Advance 30D,25000.00,13000.00,1000.00,0,STAGE_1_PERFORMING,0.67%,1.6x,KERICHO_CENTRAL
2025-10-31,STR-LN-100042,TKN-SHA256-49DC3A8E,Jane Sang,ID-HASH-D8062F3151,AGRI-TEA,Tea & Coffee Farm Development,855000.00,792000.00,30000.00,0,STAGE_1_PERFORMING,0.42%,3.7x,KISUMU_BR
2025-10-31,STR-LN-100043,TKN-SHA256-A9E8FDD2,Alice Kamau,ID-HASH-4277025312,BOSA-EMG,Emergency Medical Facility,210000.00,65000.00,7500.00,0,STAGE_1_PERFORMING,0.67%,3.2x,HQ_NAIROBI
2025-10-31,STR-LN-100044,TKN-SHA256-A654AB76,Cosmas Mutua,ID-HASH-2B9DDA97DE,BOSA-EMG,Emergency Medical Facility,185000.00,42000.00,6500.00,0,STAGE_1_PERFORMING,0.60%,3.1x,MOMBASA_BR
2025-10-31,STR-LN-100045,TKN-SHA256-5808E562,Philemon Ali,ID-HASH-8541879C3B,ASSET-FIN,Vehicle & Asset Finance,3355000.00,902000.00,117500.00,0,STAGE_1_PERFORMING,0.24%,1.2x,WESTLANDS
2025-10-31,STR-LN-100046,TKN-SHA256-8AFE9360,Catherine Hassan,ID-HASH-E084599C02,AGRI-TEA,Tea & Coffee Farm Development,1050000.00,830000.00,37000.00,44,STAGE_2_UNDERPERFORMING,9.88%,2.1x,BOMET_BRANCH
2025-10-31,STR-LN-100047,TKN-SHA256-5CF13809,Dennis Wanjiku,ID-HASH-EA7CC47C0A,BOSA-SCH,School Fees Advance,230000.00,167000.00,8000.00,0,STAGE_1_PERFORMING,0.16%,5.0x,NANDI_HILLS
2025-10-31,STR-LN-100048,TKN-SHA256-A95C0748,Lucy Kimani,ID-HASH-C2F8E4FAB3,MSME-WCP,Business Working Capital,1700000.00,990000.00,59500.00,0,STAGE_1_PERFORMING,0.37%,2.0x,KERICHO_CENTRAL
2025-10-31,STR-LN-100049,TKN-SHA256-43279E72,Wesley Ochieng,ID-HASH-A5E5EF04B1,ASSET-FIN,Vehicle & Asset Finance,3330000.00,2943000.00,116500.00,0,STAGE_1_PERFORMING,0.48%,2.0x,ELDORET_BR
2025-10-31,STR-LN-100050,TKN-SHA256-B8FD2A5F,Dennis Langat,ID-HASH-F4AF5FF12A,MSME-WCP,Business Working Capital,630000.00,295000.00,22000.00,0,STAGE_1_PERFORMING,0.36%,2.0x,WESTLANDS
2025-10-31,STR-LN-100051,TKN-SHA256-0B7737C8,Grace Ali,ID-HASH-BB9CF50255,AGRI-TEA,Tea & Coffee Farm Development,750000.00,300000.00,26500.00,0,STAGE_1_PERFORMING,0.30%,2.3x,HQ_NAIROBI
2025-10-31,STR-LN-100052,TKN-SHA256-D73486AB,Mercy Langat,ID-HASH-5EDF8561C0,FOSA-ADV,Salary Advance 30D,105000.00,87000.00,3500.00,0,STAGE_1_PERFORMING,0.85%,1.2x,NAKURU_BR
2025-10-31,STR-LN-100053,TKN-SHA256-97ADC4F5,Bernard Rono,ID-HASH-CA181ABDD9,FOSA-ADV,Salary Advance 30D,95000.00,47000.00,3500.00,0,STAGE_1_PERFORMING,0.46%,1.6x,MOMBASA_BR
2025-10-31,STR-LN-100054,TKN-SHA256-A6D56607,Emmanuel Ali,ID-HASH-6F6C35451B,BOSA-SCH,School Fees Advance,165000.00,69000.00,6000.00,0,STAGE_1_PERFORMING,0.39%,4.1x,KISUMU_BR
2025-10-31,STR-LN-100055,TKN-SHA256-CDEE2A24,Cosmas Rono,ID-HASH-AFE5BE4EB8,ASSET-FIN,Vehicle & Asset Finance,1590000.00,487000.00,55500.00,0,STAGE_1_PERFORMING,0.80%,1.9x,ELDORET_BR
2025-10-31,STR-LN-100056,TKN-SHA256-64F0A366,Fatuma Langat,ID-HASH-D87003B73D,BOSA-EMG,Emergency Medical Facility,270000.00,104000.00,9500.00,0,STAGE_1_PERFORMING,0.21%,2.2x,ELDORET_BR
2025-10-31,STR-LN-100057,TKN-SHA256-8E1C7F63,Hassan Ochieng,ID-HASH-187584097F,AGRI-TEA,Tea & Coffee Farm Development,785000.00,390000.00,27500.00,0,STAGE_1_PERFORMING,0.58%,2.5x,KISUMU_BR
2025-10-31,STR-LN-100058,TKN-SHA256-50B0CC63,Bernard Ochieng,ID-HASH-7F7A594CC0,BOSA-SCH,School Fees Advance,180000.00,165000.00,6500.00,0,STAGE_1_PERFORMING,0.23%,3.5x,NANDI_HILLS
2025-10-31,STR-LN-100059,TKN-SHA256-71C4F80E,Jane Ali,ID-HASH-6B3B5A6A36,FOSA-ADV,Salary Advance 30D,40000.00,28000.00,1500.00,26,STAGE_1_EARLY_WATCH,1.44%,1.3x,BOMET_BRANCH
2025-10-31,STR-LN-100060,TKN-SHA256-C222BE2A,Jane Omondi,ID-HASH-76244C6491,BOSA-EMG,Emergency Medical Facility,90000.00,50000.00,3000.00,0,STAGE_1_PERFORMING,0.94%,2.6x,BOMET_BRANCH
2025-10-31,STR-LN-100061,TKN-SHA256-6C39FDF6,Cosmas Kariuki,ID-HASH-794BFE3994,BOSA-NRM,Development Loan Normal,3465000.00,1627000.00,121500.00,0,STAGE_1_PERFORMING,0.22%,2.6x,WESTLANDS
2025-10-31,STR-LN-100062,TKN-SHA256-4C8EDDE4,Gladys Mwangi,ID-HASH-E15DA2AF90,BOSA-SCH,School Fees Advance,140000.00,133000.00,5000.00,0,STAGE_1_PERFORMING,0.17%,2.9x,UPPER_HILL
2025-10-31,STR-LN-100063,TKN-SHA256-5835E6A7,Jane Chebet,ID-HASH-EF59F9EC1F,FOSA-ADV,Salary Advance 30D,70000.00,21000.00,2500.00,0,STAGE_1_PERFORMING,0.93%,1.4x,KISUMU_BR
2025-10-31,STR-LN-100064,TKN-SHA256-628900FB,Wesley Langat,ID-HASH-657AA4E239,BOSA-NRM,Development Loan Normal,2900000.00,707000.00,101500.00,0,STAGE_1_PERFORMING,0.38%,2.7x,UPPER_HILL
2025-10-31,STR-LN-100065,TKN-SHA256-1E11828C,Lucy Kiptoo,ID-HASH-12C29FC5DC,BOSA-SCH,School Fees Advance,55000.00,43000.00,2000.00,0,STAGE_1_PERFORMING,0.35%,4.7x,WESTLANDS
2025-10-31,STR-LN-100066,TKN-SHA256-B7387F39,Dennis Omondi,ID-HASH-78E5046C8F,AGRI-TEA,Tea & Coffee Farm Development,630000.00,250000.00,22000.00,0,STAGE_1_PERFORMING,0.56%,2.6x,BOMET_BRANCH
2025-10-31,STR-LN-100067,TKN-SHA256-D0945A50,Wesley Sang,ID-HASH-3B2C999E1B,BOSA-NRM,Development Loan Normal,3130000.00,2407000.00,109500.00,0,STAGE_1_PERFORMING,0.41%,2.8x,HQ_NAIROBI
2025-10-31,STR-LN-100068,TKN-SHA256-0F27FB2C,James Chebet,ID-HASH-F30F81010F,AGRI-TEA,Tea & Coffee Farm Development,1165000.00,962000.00,41000.00,0,STAGE_1_PERFORMING,0.68%,3.4x,NANDI_HILLS
2025-10-31,STR-LN-100069,TKN-SHA256-240396B6,Mercy Gitonga,ID-HASH-3A1BD8A6DB,MSME-WCP,Business Working Capital,900000.00,300000.00,31500.00,0,STAGE_1_PERFORMING,0.66%,1.9x,WESTLANDS
2025-10-31,STR-LN-100070,TKN-SHA256-282562E8,Jane Cheruiyot,ID-HASH-BF8AAA11A5,FOSA-ADV,Salary Advance 30D,45000.00,7000.00,1500.00,0,STAGE_1_PERFORMING,0.21%,1.4x,MOMBASA_BR
2025-10-31,STR-LN-100071,TKN-SHA256-CD8363E0,James Achieng,ID-HASH-86DEF50304,BOSA-EMG,Emergency Medical Facility,75000.00,31000.00,2500.00,165,STAGE_3_NON_PERFORMING,37.93%,2.7x,UPPER_HILL
2025-10-31,STR-LN-100072,TKN-SHA256-6C6A37D4,Kiprono Gitonga,ID-HASH-F1B8093475,BOSA-NRM,Development Loan Normal,2675000.00,985000.00,93500.00,0,STAGE_1_PERFORMING,0.91%,4.1x,BOMET_BRANCH
2025-10-31,STR-LN-100073,TKN-SHA256-7F199CB9,Cosmas Langat,ID-HASH-68E8D822B5,ASSET-FIN,Vehicle & Asset Finance,1395000.00,505000.00,49000.00,0,STAGE_1_PERFORMING,0.61%,1.9x,KERICHO_CENTRAL
2025-10-31,STR-LN-100074,TKN-SHA256-95329628,Emmanuel Kimani,ID-HASH-8764CBBD87,BOSA-EMG,Emergency Medical Facility,90000.00,21000.00,3000.00,0,STAGE_1_PERFORMING,0.41%,2.4x,ELDORET_BR
2025-10-31,STR-LN-100075,TKN-SHA256-901DF52A,Jane Kiptoo,ID-HASH-588BFA1070,BOSA-EMG,Emergency Medical Facility,95000.00,74000.00,3500.00,0,STAGE_1_PERFORMING,0.39%,3.2x,KISUMU_BR
2025-10-31,STR-LN-100076,TKN-SHA256-9CADBB85,Cosmas Achieng,ID-HASH-1437678407,BOSA-NRM,Development Loan Normal,1415000.00,1164000.00,49500.00,6,STAGE_1_EARLY_WATCH,3.38%,2.9x,MOMBASA_BR
2025-10-31,STR-LN-100077,TKN-SHA256-3B52DE4B,Cosmas Cheruiyot,ID-HASH-BB55AFC65B,MSME-WCP,Business Working Capital,530000.00,295000.00,18500.00,44,STAGE_2_UNDERPERFORMING,5.51%,1.6x,KERICHO_CENTRAL
2025-10-31,STR-LN-100078,TKN-SHA256-8BEB7187,Lucy Kimani,ID-HASH-AD441EF371,BOSA-EMG,Emergency Medical Facility,195000.00,166000.00,7000.00,0,STAGE_1_PERFORMING,0.42%,2.4x,UPPER_HILL
2025-10-31,STR-LN-100079,TKN-SHA256-38575DD1,Dennis Korir,ID-HASH-C349992140,BOSA-EMG,Emergency Medical Facility,290000.00,67000.00,10000.00,0,STAGE_1_PERFORMING,0.81%,3.0x,HQ_NAIROBI
2025-10-31,STR-LN-100080,TKN-SHA256-CF33E7E9,Cosmas Ali,ID-HASH-5C1D7BAD70,AGRI-TEA,Tea & Coffee Farm Development,805000.00,622000.00,28000.00,0,STAGE_1_PERFORMING,0.22%,3.6x,MOMBASA_BR
2025-10-31,STR-LN-100081,TKN-SHA256-E21934EF,Mercy Sang,ID-HASH-011F380452,BOSA-EMG,Emergency Medical Facility,240000.00,173000.00,8500.00,0,STAGE_1_PERFORMING,0.41%,2.1x,KERICHO_CENTRAL
2025-10-31,STR-LN-100082,TKN-SHA256-1BDF6229,Kiprono Omondi,ID-HASH-C15FE8210E,AGRI-TEA,Tea & Coffee Farm Development,655000.00,481000.00,23000.00,0,STAGE_1_PERFORMING,0.17%,2.5x,UPPER_HILL
2025-10-31,STR-LN-100083,TKN-SHA256-09DF93CF,Mary Koech,ID-HASH-CFDBB077F0,BOSA-SCH,School Fees Advance,240000.00,101000.00,8500.00,46,STAGE_2_UNDERPERFORMING,13.91%,3.7x,NAKURU_BR
2025-10-31,STR-LN-100084,TKN-SHA256-C9397916,Mary Wambui,ID-HASH-14948CBBCD,FOSA-ADV,Salary Advance 30D,55000.00,33000.00,2000.00,0,STAGE_1_PERFORMING,0.69%,1.5x,BOMET_BRANCH
2025-10-31,STR-LN-100085,TKN-SHA256-D79BFA9A,Peter Njoroge,ID-HASH-E214D778B0,ASSET-FIN,Vehicle & Asset Finance,3725000.00,1790000.00,130500.00,0,STAGE_1_PERFORMING,0.93%,1.9x,HQ_NAIROBI
2025-10-31,STR-LN-100086,TKN-SHA256-EA24E004,Geoffrey Koech,ID-HASH-47AB252DDB,BOSA-NRM,Development Loan Normal,2590000.00,978000.00,90500.00,0,STAGE_1_PERFORMING,0.68%,4.1x,BOMET_BRANCH
2025-10-31,STR-LN-100087,TKN-SHA256-1F766FBC,Dennis Korir,ID-HASH-42A73B5115,BOSA-SCH,School Fees Advance,200000.00,108000.00,7000.00,71,STAGE_2_UNDERPERFORMING,12.99%,4.6x,ELDORET_BR
2025-10-31,STR-LN-100088,TKN-SHA256-E5EA0D18,Fatuma Kimani,ID-HASH-5C91942C8C,FOSA-ADV,Salary Advance 30D,75000.00,33000.00,2500.00,0,STAGE_1_PERFORMING,0.46%,1.2x,MOMBASA_BR
2025-10-31,STR-LN-100089,TKN-SHA256-E412B323,Dennis Langat,ID-HASH-2E5EB39425,ASSET-FIN,Vehicle & Asset Finance,4380000.00,3217000.00,153500.00,0,STAGE_1_PERFORMING,0.93%,1.2x,KISUMU_BR
2025-10-31,STR-LN-100090,TKN-SHA256-52F62B70,John Njoroge,ID-HASH-9246D6869F,BOSA-EMG,Emergency Medical Facility,225000.00,92000.00,8000.00,0,STAGE_1_PERFORMING,0.17%,2.5x,BOMET_BRANCH
2025-10-31,STR-LN-100091,TKN-SHA256-A52D31F0,Mercy Cheruiyot,ID-HASH-0280563199,BOSA-EMG,Emergency Medical Facility,135000.00,56000.00,4500.00,0,STAGE_1_PERFORMING,0.49%,3.3x,BOMET_BRANCH
2025-10-31,STR-LN-100092,TKN-SHA256-B1FFB457,Wesley Wanjiku,ID-HASH-0EEC07329A,AGRI-TEA,Tea & Coffee Farm Development,525000.00,145000.00,18500.00,0,STAGE_1_PERFORMING,0.27%,3.6x,MOMBASA_BR
2025-10-31,STR-LN-100093,TKN-SHA256-AED1F769,Gladys Ruto,ID-HASH-33D8ED9CCF,BOSA-EMG,Emergency Medical Facility,210000.00,121000.00,7500.00,0,STAGE_1_PERFORMING,0.46%,2.0x,KERICHO_CENTRAL
2025-10-31,STR-LN-100094,TKN-SHA256-D0F691D5,Lucy Sang,ID-HASH-1691FDD079,ASSET-FIN,Vehicle & Asset Finance,3290000.00,1618000.00,115000.00,0,STAGE_1_PERFORMING,0.32%,1.4x,KERICHO_CENTRAL
2025-10-31,STR-LN-100095,TKN-SHA256-92ECB74A,Peter Achieng,ID-HASH-C7F28F3EC3,BOSA-EMG,Emergency Medical Facility,250000.00,221000.00,9000.00,0,STAGE_1_PERFORMING,0.92%,3.2x,UPPER_HILL
2025-10-31,STR-LN-100096,TKN-SHA256-33AAC004,Dennis Cheruiyot,ID-HASH-99D1984B73,ASSET-FIN,Vehicle & Asset Finance,2485000.00,1379000.00,87000.00,162,STAGE_3_NON_PERFORMING,44.02%,1.2x,ELDORET_BR
2025-10-31,STR-LN-100097,TKN-SHA256-09A53652,Stephen Hassan,ID-HASH-82A075B989,ASSET-FIN,Vehicle & Asset Finance,3905000.00,3049000.00,136500.00,0,STAGE_1_PERFORMING,0.75%,1.3x,UPPER_HILL
2025-10-31,STR-LN-100098,TKN-SHA256-82F624E5,Emmanuel Ochieng,ID-HASH-2187F67A5D,AGRI-TEA,Tea & Coffee Farm Development,840000.00,328000.00,29500.00,0,STAGE_1_PERFORMING,0.73%,2.8x,NAKURU_BR
2025-10-31,STR-LN-100099,TKN-SHA256-3BCA093D,John Mutua,ID-HASH-3BBC6BFCE5,BOSA-EMG,Emergency Medical Facility,180000.00,71000.00,6500.00,0,STAGE_1_PERFORMING,0.34%,3.0x,HQ_NAIROBI
2025-10-31,STR-LN-100100,TKN-SHA256-82A8162B,Catherine Omondi,ID-HASH-9422F38EA4,AGRI-TEA,Tea & Coffee Farm Development,630000.00,316000.00,22000.00,0,STAGE_1_PERFORMING,0.31%,2.6x,WESTLANDS
2025-10-31,STR-LN-100101,TKN-SHA256-F6339D56,Tabitha Siele,ID-HASH-0FD8A7EF88,BOSA-NRM,Development Loan Normal,2300000.00,426000.00,80500.00,0,STAGE_1_PERFORMING,0.66%,2.8x,KERICHO_CENTRAL
2025-10-31,STR-LN-100102,TKN-SHA256-60365CF9,Geoffrey Kamau,ID-HASH-44BD212EF6,FOSA-ADV,Salary Advance 30D,125000.00,74000.00,4500.00,0,STAGE_1_PERFORMING,0.51%,1.3x,BOMET_BRANCH
2025-10-31,STR-LN-100103,TKN-SHA256-26AB7762,Peter Omondi,ID-HASH-0D9CF479B0,BOSA-EMG,Emergency Medical Facility,260000.00,207000.00,9000.00,0,STAGE_1_PERFORMING,0.51%,2.7x,WESTLANDS
2025-10-31,STR-LN-100104,TKN-SHA256-988C60FB,Jane Hassan,ID-HASH-5762F50019,MSME-WCP,Business Working Capital,1160000.00,799000.00,40500.00,0,STAGE_1_PERFORMING,0.58%,2.0x,UPPER_HILL
2025-10-31,STR-LN-100105,TKN-SHA256-7C336330,Samuel Korir,ID-HASH-0030D2D97D,AGRI-TEA,Tea & Coffee Farm Development,1060000.00,250000.00,37000.00,0,STAGE_1_PERFORMING,0.76%,3.6x,NAKURU_BR
2025-10-31,STR-LN-100106,TKN-SHA256-ECA8FD14,Gladys Kiptoo,ID-HASH-6586F580E9,BOSA-SCH,School Fees Advance,50000.00,23000.00,2000.00,15,STAGE_1_EARLY_WATCH,3.32%,3.9x,MOMBASA_BR
2025-10-31,STR-LN-100107,TKN-SHA256-2958F59A,John Cheruiyot,ID-HASH-DAAC7E70D5,BOSA-EMG,Emergency Medical Facility,135000.00,104000.00,4500.00,0,STAGE_1_PERFORMING,0.38%,2.9x,KISUMU_BR
2025-10-31,STR-LN-100108,TKN-SHA256-3D73A5B3,Grace Korir,ID-HASH-6BD28DCFA5,AGRI-TEA,Tea & Coffee Farm Development,1185000.00,290000.00,41500.00,0,STAGE_1_PERFORMING,0.69%,3.6x,KERICHO_CENTRAL
2025-10-31,STR-LN-100109,TKN-SHA256-47D41146,Stephen Kariuki,ID-HASH-7C7A958624,BOSA-SCH,School Fees Advance,235000.00,39000.00,8000.00,0,STAGE_1_PERFORMING,0.52%,4.1x,NAKURU_BR
2025-10-31,STR-LN-100110,TKN-SHA256-B1C391DC,Alice Chebet,ID-HASH-9CF9304A1A,BOSA-NRM,Development Loan Normal,3255000.00,3036000.00,114000.00,27,STAGE_1_EARLY_WATCH,2.13%,3.8x,KERICHO_CENTRAL
2025-10-31,STR-LN-100111,TKN-SHA256-30B8C03F,James Mwangi,ID-HASH-F6B4E4A864,BOSA-NRM,Development Loan Normal,2710000.00,1898000.00,95000.00,0,STAGE_1_PERFORMING,0.88%,2.5x,UPPER_HILL
2025-10-31,STR-LN-100112,TKN-SHA256-04FEF4DF,David Ruto,ID-HASH-E7F4FC82FA,BOSA-SCH,School Fees Advance,220000.00,134000.00,7500.00,0,STAGE_1_PERFORMING,0.77%,3.6x,NANDI_HILLS
2025-10-31,STR-LN-100113,TKN-SHA256-C70BA8E8,Alice Koech,ID-HASH-64CDF26502,BOSA-SCH,School Fees Advance,70000.00,18000.00,2500.00,0,STAGE_1_PERFORMING,0.24%,4.9x,NANDI_HILLS
2025-10-31,STR-LN-100114,TKN-SHA256-F1831565,Emmanuel Chebet,ID-HASH-81CF304C3C,MSME-WCP,Business Working Capital,1145000.00,1067000.00,40000.00,0,STAGE_1_PERFORMING,0.62%,2.5x,KERICHO_CENTRAL
2025-10-31,STR-LN-100115,TKN-SHA256-B1CD77ED,Mercy Ochieng,ID-HASH-B718789EE9,MSME-WCP,Business Working Capital,980000.00,755000.00,34500.00,0,STAGE_1_PERFORMING,0.68%,2.3x,MOMBASA_BR
2025-10-31,STR-LN-100116,TKN-SHA256-36813E06,Gladys Otieno,ID-HASH-06454055B2,BOSA-NRM,Development Loan Normal,2840000.00,617000.00,99500.00,0,STAGE_1_PERFORMING,0.19%,3.5x,MOMBASA_BR
2025-10-31,STR-LN-100117,TKN-SHA256-563143BB,Wesley Siele,ID-HASH-E87F40021D,FOSA-ADV,Salary Advance 30D,55000.00,12000.00,2000.00,0,STAGE_1_PERFORMING,0.46%,1.3x,NANDI_HILLS
2025-10-31,STR-LN-100118,TKN-SHA256-C2463C17,Lucy Siele,ID-HASH-E4238E143F,BOSA-EMG,Emergency Medical Facility,255000.00,131000.00,9000.00,0,STAGE_1_PERFORMING,0.61%,2.9x,NAKURU_BR
2025-10-31,STR-LN-100119,TKN-SHA256-16F4656A,Bernard Siele,ID-HASH-2D339F6C62,BOSA-NRM,Development Loan Normal,1590000.00,984000.00,55500.00,0,STAGE_1_PERFORMING,0.91%,3.5x,ELDORET_BR
2025-10-31,STR-LN-100120,TKN-SHA256-402A4C32,Philemon Otieno,ID-HASH-FB57E58E23,MSME-WCP,Business Working Capital,390000.00,65000.00,13500.00,0,STAGE_1_PERFORMING,0.63%,2.4x,KISUMU_BR
2025-10-31,STR-LN-100121,TKN-SHA256-9DFDAC81,Fatuma Njoroge,ID-HASH-FCD427D3BA,MSME-WCP,Business Working Capital,1605000.00,1158000.00,56000.00,0,STAGE_1_PERFORMING,0.42%,2.4x,MOMBASA_BR
2025-10-31,STR-LN-100122,TKN-SHA256-060BE9E3,Cosmas Mutua,ID-HASH-0A367FE388,BOSA-NRM,Development Loan Normal,1735000.00,1474000.00,60500.00,0,STAGE_1_PERFORMING,0.15%,4.0x,NANDI_HILLS
2025-10-31,STR-LN-100123,TKN-SHA256-615162EE,Beatrice Omondi,ID-HASH-3DFAD712CB,ASSET-FIN,Vehicle & Asset Finance,4030000.00,1481000.00,141000.00,0,STAGE_1_PERFORMING,0.90%,1.2x,HQ_NAIROBI
2025-10-31,STR-LN-100124,TKN-SHA256-41051290,Alice Ruto,ID-HASH-59AA1DF166,AGRI-TEA,Tea & Coffee Farm Development,960000.00,762000.00,33500.00,0,STAGE_1_PERFORMING,0.39%,2.8x,KISUMU_BR
2025-10-31,STR-LN-100125,TKN-SHA256-7F53C304,James Otieno,ID-HASH-F1EC33B25B,BOSA-SCH,School Fees Advance,175000.00,96000.00,6000.00,0,STAGE_1_PERFORMING,0.40%,3.6x,KERICHO_CENTRAL
2025-10-31,STR-LN-100126,TKN-SHA256-AE90BFF0,Jane Cheruiyot,ID-HASH-B5288394A9,AGRI-TEA,Tea & Coffee Farm Development,185000.00,37000.00,6500.00,64,STAGE_2_UNDERPERFORMING,7.84%,2.5x,BOMET_BRANCH
2025-10-31,STR-LN-100127,TKN-SHA256-F38FBF99,Stephen Kimani,ID-HASH-F943320886,BOSA-NRM,Development Loan Normal,3010000.00,2307000.00,105500.00,0,STAGE_1_PERFORMING,0.41%,2.4x,NANDI_HILLS
2025-10-31,STR-LN-100128,TKN-SHA256-4D1E68A9,Catherine Korir,ID-HASH-0E1BF60455,FOSA-ADV,Salary Advance 30D,100000.00,76000.00,3500.00,0,STAGE_1_PERFORMING,0.39%,1.1x,HQ_NAIROBI
2025-10-31,STR-LN-100129,TKN-SHA256-70061597,David Ruto,ID-HASH-7040602412,BOSA-NRM,Development Loan Normal,1850000.00,785000.00,65000.00,0,STAGE_1_PERFORMING,0.36%,2.9x,NANDI_HILLS
2025-10-31,STR-LN-100130,TKN-SHA256-A2DE1034,Bernard Koech,ID-HASH-88CAFC1485,MSME-WCP,Business Working Capital,1100000.00,198000.00,38500.00,0,STAGE_1_PERFORMING,0.19%,2.1x,ELDORET_BR
2025-10-31,STR-LN-100131,TKN-SHA256-94C5DC56,Hassan Mutua,ID-HASH-5B6F1FFE4F,BOSA-SCH,School Fees Advance,240000.00,55000.00,8500.00,0,STAGE_1_PERFORMING,0.69%,5.1x,UPPER_HILL
2025-10-31,STR-LN-100132,TKN-SHA256-07FEF142,Cosmas Rono,ID-HASH-EB59EA105B,BOSA-SCH,School Fees Advance,140000.00,92000.00,5000.00,0,STAGE_1_PERFORMING,0.24%,5.0x,HQ_NAIROBI
2025-10-31,STR-LN-100133,TKN-SHA256-B2DC44D9,Emmanuel Mutua,ID-HASH-C7FE252ED4,FOSA-ADV,Salary Advance 30D,65000.00,44000.00,2500.00,0,STAGE_1_PERFORMING,0.28%,1.5x,ELDORET_BR
2025-10-31,STR-LN-100134,TKN-SHA256-A1C9A9F0,Emmanuel Siele,ID-HASH-DCD0A5933B,BOSA-SCH,School Fees Advance,160000.00,134000.00,5500.00,0,STAGE_1_PERFORMING,0.67%,4.5x,UPPER_HILL
2025-10-31,STR-LN-100135,TKN-SHA256-AD38D36D,Hassan Kimani,ID-HASH-618FF4509B,ASSET-FIN,Vehicle & Asset Finance,4770000.00,2734000.00,167000.00,0,STAGE_1_PERFORMING,0.29%,1.2x,KISUMU_BR
2025-10-31,STR-LN-100136,TKN-SHA256-0AA7578B,Cosmas Sang,ID-HASH-9433537BCC,ASSET-FIN,Vehicle & Asset Finance,4800000.00,2324000.00,168000.00,0,STAGE_1_PERFORMING,0.73%,1.2x,KERICHO_CENTRAL
2025-10-31,STR-LN-100137,TKN-SHA256-B4E57D81,Alice Kamau,ID-HASH-1993096C28,FOSA-ADV,Salary Advance 30D,130000.00,85000.00,4500.00,0,STAGE_1_PERFORMING,0.21%,1.2x,ELDORET_BR
2025-10-31,STR-LN-100138,TKN-SHA256-8B9C272B,Hassan Ochieng,ID-HASH-0F3ACE2131,BOSA-SCH,School Fees Advance,115000.00,62000.00,4000.00,22,STAGE_1_EARLY_WATCH,2.77%,3.1x,NAKURU_BR
2025-10-31,STR-LN-100139,TKN-SHA256-7CA692EA,David Ruto,ID-HASH-B426CB5534,FOSA-ADV,Salary Advance 30D,115000.00,40000.00,4000.00,0,STAGE_1_PERFORMING,0.58%,1.1x,NAKURU_BR
2025-10-31,STR-LN-100140,TKN-SHA256-236858CB,James Ali,ID-HASH-A6C241C1AB,BOSA-EMG,Emergency Medical Facility,105000.00,31000.00,3500.00,8,STAGE_1_EARLY_WATCH,1.85%,2.5x,WESTLANDS
2025-10-31,STR-LN-100141,TKN-SHA256-7284846A,Beatrice Mwangi,ID-HASH-679395DA82,MSME-WCP,Business Working Capital,455000.00,283000.00,16000.00,0,STAGE_1_PERFORMING,0.40%,1.6x,KISUMU_BR
2025-10-31,STR-LN-100142,TKN-SHA256-4A3D7959,John Cheruiyot,ID-HASH-087F215FB7,MSME-WCP,Business Working Capital,1250000.00,429000.00,44000.00,0,STAGE_1_PERFORMING,0.58%,1.9x,HQ_NAIROBI
2025-10-31,STR-LN-100143,TKN-SHA256-ACBAF476,Kiprono Kamau,ID-HASH-EF956D3727,BOSA-EMG,Emergency Medical Facility,270000.00,76000.00,9500.00,0,STAGE_1_PERFORMING,0.68%,2.2x,MOMBASA_BR
2025-10-31,STR-LN-100144,TKN-SHA256-363CBB8D,Grace Wanjiku,ID-HASH-FF09A2C457,ASSET-FIN,Vehicle & Asset Finance,4320000.00,716000.00,151000.00,0,STAGE_1_PERFORMING,0.49%,1.6x,BOMET_BRANCH
2025-10-31,STR-LN-100145,TKN-SHA256-D22A3657,Peter Mutua,ID-HASH-4000C9E694,MSME-WCP,Business Working Capital,690000.00,311000.00,24000.00,0,STAGE_1_PERFORMING,0.29%,2.4x,NANDI_HILLS
2025-10-31,STR-LN-100146,TKN-SHA256-297BC037,Gladys Langat,ID-HASH-A4681977C2,ASSET-FIN,Vehicle & Asset Finance,3975000.00,856000.00,139000.00,0,STAGE_1_PERFORMING,0.40%,1.5x,MOMBASA_BR
2025-10-31,STR-LN-100147,TKN-SHA256-793B1EFC,Cosmas Omondi,ID-HASH-65D10FC6F4,BOSA-NRM,Development Loan Normal,890000.00,458000.00,31000.00,0,STAGE_1_PERFORMING,0.74%,4.1x,NAKURU_BR
2025-10-31,STR-LN-100148,TKN-SHA256-7D2DC4E2,Dennis Ochieng,ID-HASH-6CA334764C,FOSA-ADV,Salary Advance 30D,85000.00,63000.00,3000.00,1,STAGE_1_EARLY_WATCH,3.47%,1.1x,WESTLANDS
2025-10-31,STR-LN-100149,TKN-SHA256-DC1C27F5,Beatrice Kimani,ID-HASH-4C3E9221E8,ASSET-FIN,Vehicle & Asset Finance,3845000.00,740000.00,134500.00,0,STAGE_1_PERFORMING,0.86%,1.4x,NANDI_HILLS
2025-10-31,STR-LN-100150,TKN-SHA256-E24E3128,Jane Siele,ID-HASH-A47EECC8ED,AGRI-TEA,Tea & Coffee Farm Development,925000.00,421000.00,32500.00,0,STAGE_1_PERFORMING,0.42%,2.7x,KISUMU_BR
2025-10-31,STR-LN-100151,TKN-SHA256-EBB68106,Mercy Koech,ID-HASH-9AE2A0BFFE,FOSA-ADV,Salary Advance 30D,135000.00,54000.00,4500.00,0,STAGE_1_PERFORMING,0.35%,0.9x,MOMBASA_BR
2025-10-31,STR-LN-100152,TKN-SHA256-96E573A2,Kiprono Langat,ID-HASH-98797EEABE,MSME-WCP,Business Working Capital,950000.00,609000.00,33000.00,0,STAGE_1_PERFORMING,0.25%,1.6x,KERICHO_CENTRAL
2025-10-31,STR-LN-100153,TKN-SHA256-1F92BE64,Peter Otieno,ID-HASH-EE4EE32765,MSME-WCP,Business Working Capital,1295000.00,726000.00,45500.00,0,STAGE_1_PERFORMING,0.70%,2.1x,WESTLANDS
2025-10-31,STR-LN-100154,TKN-SHA256-7373D533,Gladys Gitonga,ID-HASH-B7F4266459,BOSA-EMG,Emergency Medical Facility,230000.00,143000.00,8000.00,27,STAGE_1_EARLY_WATCH,3.93%,2.7x,KERICHO_CENTRAL
2025-10-31,STR-LN-100155,TKN-SHA256-8C335D91,Philemon Njoroge,ID-HASH-B073F5797D,BOSA-EMG,Emergency Medical Facility,150000.00,114000.00,5500.00,0,STAGE_1_PERFORMING,0.26%,2.0x,UPPER_HILL
2025-10-31,STR-LN-100156,TKN-SHA256-47B170D7,Mary Langat,ID-HASH-3D01DEF336,BOSA-NRM,Development Loan Normal,1550000.00,485000.00,54500.00,0,STAGE_1_PERFORMING,0.68%,3.3x,UPPER_HILL
2025-10-31,STR-LN-100157,TKN-SHA256-4704C508,Gladys Wanjiku,ID-HASH-844772773D,MSME-WCP,Business Working Capital,1010000.00,891000.00,35500.00,0,STAGE_1_PERFORMING,0.43%,2.5x,UPPER_HILL
2025-10-31,STR-LN-100158,TKN-SHA256-5B593563,Fatuma Gitonga,ID-HASH-BF6C4F9761,AGRI-TEA,Tea & Coffee Farm Development,765000.00,366000.00,27000.00,0,STAGE_1_PERFORMING,0.38%,3.7x,MOMBASA_BR
2025-10-31,STR-LN-100159,TKN-SHA256-B47AE1C9,Peter Ruto,ID-HASH-2F99F2F081,BOSA-EMG,Emergency Medical Facility,225000.00,66000.00,8000.00,0,STAGE_1_PERFORMING,0.76%,2.4x,WESTLANDS
2025-10-31,STR-LN-100160,TKN-SHA256-038F47E0,Hassan Ali,ID-HASH-F2BC053784,BOSA-EMG,Emergency Medical Facility,160000.00,88000.00,5500.00,0,STAGE_1_PERFORMING,0.32%,2.7x,HQ_NAIROBI
2025-10-31,STR-LN-100161,TKN-SHA256-6C1DAFB1,Dennis Sang,ID-HASH-2DB58ACF80,ASSET-FIN,Vehicle & Asset Finance,4725000.00,2635000.00,165500.00,0,STAGE_1_PERFORMING,0.29%,1.9x,WESTLANDS
2025-10-31,STR-LN-100162,TKN-SHA256-8FF1EA8D,Bernard Kariuki,ID-HASH-75D04E5ACB,FOSA-ADV,Salary Advance 30D,50000.00,24000.00,2000.00,0,STAGE_1_PERFORMING,0.93%,1.2x,NAKURU_BR
2025-10-31,STR-LN-100163,TKN-SHA256-A7B1AA1C,Beatrice Sang,ID-HASH-B6E5EDEBE3,BOSA-NRM,Development Loan Normal,2290000.00,664000.00,80000.00,0,STAGE_1_PERFORMING,0.90%,3.3x,UPPER_HILL
2025-10-31,STR-LN-100164,TKN-SHA256-5F144991,Lucy Korir,ID-HASH-819462B471,FOSA-ADV,Salary Advance 30D,70000.00,60000.00,2500.00,26,STAGE_1_EARLY_WATCH,2.07%,1.0x,MOMBASA_BR
2025-10-31,STR-LN-100165,TKN-SHA256-D4BC7F23,Kiprono Kiptoo,ID-HASH-B84203473C,AGRI-TEA,Tea & Coffee Farm Development,655000.00,259000.00,23000.00,0,STAGE_1_PERFORMING,0.56%,2.3x,KERICHO_CENTRAL
2025-10-31,STR-LN-100166,TKN-SHA256-5B8A7C65,Philemon Bett,ID-HASH-C6C827EC5C,BOSA-NRM,Development Loan Normal,2680000.00,1603000.00,94000.00,57,STAGE_2_UNDERPERFORMING,5.62%,2.8x,MOMBASA_BR
2025-10-31,STR-LN-100167,TKN-SHA256-4D02FCA3,Gladys Hassan,ID-HASH-3961E410B3,BOSA-SCH,School Fees Advance,110000.00,34000.00,4000.00,55,STAGE_2_UNDERPERFORMING,7.97%,3.7x,NANDI_HILLS
2025-10-31,STR-LN-100168,TKN-SHA256-B2E841FB,Hassan Otieno,ID-HASH-FE8018445D,BOSA-EMG,Emergency Medical Facility,80000.00,19000.00,3000.00,0,STAGE_1_PERFORMING,0.30%,2.3x,MOMBASA_BR
2025-10-31,STR-LN-100169,TKN-SHA256-1D330D08,John Omondi,ID-HASH-DBDD594DE2,FOSA-ADV,Salary Advance 30D,105000.00,31000.00,3500.00,0,STAGE_1_PERFORMING,0.59%,1.3x,NANDI_HILLS
2025-10-31,STR-LN-100170,TKN-SHA256-0354B08B,Tabitha Rono,ID-HASH-8D659A0E5F,MSME-WCP,Business Working Capital,1280000.00,257000.00,45000.00,131,STAGE_3_NON_PERFORMING,40.09%,2.2x,KERICHO_CENTRAL
2025-10-31,STR-LN-100171,TKN-SHA256-15521CA0,Dennis Wambui,ID-HASH-62A0D963C3,FOSA-ADV,Salary Advance 30D,140000.00,128000.00,5000.00,0,STAGE_1_PERFORMING,0.88%,0.9x,MOMBASA_BR
2025-10-31,STR-LN-100172,TKN-SHA256-3DBFA95D,John Kimani,ID-HASH-B70CFDCD43,FOSA-ADV,Salary Advance 30D,70000.00,51000.00,2500.00,0,STAGE_1_PERFORMING,0.50%,1.1x,NAKURU_BR
2025-10-31,STR-LN-100173,TKN-SHA256-7E25417D,Gladys Ali,ID-HASH-A1B75E2BB1,BOSA-NRM,Development Loan Normal,2090000.00,1744000.00,73000.00,0,STAGE_1_PERFORMING,0.52%,2.5x,UPPER_HILL
2025-10-31,STR-LN-100174,TKN-SHA256-A2BE8629,Tabitha Chebet,ID-HASH-AEE7873545,BOSA-NRM,Development Loan Normal,1130000.00,752000.00,39500.00,0,STAGE_1_PERFORMING,0.80%,4.2x,NAKURU_BR
2025-10-31,STR-LN-100175,TKN-SHA256-E52C0BE0,Cosmas Kiptoo,ID-HASH-3A4B616D5F,BOSA-SCH,School Fees Advance,110000.00,88000.00,4000.00,0,STAGE_1_PERFORMING,0.60%,3.6x,BOMET_BRANCH
2025-10-31,STR-LN-100176,TKN-SHA256-8E108E52,Mercy Ruto,ID-HASH-18E16087C6,BOSA-SCH,School Fees Advance,180000.00,128000.00,6500.00,0,STAGE_1_PERFORMING,0.44%,3.1x,ELDORET_BR
2025-10-31,STR-LN-100177,TKN-SHA256-75379C3C,Jane Cheruiyot,ID-HASH-F2A19792D9,BOSA-SCH,School Fees Advance,160000.00,143000.00,5500.00,174,STAGE_3_NON_PERFORMING,42.46%,4.2x,WESTLANDS
2025-10-31,STR-LN-100178,TKN-SHA256-300B509B,Peter Kamau,ID-HASH-B02B5B934B,AGRI-TEA,Tea & Coffee Farm Development,610000.00,441000.00,21500.00,0,STAGE_1_PERFORMING,0.78%,2.5x,UPPER_HILL
2025-10-31,STR-LN-100179,TKN-SHA256-E85D3A13,Kiprono Bett,ID-HASH-958C824E1A,FOSA-ADV,Salary Advance 30D,50000.00,21000.00,2000.00,0,STAGE_1_PERFORMING,0.70%,1.0x,NAKURU_BR
2025-10-31,STR-LN-100180,TKN-SHA256-3F6A89D4,Jane Korir,ID-HASH-B9FE40ADBE,FOSA-ADV,Salary Advance 30D,80000.00,65000.00,3000.00,0,STAGE_1_PERFORMING,0.66%,1.2x,MOMBASA_BR
2025-10-31,STR-LN-100181,TKN-SHA256-7EA1FA6F,Kiprono Siele,ID-HASH-15E243E12B,ASSET-FIN,Vehicle & Asset Finance,3370000.00,1047000.00,118000.00,0,STAGE_1_PERFORMING,0.63%,1.3x,KERICHO_CENTRAL
2025-10-31,STR-LN-100182,TKN-SHA256-BD605787,David Gitonga,ID-HASH-1E196EAE44,ASSET-FIN,Vehicle & Asset Finance,4065000.00,2027000.00,142500.00,0,STAGE_1_PERFORMING,0.37%,1.3x,ELDORET_BR
2025-10-31,STR-LN-100183,TKN-SHA256-3268A7D4,Stephen Hassan,ID-HASH-FAB37D82F4,MSME-WCP,Business Working Capital,885000.00,538000.00,31000.00,0,STAGE_1_PERFORMING,0.53%,2.6x,WESTLANDS
2025-10-31,STR-LN-100184,TKN-SHA256-FB0F43EB,Beatrice Omondi,ID-HASH-DB21C389D6,BOSA-SCH,School Fees Advance,95000.00,79000.00,3500.00,9,STAGE_1_EARLY_WATCH,3.57%,4.7x,ELDORET_BR
2025-10-31,STR-LN-100185,TKN-SHA256-78462D57,Emmanuel Siele,ID-HASH-C482CAF74D,ASSET-FIN,Vehicle & Asset Finance,4185000.00,844000.00,146500.00,0,STAGE_1_PERFORMING,0.44%,2.0x,ELDORET_BR
2025-10-31,STR-LN-100186,TKN-SHA256-80E0BE43,Stephen Sang,ID-HASH-E28F89C5EF,FOSA-ADV,Salary Advance 30D,80000.00,26000.00,3000.00,0,STAGE_1_PERFORMING,0.37%,1.0x,HQ_NAIROBI
2025-10-31,STR-LN-100187,TKN-SHA256-AD6DEE63,Emmanuel Korir,ID-HASH-B8F7B74490,BOSA-NRM,Development Loan Normal,3045000.00,2300000.00,106500.00,0,STAGE_1_PERFORMING,0.44%,2.4x,ELDORET_BR
2025-10-31,STR-LN-100188,TKN-SHA256-39E0EBF9,Grace Mutua,ID-HASH-3B9B1338DA,AGRI-TEA,Tea & Coffee Farm Development,490000.00,289000.00,17000.00,0,STAGE_1_PERFORMING,0.43%,3.1x,NANDI_HILLS
2025-10-31,STR-LN-100189,TKN-SHA256-FC71B285,Samuel Kimani,ID-HASH-50DCBAA6EF,MSME-WCP,Business Working Capital,385000.00,349000.00,13500.00,57,STAGE_2_UNDERPERFORMING,12.81%,1.7x,UPPER_HILL
2025-10-31,STR-LN-100190,TKN-SHA256-E7754179,Catherine Langat,ID-HASH-1C3D72B3A3,MSME-WCP,Business Working Capital,665000.00,616000.00,23500.00,0,STAGE_1_PERFORMING,0.22%,2.0x,KISUMU_BR
2025-10-31,STR-LN-100191,TKN-SHA256-CC542D84,Catherine Njoroge,ID-HASH-9D9B39AD1B,BOSA-EMG,Emergency Medical Facility,280000.00,182000.00,10000.00,0,STAGE_1_PERFORMING,0.68%,2.4x,KERICHO_CENTRAL
2025-10-31,STR-LN-100192,TKN-SHA256-113D0F45,Mercy Korir,ID-HASH-41C361253B,MSME-WCP,Business Working Capital,1030000.00,473000.00,36000.00,0,STAGE_1_PERFORMING,0.57%,1.6x,BOMET_BRANCH
2025-10-31,STR-LN-100193,TKN-SHA256-BF739DD0,Tabitha Bett,ID-HASH-C6C67E6DA8,MSME-WCP,Business Working Capital,365000.00,161000.00,13000.00,0,STAGE_1_PERFORMING,0.49%,1.8x,NAKURU_BR
2025-10-31,STR-LN-100194,TKN-SHA256-30E09D61,Bernard Rono,ID-HASH-10F24BF30A,MSME-WCP,Business Working Capital,1075000.00,428000.00,37500.00,0,STAGE_1_PERFORMING,0.57%,2.0x,ELDORET_BR
2025-10-31,STR-LN-100195,TKN-SHA256-801A091F,Lucy Wambui,ID-HASH-E8489D92B6,BOSA-SCH,School Fees Advance,165000.00,84000.00,6000.00,0,STAGE_1_PERFORMING,0.24%,4.4x,HQ_NAIROBI
2025-10-31,STR-LN-100196,TKN-SHA256-8EB79FB3,Dennis Kimani,ID-HASH-383C032DA7,ASSET-FIN,Vehicle & Asset Finance,3030000.00,1985000.00,106000.00,0,STAGE_1_PERFORMING,0.21%,1.2x,UPPER_HILL
2025-10-31,STR-LN-100197,TKN-SHA256-46081E74,Beatrice Ochieng,ID-HASH-797EC0051C,BOSA-NRM,Development Loan Normal,1675000.00,1324000.00,58500.00,0,STAGE_1_PERFORMING,0.80%,2.6x,ELDORET_BR
2025-10-31,STR-LN-100198,TKN-SHA256-73EF6DDE,Hassan Omondi,ID-HASH-098773567C,AGRI-TEA,Tea & Coffee Farm Development,965000.00,602000.00,34000.00,0,STAGE_1_PERFORMING,0.28%,2.6x,UPPER_HILL
2025-10-31,STR-LN-100199,TKN-SHA256-9BA4C9E2,Jane Cheruiyot,ID-HASH-29FA14DAA0,MSME-WCP,Business Working Capital,345000.00,293000.00,12000.00,0,STAGE_1_PERFORMING,0.53%,2.0x,MOMBASA_BR
2025-10-31,STR-LN-100200,TKN-SHA256-C7F62DF7,John Mutua,ID-HASH-F01C11ACEE,ASSET-FIN,Vehicle & Asset Finance,2100000.00,1146000.00,73500.00,0,STAGE_1_PERFORMING,0.16%,1.3x,ELDORET_BR
2025-10-31,STR-LN-100201,TKN-SHA256-31B32440,Mary Omondi,ID-HASH-9C2B8E8062,AGRI-TEA,Tea & Coffee Farm Development,1080000.00,369000.00,38000.00,0,STAGE_1_PERFORMING,0.92%,2.8x,ELDORET_BR
2025-10-31,STR-LN-100202,TKN-SHA256-00800493,Grace Ochieng,ID-HASH-AEBCEFA60E,MSME-WCP,Business Working Capital,280000.00,138000.00,10000.00,6,STAGE_1_EARLY_WATCH,2.06%,2.2x,WESTLANDS
2025-10-31,STR-LN-100203,TKN-SHA256-211F88F9,Tabitha Gitonga,ID-HASH-458864F420,BOSA-NRM,Development Loan Normal,1825000.00,541000.00,64000.00,0,STAGE_1_PERFORMING,0.67%,2.8x,ELDORET_BR
2025-10-31,STR-LN-100204,TKN-SHA256-88A7B26C,James Otieno,ID-HASH-6722A723C2,FOSA-ADV,Salary Advance 30D,115000.00,99000.00,4000.00,0,STAGE_1_PERFORMING,0.57%,1.3x,BOMET_BRANCH
2025-10-31,STR-LN-100205,TKN-SHA256-B624BCFD,Jane Chebet,ID-HASH-0791B1B6D2,BOSA-NRM,Development Loan Normal,3465000.00,1054000.00,121500.00,0,STAGE_1_PERFORMING,0.43%,2.6x,KERICHO_CENTRAL
2025-10-31,STR-LN-100206,TKN-SHA256-89A12A27,Stephen Njoroge,ID-HASH-2EABAAC2DB,AGRI-TEA,Tea & Coffee Farm Development,520000.00,441000.00,18000.00,0,STAGE_1_PERFORMING,0.77%,3.6x,WESTLANDS
2025-10-31,STR-LN-100207,TKN-SHA256-631089A0,Geoffrey Langat,ID-HASH-501898E9DD,FOSA-ADV,Salary Advance 30D,20000.00,8000.00,500.00,0,STAGE_1_PERFORMING,0.63%,1.0x,NAKURU_BR
2025-10-31,STR-LN-100208,TKN-SHA256-7B136295,Bernard Ali,ID-HASH-CFBF9EDC07,BOSA-SCH,School Fees Advance,90000.00,52000.00,3000.00,0,STAGE_1_PERFORMING,0.58%,3.3x,BOMET_BRANCH
2025-10-31,STR-LN-100209,TKN-SHA256-60D324F4,Mercy Rono,ID-HASH-A2B06078B9,ASSET-FIN,Vehicle & Asset Finance,4560000.00,4091000.00,159500.00,0,STAGE_1_PERFORMING,0.23%,1.9x,NANDI_HILLS
2025-10-31,STR-LN-100210,TKN-SHA256-72A893AE,Cosmas Njoroge,ID-HASH-C384756F96,BOSA-NRM,Development Loan Normal,1195000.00,424000.00,42000.00,23,STAGE_1_EARLY_WATCH,1.25%,3.0x,UPPER_HILL
2025-10-31,STR-LN-100211,TKN-SHA256-647D0252,Emmanuel Mwangi,ID-HASH-053BB52FB3,MSME-WCP,Business Working Capital,1030000.00,615000.00,36000.00,0,STAGE_1_PERFORMING,0.62%,2.4x,ELDORET_BR
2025-10-31,STR-LN-100212,TKN-SHA256-FBA9E6E6,Bernard Kariuki,ID-HASH-56C722C211,MSME-WCP,Business Working Capital,1305000.00,1047000.00,45500.00,0,STAGE_1_PERFORMING,0.51%,1.8x,BOMET_BRANCH
2025-10-31,STR-LN-100213,TKN-SHA256-25F7F79D,Bernard Mutua,ID-HASH-0124D5B040,ASSET-FIN,Vehicle & Asset Finance,2880000.00,2086000.00,101000.00,0,STAGE_1_PERFORMING,0.53%,1.6x,ELDORET_BR
2025-10-31,STR-LN-100214,TKN-SHA256-2D1DC30C,John Rono,ID-HASH-A37FF9DB14,MSME-WCP,Business Working Capital,745000.00,268000.00,26000.00,0,STAGE_1_PERFORMING,0.40%,2.1x,NAKURU_BR
2025-10-31,STR-LN-100215,TKN-SHA256-886DBFE9,Samuel Cheruiyot,ID-HASH-411992015E,BOSA-EMG,Emergency Medical Facility,180000.00,127000.00,6500.00,0,STAGE_1_PERFORMING,0.64%,2.9x,NANDI_HILLS
2025-10-31,STR-LN-100216,TKN-SHA256-CE23AC47,Cosmas Langat,ID-HASH-8AF914034B,BOSA-NRM,Development Loan Normal,1430000.00,902000.00,50000.00,0,STAGE_1_PERFORMING,0.42%,3.8x,UPPER_HILL
2025-10-31,STR-LN-100217,TKN-SHA256-A3AA3CA0,Peter Achieng,ID-HASH-A8ED117A5C,FOSA-ADV,Salary Advance 30D,140000.00,47000.00,5000.00,0,STAGE_1_PERFORMING,0.91%,1.0x,KERICHO_CENTRAL
2025-10-31,STR-LN-100218,TKN-SHA256-43E637D4,Philemon Achieng,ID-HASH-06B247FFDE,ASSET-FIN,Vehicle & Asset Finance,3285000.00,1601000.00,115000.00,0,STAGE_1_PERFORMING,0.87%,1.1x,MOMBASA_BR
2025-10-31,STR-LN-100219,TKN-SHA256-FA62119B,Stephen Wanjiku,ID-HASH-C2575CFF13,MSME-WCP,Business Working Capital,1675000.00,322000.00,58500.00,0,STAGE_1_PERFORMING,0.18%,2.6x,BOMET_BRANCH
2025-10-31,STR-LN-100220,TKN-SHA256-939E6979,Philemon Kamau,ID-HASH-B6555203A3,BOSA-EMG,Emergency Medical Facility,250000.00,135000.00,9000.00,0,STAGE_1_PERFORMING,0.22%,3.2x,NANDI_HILLS
2025-10-31,STR-LN-100221,TKN-SHA256-E690FDB1,Grace Kamau,ID-HASH-2BD5EADB50,BOSA-SCH,School Fees Advance,60000.00,15000.00,2000.00,0,STAGE_1_PERFORMING,0.93%,3.7x,UPPER_HILL
2025-10-31,STR-LN-100222,TKN-SHA256-1ECD59FC,Lucy Bett,ID-HASH-74672A28EB,MSME-WCP,Business Working Capital,860000.00,320000.00,30000.00,73,STAGE_2_UNDERPERFORMING,12.19%,1.7x,NAKURU_BR
2025-10-31,STR-LN-100223,TKN-SHA256-807FA9B4,Alice Mutua,ID-HASH-6C2B986649,MSME-WCP,Business Working Capital,845000.00,439000.00,29500.00,0,STAGE_1_PERFORMING,0.83%,2.1x,UPPER_HILL
2025-10-31,STR-LN-100224,TKN-SHA256-785F4B44,Kiprono Mutua,ID-HASH-743D210D6C,FOSA-ADV,Salary Advance 30D,45000.00,12000.00,1500.00,0,STAGE_1_PERFORMING,0.35%,1.5x,HQ_NAIROBI
2025-10-31,STR-LN-100225,TKN-SHA256-815ACBF8,Alice Njoroge,ID-HASH-C0E0EC38E8,AGRI-TEA,Tea & Coffee Farm Development,535000.00,454000.00,18500.00,32,STAGE_2_UNDERPERFORMING,11.91%,2.2x,UPPER_HILL
2025-10-31,STR-LN-100226,TKN-SHA256-12331E1F,Gladys Ruto,ID-HASH-ACB8814CA5,MSME-WCP,Business Working Capital,1275000.00,1110000.00,44500.00,0,STAGE_1_PERFORMING,0.53%,2.2x,UPPER_HILL
2025-10-31,STR-LN-100227,TKN-SHA256-3A65903B,Emmanuel Mwangi,ID-HASH-796D7CC26A,BOSA-EMG,Emergency Medical Facility,260000.00,158000.00,9000.00,0,STAGE_1_PERFORMING,0.28%,3.2x,NANDI_HILLS
2025-10-31,STR-LN-100228,TKN-SHA256-51FF3BB3,Tabitha Sang,ID-HASH-084D54E29E,AGRI-TEA,Tea & Coffee Farm Development,320000.00,159000.00,11000.00,0,STAGE_1_PERFORMING,0.70%,3.2x,UPPER_HILL
2025-10-31,STR-LN-100229,TKN-SHA256-A0ACBF70,Peter Langat,ID-HASH-7AEAB897D8,BOSA-EMG,Emergency Medical Facility,280000.00,158000.00,10000.00,0,STAGE_1_PERFORMING,0.50%,2.1x,KERICHO_CENTRAL
2025-10-31,STR-LN-100230,TKN-SHA256-CE10DA6D,James Gitonga,ID-HASH-796A758EAF,AGRI-TEA,Tea & Coffee Farm Development,1120000.00,1004000.00,39000.00,0,STAGE_1_PERFORMING,0.23%,2.5x,KISUMU_BR
2025-10-31,STR-LN-100231,TKN-SHA256-146F250F,Jane Koech,ID-HASH-DD0349B60C,BOSA-SCH,School Fees Advance,65000.00,24000.00,2500.00,70,STAGE_2_UNDERPERFORMING,10.03%,4.4x,BOMET_BRANCH
2025-10-31,STR-LN-100232,TKN-SHA256-4803183E,Beatrice Kamau,ID-HASH-1F99389506,ASSET-FIN,Vehicle & Asset Finance,1410000.00,1217000.00,49500.00,58,STAGE_2_UNDERPERFORMING,12.58%,1.4x,KISUMU_BR
2025-10-31,STR-LN-100233,TKN-SHA256-C0ADBB20,Fatuma Cheruiyot,ID-HASH-0137F14273,BOSA-SCH,School Fees Advance,250000.00,49000.00,9000.00,20,STAGE_1_EARLY_WATCH,1.28%,3.2x,BOMET_BRANCH
2025-10-31,STR-LN-100234,TKN-SHA256-BA771E54,Mary Korir,ID-HASH-092B910240,BOSA-NRM,Development Loan Normal,3120000.00,1911000.00,109000.00,0,STAGE_1_PERFORMING,0.34%,3.8x,KISUMU_BR
2025-10-31,STR-LN-100235,TKN-SHA256-D074CAEE,Philemon Kimani,ID-HASH-2DB27C3CEA,MSME-WCP,Business Working Capital,365000.00,277000.00,13000.00,0,STAGE_1_PERFORMING,0.18%,2.2x,WESTLANDS
2025-10-31,STR-LN-100236,TKN-SHA256-148411E4,Cosmas Ruto,ID-HASH-41DF6CF819,FOSA-ADV,Salary Advance 30D,35000.00,32000.00,1000.00,23,STAGE_1_EARLY_WATCH,1.89%,1.2x,ELDORET_BR
2025-10-31,STR-LN-100237,TKN-SHA256-1915EE44,David Kariuki,ID-HASH-4EF626477F,AGRI-TEA,Tea & Coffee Farm Development,625000.00,573000.00,22000.00,0,STAGE_1_PERFORMING,0.23%,2.3x,NANDI_HILLS
2025-10-31,STR-LN-100238,TKN-SHA256-EA91EFAA,James Sang,ID-HASH-F5099A0B94,AGRI-TEA,Tea & Coffee Farm Development,1135000.00,888000.00,39500.00,0,STAGE_1_PERFORMING,0.38%,2.9x,ELDORET_BR
2025-10-31,STR-LN-100239,TKN-SHA256-A8F35D18,Lucy Bett,ID-HASH-976EDBC41B,BOSA-NRM,Development Loan Normal,580000.00,287000.00,20500.00,0,STAGE_1_PERFORMING,0.83%,2.6x,KERICHO_CENTRAL
2025-10-31,STR-LN-100240,TKN-SHA256-D8A95E76,Cosmas Otieno,ID-HASH-7D52A98784,ASSET-FIN,Vehicle & Asset Finance,3455000.00,2963000.00,121000.00,0,STAGE_1_PERFORMING,0.79%,1.4x,BOMET_BRANCH
2025-10-31,STR-LN-100241,TKN-SHA256-D4D10D05,James Otieno,ID-HASH-9D2D34EFFE,BOSA-EMG,Emergency Medical Facility,185000.00,74000.00,6500.00,0,STAGE_1_PERFORMING,0.40%,3.3x,KERICHO_CENTRAL
2025-10-31,STR-LN-100242,TKN-SHA256-8E86F3CF,Tabitha Korir,ID-HASH-7C1AF16ABD,ASSET-FIN,Vehicle & Asset Finance,1885000.00,1022000.00,66000.00,0,STAGE_1_PERFORMING,0.17%,1.7x,UPPER_HILL
2025-10-31,STR-LN-100243,TKN-SHA256-05E04FED,Mercy Kamau,ID-HASH-C3A7BB32EB,BOSA-EMG,Emergency Medical Facility,280000.00,259000.00,10000.00,44,STAGE_2_UNDERPERFORMING,10.32%,1.9x,NAKURU_BR
2025-10-31,STR-LN-100244,TKN-SHA256-2CC812A7,Mary Rono,ID-HASH-07470BBABC,ASSET-FIN,Vehicle & Asset Finance,4750000.00,4023000.00,166500.00,0,STAGE_1_PERFORMING,0.22%,1.7x,MOMBASA_BR
2025-10-31,STR-LN-100245,TKN-SHA256-E181F20D,Emmanuel Sang,ID-HASH-F217BA1773,AGRI-TEA,Tea & Coffee Farm Development,1165000.00,943000.00,41000.00,0,STAGE_1_PERFORMING,0.70%,3.3x,MOMBASA_BR
2025-10-31,STR-LN-100246,TKN-SHA256-46A0E316,Hassan Ruto,ID-HASH-E44FC0CCC4,AGRI-TEA,Tea & Coffee Farm Development,1100000.00,392000.00,38500.00,0,STAGE_1_PERFORMING,0.33%,2.2x,ELDORET_BR
2025-10-31,STR-LN-100247,TKN-SHA256-D3F61688,Geoffrey Kamau,ID-HASH-DBBE2799F5,BOSA-SCH,School Fees Advance,135000.00,127000.00,4500.00,0,STAGE_1_PERFORMING,0.45%,4.9x,MOMBASA_BR
2025-10-31,STR-LN-100248,TKN-SHA256-8F94164B,Jane Kiptoo,ID-HASH-F5DC2DC2A8,BOSA-SCH,School Fees Advance,215000.00,118000.00,7500.00,0,STAGE_1_PERFORMING,0.78%,5.0x,BOMET_BRANCH
2025-10-31,STR-LN-100249,TKN-SHA256-F8009CF4,Mary Omondi,ID-HASH-C5421B6EB1,BOSA-EMG,Emergency Medical Facility,95000.00,69000.00,3500.00,0,STAGE_1_PERFORMING,0.32%,2.8x,BOMET_BRANCH
2025-10-31,STR-LN-100250,TKN-SHA256-95A9B037,Mercy Korir,ID-HASH-EC6395584E,AGRI-TEA,Tea & Coffee Farm Development,595000.00,504000.00,21000.00,4,STAGE_1_EARLY_WATCH,1.44%,3.6x,BOMET_BRANCH
2025-10-31,STR-LN-100251,TKN-SHA256-1F538898,Peter Ali,ID-HASH-F2A27208EB,ASSET-FIN,Vehicle & Asset Finance,4305000.00,3273000.00,150500.00,0,STAGE_1_PERFORMING,0.56%,2.0x,NANDI_HILLS
2025-10-31,STR-LN-100252,TKN-SHA256-7BCCB522,Beatrice Kimani,ID-HASH-6878F12FE6,BOSA-EMG,Emergency Medical Facility,150000.00,106000.00,5500.00,0,STAGE_1_PERFORMING,0.43%,2.1x,NANDI_HILLS
2025-10-31,STR-LN-100253,TKN-SHA256-79E1AD14,Wesley Kiptoo,ID-HASH-1D5891964F,MSME-WCP,Business Working Capital,1635000.00,1187000.00,57000.00,0,STAGE_1_PERFORMING,0.44%,2.6x,NANDI_HILLS
2025-10-31,STR-LN-100254,TKN-SHA256-C0114D09,Wesley Kamau,ID-HASH-C1C20DD06E,BOSA-NRM,Development Loan Normal,2870000.00,1553000.00,100500.00,0,STAGE_1_PERFORMING,0.82%,4.1x,ELDORET_BR
2025-10-31,STR-LN-100255,TKN-SHA256-F2B863C4,Jane Chebet,ID-HASH-29EF81668F,ASSET-FIN,Vehicle & Asset Finance,1700000.00,626000.00,59500.00,0,STAGE_1_PERFORMING,0.53%,1.7x,UPPER_HILL
2025-10-31,STR-LN-100256,TKN-SHA256-8C910344,Alice Kariuki,ID-HASH-A38BD00901,MSME-WCP,Business Working Capital,895000.00,244000.00,31500.00,0,STAGE_1_PERFORMING,0.69%,1.9x,ELDORET_BR
2025-10-31,STR-LN-100257,TKN-SHA256-B956314A,Hassan Kariuki,ID-HASH-B079A280D5,MSME-WCP,Business Working Capital,555000.00,315000.00,19500.00,65,STAGE_2_UNDERPERFORMING,13.14%,2.2x,WESTLANDS
2025-10-31,STR-LN-100258,TKN-SHA256-0206A22E,Mary Ruto,ID-HASH-F8743A7A3D,ASSET-FIN,Vehicle & Asset Finance,1540000.00,1110000.00,54000.00,0,STAGE_1_PERFORMING,0.42%,2.0x,UPPER_HILL
2025-10-31,STR-LN-100259,TKN-SHA256-74A9B0E0,Geoffrey Kariuki,ID-HASH-0ADE8853D8,MSME-WCP,Business Working Capital,865000.00,314000.00,30500.00,0,STAGE_1_PERFORMING,0.36%,1.7x,KERICHO_CENTRAL
2025-10-31,STR-LN-100260,TKN-SHA256-8E51091F,Kiprono Kamau,ID-HASH-4A2DED915C,BOSA-NRM,Development Loan Normal,825000.00,481000.00,29000.00,0,STAGE_1_PERFORMING,0.25%,4.1x,BOMET_BRANCH
2025-10-31,STR-LN-100261,TKN-SHA256-7E634BB7,Wesley Ochieng,ID-HASH-F2B9A59B4C,AGRI-TEA,Tea & Coffee Farm Development,1075000.00,967000.00,37500.00,0,STAGE_1_PERFORMING,0.50%,3.0x,MOMBASA_BR
2025-10-31,STR-LN-100262,TKN-SHA256-DA379190,James Korir,ID-HASH-D8411979B2,MSME-WCP,Business Working Capital,595000.00,231000.00,21000.00,0,STAGE_1_PERFORMING,0.59%,2.5x,HQ_NAIROBI
2025-10-31,STR-LN-100263,TKN-SHA256-E423A4DD,Peter Mwangi,ID-HASH-F017298DB2,BOSA-EMG,Emergency Medical Facility,80000.00,14000.00,3000.00,0,STAGE_1_PERFORMING,0.59%,2.6x,ELDORET_BR
2025-10-31,STR-LN-100264,TKN-SHA256-8C02CBB3,Peter Korir,ID-HASH-8B6369D1E1,BOSA-SCH,School Fees Advance,130000.00,119000.00,4500.00,0,STAGE_1_PERFORMING,0.39%,3.9x,BOMET_BRANCH
2025-10-31,STR-LN-100265,TKN-SHA256-EAC2D1CF,Hassan Ochieng,ID-HASH-D17A2FEBB4,FOSA-ADV,Salary Advance 30D,65000.00,11000.00,2500.00,0,STAGE_1_PERFORMING,0.59%,1.1x,MOMBASA_BR
2025-10-31,STR-LN-100266,TKN-SHA256-D06E2982,Hassan Chebet,ID-HASH-3565151BCC,FOSA-ADV,Salary Advance 30D,95000.00,16000.00,3500.00,0,STAGE_1_PERFORMING,0.59%,1.6x,WESTLANDS
2025-10-31,STR-LN-100267,TKN-SHA256-CC23BE4D,Catherine Kiptoo,ID-HASH-3EC4E4B3B5,MSME-WCP,Business Working Capital,1195000.00,342000.00,42000.00,0,STAGE_1_PERFORMING,0.33%,1.5x,NAKURU_BR
2025-10-31,STR-LN-100268,TKN-SHA256-1C48F238,James Wambui,ID-HASH-4FE8F9003C,ASSET-FIN,Vehicle & Asset Finance,2930000.00,2748000.00,102500.00,0,STAGE_1_PERFORMING,0.81%,1.7x,MOMBASA_BR
2025-10-31,STR-LN-100269,TKN-SHA256-935641B6,Tabitha Kimani,ID-HASH-DE06103551,ASSET-FIN,Vehicle & Asset Finance,3490000.00,1071000.00,122000.00,24,STAGE_1_EARLY_WATCH,2.71%,2.0x,KISUMU_BR
2025-10-31,STR-LN-100270,TKN-SHA256-DD2E99AB,Emmanuel Rono,ID-HASH-B68D6A8602,ASSET-FIN,Vehicle & Asset Finance,2755000.00,1187000.00,96500.00,0,STAGE_1_PERFORMING,0.50%,2.0x,KERICHO_CENTRAL
2025-10-31,STR-LN-100271,TKN-SHA256-C822EF60,Jane Mwangi,ID-HASH-2194FBEF9A,BOSA-SCH,School Fees Advance,55000.00,45000.00,2000.00,0,STAGE_1_PERFORMING,0.72%,5.0x,BOMET_BRANCH
2025-10-31,STR-LN-100272,TKN-SHA256-0233220D,Lucy Otieno,ID-HASH-593F345070,BOSA-EMG,Emergency Medical Facility,115000.00,55000.00,4000.00,0,STAGE_1_PERFORMING,0.53%,2.0x,KERICHO_CENTRAL
2025-10-31,STR-LN-100273,TKN-SHA256-3A8F0E23,Tabitha Ruto,ID-HASH-F8D2FF27DF,AGRI-TEA,Tea & Coffee Farm Development,865000.00,434000.00,30500.00,0,STAGE_1_PERFORMING,0.27%,3.2x,KISUMU_BR
2025-10-31,STR-LN-100274,TKN-SHA256-58983924,Grace Rono,ID-HASH-3E869CCE00,ASSET-FIN,Vehicle & Asset Finance,3450000.00,1045000.00,121000.00,0,STAGE_1_PERFORMING,0.26%,1.9x,NAKURU_BR
2025-10-31,STR-LN-100275,TKN-SHA256-A9E3527A,Cosmas Achieng,ID-HASH-2AA1CA82EC,BOSA-SCH,School Fees Advance,95000.00,20000.00,3500.00,0,STAGE_1_PERFORMING,0.85%,4.9x,WESTLANDS
2025-10-31,STR-LN-100276,TKN-SHA256-C4EC9C62,Kiprono Otieno,ID-HASH-C8E025FD77,BOSA-SCH,School Fees Advance,230000.00,35000.00,8000.00,0,STAGE_1_PERFORMING,0.64%,5.0x,KISUMU_BR
2025-10-31,STR-LN-100277,TKN-SHA256-5D04E630,Fatuma Koech,ID-HASH-F3776D0200,BOSA-NRM,Development Loan Normal,2020000.00,811000.00,70500.00,78,STAGE_2_UNDERPERFORMING,13.07%,4.0x,ELDORET_BR
2025-10-31,STR-LN-100278,TKN-SHA256-90ACC6F6,Dennis Wambui,ID-HASH-92EBDEC578,BOSA-SCH,School Fees Advance,225000.00,138000.00,8000.00,0,STAGE_1_PERFORMING,0.73%,3.1x,ELDORET_BR
2025-10-31,STR-LN-100279,TKN-SHA256-118BBD9A,Kiprono Wambui,ID-HASH-9962B43FF5,BOSA-NRM,Development Loan Normal,1775000.00,893000.00,62000.00,0,STAGE_1_PERFORMING,0.94%,2.6x,ELDORET_BR
2025-10-31,STR-LN-100280,TKN-SHA256-DF1421BD,Samuel Korir,ID-HASH-899953C418,AGRI-TEA,Tea & Coffee Farm Development,330000.00,98000.00,11500.00,154,STAGE_3_NON_PERFORMING,30.73%,2.4x,NANDI_HILLS
2025-10-31,STR-LN-100281,TKN-SHA256-71D9E1AB,Philemon Mutua,ID-HASH-35D36746DC,BOSA-EMG,Emergency Medical Facility,85000.00,39000.00,3000.00,0,STAGE_1_PERFORMING,0.62%,2.9x,NAKURU_BR
2025-10-31,STR-LN-100282,TKN-SHA256-336ACFB4,Beatrice Otieno,ID-HASH-C9948320D0,FOSA-ADV,Salary Advance 30D,110000.00,73000.00,4000.00,0,STAGE_1_PERFORMING,0.95%,1.5x,WESTLANDS
2025-10-31,STR-LN-100283,TKN-SHA256-4800E8B8,Bernard Kariuki,ID-HASH-14ED30B12F,ASSET-FIN,Vehicle & Asset Finance,4530000.00,3603000.00,158500.00,0,STAGE_1_PERFORMING,0.46%,1.3x,MOMBASA_BR
2025-10-31,STR-LN-100284,TKN-SHA256-3C499F5A,Grace Omondi,ID-HASH-D7B932EEAA,BOSA-EMG,Emergency Medical Facility,145000.00,113000.00,5000.00,0,STAGE_1_PERFORMING,0.44%,2.7x,KISUMU_BR
2025-10-31,STR-LN-100285,TKN-SHA256-C3983335,Jane Korir,ID-HASH-54F2205964,MSME-WCP,Business Working Capital,1015000.00,425000.00,35500.00,0,STAGE_1_PERFORMING,0.51%,2.1x,NAKURU_BR
2025-10-31,STR-LN-100286,TKN-SHA256-80BA064A,Peter Koech,ID-HASH-A5A18E16B4,MSME-WCP,Business Working Capital,1110000.00,430000.00,39000.00,0,STAGE_1_PERFORMING,0.17%,2.4x,HQ_NAIROBI
2025-10-31,STR-LN-100287,TKN-SHA256-61DAC889,Cosmas Wambui,ID-HASH-F3497CE4C8,MSME-WCP,Business Working Capital,515000.00,108000.00,18000.00,19,STAGE_1_EARLY_WATCH,1.70%,1.8x,NANDI_HILLS
2025-10-31,STR-LN-100288,TKN-SHA256-9BBFD890,Stephen Bett,ID-HASH-0D4F06DD52,BOSA-SCH,School Fees Advance,110000.00,101000.00,4000.00,10,STAGE_1_EARLY_WATCH,1.55%,4.5x,NANDI_HILLS
2025-10-31,STR-LN-100289,TKN-SHA256-6D790D83,Peter Mutua,ID-HASH-38AB0D1333,BOSA-NRM,Development Loan Normal,2565000.00,867000.00,90000.00,0,STAGE_1_PERFORMING,0.41%,3.4x,NAKURU_BR
2025-10-31,STR-LN-100290,TKN-SHA256-597AAE7C,Catherine Kimani,ID-HASH-CA288D67D8,ASSET-FIN,Vehicle & Asset Finance,1675000.00,925000.00,58500.00,125,STAGE_3_NON_PERFORMING,30.40%,1.6x,MOMBASA_BR
2025-10-31,STR-LN-100291,TKN-SHA256-351B7C7F,Stephen Siele,ID-HASH-E1AC0278AC,BOSA-SCH,School Fees Advance,125000.00,112000.00,4500.00,0,STAGE_1_PERFORMING,0.19%,4.8x,BOMET_BRANCH
2025-10-31,STR-LN-100292,TKN-SHA256-ED843619,Hassan Omondi,ID-HASH-E2FA52A530,BOSA-EMG,Emergency Medical Facility,185000.00,163000.00,6500.00,0,STAGE_1_PERFORMING,0.61%,2.6x,KERICHO_CENTRAL
2025-10-31,STR-LN-100293,TKN-SHA256-68203C58,Hassan Kiptoo,ID-HASH-AB1B7930D7,BOSA-SCH,School Fees Advance,235000.00,55000.00,8000.00,0,STAGE_1_PERFORMING,0.82%,3.8x,NAKURU_BR
2025-10-31,STR-LN-100294,TKN-SHA256-B39A079F,Bernard Kiptoo,ID-HASH-C848417264,ASSET-FIN,Vehicle & Asset Finance,1320000.00,763000.00,46000.00,0,STAGE_1_PERFORMING,0.82%,1.5x,KISUMU_BR
2025-10-31,STR-LN-100295,TKN-SHA256-1ACA72EF,James Hassan,ID-HASH-54AE56011A,BOSA-SCH,School Fees Advance,40000.00,33000.00,1500.00,0,STAGE_1_PERFORMING,0.22%,3.6x,MOMBASA_BR
2025-10-31,STR-LN-100296,TKN-SHA256-261C5B74,Wesley Mutua,ID-HASH-E272D21E18,MSME-WCP,Business Working Capital,1725000.00,1345000.00,60500.00,91,STAGE_3_NON_PERFORMING,18.92%,1.8x,UPPER_HILL
2025-10-31,STR-LN-100297,TKN-SHA256-CE61B104,Emmanuel Wanjiku,ID-HASH-50713D437D,BOSA-EMG,Emergency Medical Facility,225000.00,190000.00,8000.00,0,STAGE_1_PERFORMING,0.85%,3.1x,UPPER_HILL
2025-10-31,STR-LN-100298,TKN-SHA256-BFC4BC91,Samuel Langat,ID-HASH-F8DCBB3A02,MSME-WCP,Business Working Capital,1655000.00,1377000.00,58000.00,0,STAGE_1_PERFORMING,0.35%,2.3x,KERICHO_CENTRAL
2025-10-31,STR-LN-100299,TKN-SHA256-1C2E5CBC,Fatuma Mutua,ID-HASH-807E713308,MSME-WCP,Business Working Capital,650000.00,509000.00,23000.00,0,STAGE_1_PERFORMING,0.91%,2.7x,HQ_NAIROBI
2025-10-31,STR-LN-100300,TKN-SHA256-4F9202E7,Fatuma Kimani,ID-HASH-D0A503F2A0,BOSA-SCH,School Fees Advance,190000.00,89000.00,6500.00,29,STAGE_1_EARLY_WATCH,3.69%,5.1x,UPPER_HILL
2025-10-31,STR-LN-100301,TKN-SHA256-4E380F34,Mercy Chebet,ID-HASH-BEF6DCB69F,ASSET-FIN,Vehicle & Asset Finance,4855000.00,2571000.00,170000.00,0,STAGE_1_PERFORMING,0.20%,1.1x,NAKURU_BR
2025-10-31,STR-LN-100302,TKN-SHA256-A625980D,Stephen Chebet,ID-HASH-443D68FAAC,MSME-WCP,Business Working Capital,1705000.00,944000.00,59500.00,0,STAGE_1_PERFORMING,0.36%,2.1x,MOMBASA_BR
2025-10-31,STR-LN-100303,TKN-SHA256-FEA841CA,Mary Achieng,ID-HASH-C04F1BFD5F,ASSET-FIN,Vehicle & Asset Finance,1385000.00,662000.00,48500.00,0,STAGE_1_PERFORMING,0.54%,1.2x,KERICHO_CENTRAL
2025-10-31,STR-LN-100304,TKN-SHA256-9FCE23DF,Catherine Kariuki,ID-HASH-86664B2D4C,BOSA-EMG,Emergency Medical Facility,160000.00,127000.00,5500.00,7,STAGE_1_EARLY_WATCH,4.38%,2.8x,BOMET_BRANCH
2025-10-31,STR-LN-100305,TKN-SHA256-4478F911,Grace Njoroge,ID-HASH-9F6A89AA2B,MSME-WCP,Business Working Capital,225000.00,102000.00,8000.00,0,STAGE_1_PERFORMING,0.44%,2.2x,KISUMU_BR
2025-10-31,STR-LN-100306,TKN-SHA256-4FE49EB5,Cosmas Koech,ID-HASH-3364FAAFF8,ASSET-FIN,Vehicle & Asset Finance,2015000.00,353000.00,70500.00,33,STAGE_2_UNDERPERFORMING,12.07%,1.9x,BOMET_BRANCH
2025-10-31,STR-LN-100307,TKN-SHA256-9CFDB6F9,Samuel Kimani,ID-HASH-7C880B38C5,AGRI-TEA,Tea & Coffee Farm Development,1040000.00,422000.00,36500.00,0,STAGE_1_PERFORMING,0.84%,3.8x,NANDI_HILLS
2025-10-31,STR-LN-100308,TKN-SHA256-0106B01F,Kiprono Omondi,ID-HASH-468EEC21B6,FOSA-ADV,Salary Advance 30D,145000.00,55000.00,5000.00,0,STAGE_1_PERFORMING,0.22%,0.9x,WESTLANDS
2025-10-31,STR-LN-100309,TKN-SHA256-982905C1,Geoffrey Kamau,ID-HASH-CD53E1438A,BOSA-EMG,Emergency Medical Facility,295000.00,201000.00,10500.00,85,STAGE_2_UNDERPERFORMING,11.81%,2.6x,ELDORET_BR
2025-10-31,STR-LN-100310,TKN-SHA256-151C69D1,Dennis Rono,ID-HASH-CD20029153,FOSA-ADV,Salary Advance 30D,40000.00,35000.00,1500.00,0,STAGE_1_PERFORMING,0.61%,1.4x,NAKURU_BR
2025-10-31,STR-LN-100311,TKN-SHA256-7DB0E0E1,David Cheruiyot,ID-HASH-8917386D8E,ASSET-FIN,Vehicle & Asset Finance,2125000.00,1599000.00,74500.00,0,STAGE_1_PERFORMING,0.59%,1.4x,WESTLANDS
2025-10-31,STR-LN-100312,TKN-SHA256-1D9EC99F,Peter Ali,ID-HASH-E959C5EEB5,MSME-WCP,Business Working Capital,1430000.00,455000.00,50000.00,0,STAGE_1_PERFORMING,0.46%,2.1x,KERICHO_CENTRAL
2025-10-31,STR-LN-100313,TKN-SHA256-3054DCE7,John Bett,ID-HASH-190CADCF6B,AGRI-TEA,Tea & Coffee Farm Development,420000.00,397000.00,14500.00,0,STAGE_1_PERFORMING,0.48%,2.9x,KERICHO_CENTRAL
2025-10-31,STR-LN-100314,TKN-SHA256-75DCD9C8,Wesley Mutua,ID-HASH-8CE59FA677,BOSA-EMG,Emergency Medical Facility,105000.00,48000.00,3500.00,0,STAGE_1_PERFORMING,0.37%,3.2x,WESTLANDS
2025-10-31,STR-LN-100315,TKN-SHA256-ABE48640,Hassan Siele,ID-HASH-2FB591824B,BOSA-EMG,Emergency Medical Facility,140000.00,68000.00,5000.00,55,STAGE_2_UNDERPERFORMING,13.85%,2.3x,BOMET_BRANCH
2025-10-31,STR-LN-100316,TKN-SHA256-634391C0,Emmanuel Wambui,ID-HASH-6AFFF905A5,AGRI-TEA,Tea & Coffee Farm Development,520000.00,194000.00,18000.00,71,STAGE_2_UNDERPERFORMING,11.91%,2.8x,BOMET_BRANCH
2025-10-31,STR-LN-100317,TKN-SHA256-660F157B,Cosmas Sang,ID-HASH-75E564AE94,FOSA-ADV,Salary Advance 30D,25000.00,14000.00,1000.00,0,STAGE_1_PERFORMING,0.33%,1.6x,MOMBASA_BR
2025-10-31,STR-LN-100318,TKN-SHA256-6F854F27,Philemon Chebet,ID-HASH-364E4FEFA8,FOSA-ADV,Salary Advance 30D,70000.00,31000.00,2500.00,0,STAGE_1_PERFORMING,0.76%,1.1x,ELDORET_BR
2025-10-31,STR-LN-100319,TKN-SHA256-46657E74,Hassan Cheruiyot,ID-HASH-0707DA7E32,BOSA-NRM,Development Loan Normal,2325000.00,1167000.00,81500.00,0,STAGE_1_PERFORMING,0.85%,3.4x,ELDORET_BR
2025-10-31,STR-LN-100320,TKN-SHA256-0AA524FB,Emmanuel Hassan,ID-HASH-EFAF1DFF10,MSME-WCP,Business Working Capital,280000.00,248000.00,10000.00,0,STAGE_1_PERFORMING,0.36%,1.5x,BOMET_BRANCH
2025-10-31,STR-LN-100321,TKN-SHA256-018847B3,Alice Koech,ID-HASH-69C1C37E29,MSME-WCP,Business Working Capital,250000.00,55000.00,9000.00,0,STAGE_1_PERFORMING,0.82%,2.0x,KERICHO_CENTRAL
2025-10-31,STR-LN-100322,TKN-SHA256-7DF6F863,Lucy Korir,ID-HASH-7B7DB8D6BC,BOSA-SCH,School Fees Advance,105000.00,87000.00,3500.00,0,STAGE_1_PERFORMING,0.37%,5.0x,ELDORET_BR
2025-10-31,STR-LN-100323,TKN-SHA256-3032A264,Mercy Chebet,ID-HASH-F1EDDBDB3B,ASSET-FIN,Vehicle & Asset Finance,3305000.00,1851000.00,115500.00,11,STAGE_1_EARLY_WATCH,2.93%,1.8x,BOMET_BRANCH
2025-10-31,STR-LN-100324,TKN-SHA256-71A72855,Mercy Wanjiku,ID-HASH-78C2DA1254,FOSA-ADV,Salary Advance 30D,95000.00,19000.00,3500.00,0,STAGE_1_PERFORMING,0.70%,1.6x,KISUMU_BR
2025-10-31,STR-LN-100325,TKN-SHA256-61BB9ACD,Dennis Kimani,ID-HASH-442CCC1666,MSME-WCP,Business Working Capital,445000.00,97000.00,15500.00,0,STAGE_1_PERFORMING,0.83%,1.9x,KERICHO_CENTRAL
2025-10-31,STR-LN-100326,TKN-SHA256-8C5EA36D,Jane Rono,ID-HASH-9311108EE8,MSME-WCP,Business Working Capital,390000.00,305000.00,13500.00,0,STAGE_1_PERFORMING,0.69%,2.2x,NAKURU_BR
2025-10-31,STR-LN-100327,TKN-SHA256-EB259715,Philemon Omondi,ID-HASH-C3E3DF4B52,MSME-WCP,Business Working Capital,1280000.00,1031000.00,45000.00,0,STAGE_1_PERFORMING,0.61%,1.5x,ELDORET_BR
2025-10-31,STR-LN-100328,TKN-SHA256-4D4FB4E7,Wesley Gitonga,ID-HASH-B17DBABB14,BOSA-EMG,Emergency Medical Facility,280000.00,67000.00,10000.00,0,STAGE_1_PERFORMING,0.31%,2.6x,ELDORET_BR
2025-10-31,STR-LN-100329,TKN-SHA256-5C7C4914,Mercy Otieno,ID-HASH-2D8F42B0FC,BOSA-SCH,School Fees Advance,55000.00,42000.00,2000.00,0,STAGE_1_PERFORMING,0.36%,4.8x,UPPER_HILL
2025-10-31,STR-LN-100330,TKN-SHA256-66B7FBE9,Catherine Wambui,ID-HASH-FF42CA6DD4,BOSA-SCH,School Fees Advance,130000.00,43000.00,4500.00,0,STAGE_1_PERFORMING,0.59%,3.1x,WESTLANDS
2025-10-31,STR-LN-100331,TKN-SHA256-B61D7EAE,Lucy Wambui,ID-HASH-6191525666,BOSA-NRM,Development Loan Normal,1480000.00,1263000.00,52000.00,100,STAGE_3_NON_PERFORMING,24.00%,4.1x,UPPER_HILL
2025-10-31,STR-LN-100332,TKN-SHA256-A9F3BD57,Bernard Siele,ID-HASH-468272E16B,AGRI-TEA,Tea & Coffee Farm Development,470000.00,208000.00,16500.00,35,STAGE_2_UNDERPERFORMING,14.36%,3.4x,WESTLANDS
2025-10-31,STR-LN-100333,TKN-SHA256-C2CFBE28,Gladys Bett,ID-HASH-CAD6BF894B,ASSET-FIN,Vehicle & Asset Finance,4940000.00,4355000.00,173000.00,134,STAGE_3_NON_PERFORMING,42.95%,1.7x,UPPER_HILL
2025-10-31,STR-LN-100334,TKN-SHA256-22F0B91D,Jane Langat,ID-HASH-035CDCD4BC,MSME-WCP,Business Working Capital,1150000.00,524000.00,40500.00,90,STAGE_3_NON_PERFORMING,39.68%,2.2x,WESTLANDS
2025-10-31,STR-LN-100335,TKN-SHA256-D8BD9004,Mercy Korir,ID-HASH-6955374147,AGRI-TEA,Tea & Coffee Farm Development,590000.00,202000.00,20500.00,0,STAGE_1_PERFORMING,0.42%,2.5x,MOMBASA_BR
2025-10-31,STR-LN-100336,TKN-SHA256-2F4501A8,Jane Wanjiku,ID-HASH-2204494A97,FOSA-ADV,Salary Advance 30D,130000.00,86000.00,4500.00,0,STAGE_1_PERFORMING,0.75%,1.5x,KERICHO_CENTRAL
2025-10-31,STR-LN-100337,TKN-SHA256-FF511934,Mercy Kiptoo,ID-HASH-C420D3F6AE,BOSA-SCH,School Fees Advance,100000.00,78000.00,3500.00,0,STAGE_1_PERFORMING,0.64%,3.2x,NAKURU_BR
2025-10-31,STR-LN-100338,TKN-SHA256-28679969,Beatrice Siele,ID-HASH-1CFD0EF99E,AGRI-TEA,Tea & Coffee Farm Development,715000.00,499000.00,25000.00,0,STAGE_1_PERFORMING,0.26%,3.2x,UPPER_HILL
2025-10-31,STR-LN-100339,TKN-SHA256-ADE656D6,Mercy Sang,ID-HASH-A8D1E6DC02,AGRI-TEA,Tea & Coffee Farm Development,750000.00,175000.00,26500.00,0,STAGE_1_PERFORMING,0.75%,3.5x,HQ_NAIROBI
2025-10-31,STR-LN-100340,TKN-SHA256-D998422E,Tabitha Kamau,ID-HASH-F86BF71A46,AGRI-TEA,Tea & Coffee Farm Development,260000.00,165000.00,9000.00,0,STAGE_1_PERFORMING,0.38%,3.4x,HQ_NAIROBI
2025-10-31,STR-LN-100341,TKN-SHA256-2D009C8A,Bernard Siele,ID-HASH-6A7B780144,AGRI-TEA,Tea & Coffee Farm Development,845000.00,229000.00,29500.00,14,STAGE_1_EARLY_WATCH,3.59%,3.6x,NANDI_HILLS
2025-10-31,STR-LN-100342,TKN-SHA256-13030456,Philemon Siele,ID-HASH-AE7924F0EB,BOSA-SCH,School Fees Advance,110000.00,79000.00,4000.00,34,STAGE_2_UNDERPERFORMING,11.48%,3.4x,MOMBASA_BR
2025-10-31,STR-LN-100343,TKN-SHA256-62573405,Stephen Mutua,ID-HASH-24B1D2EC01,ASSET-FIN,Vehicle & Asset Finance,1315000.00,732000.00,46000.00,0,STAGE_1_PERFORMING,0.43%,1.3x,MOMBASA_BR
2025-10-31,STR-LN-100344,TKN-SHA256-2356D9B3,Dennis Bett,ID-HASH-B5E186E63C,BOSA-SCH,School Fees Advance,225000.00,66000.00,8000.00,0,STAGE_1_PERFORMING,0.58%,4.0x,ELDORET_BR
2025-10-31,STR-LN-100345,TKN-SHA256-A4AB6C38,Gladys Njoroge,ID-HASH-65ECD77556,ASSET-FIN,Vehicle & Asset Finance,4335000.00,3950000.00,151500.00,0,STAGE_1_PERFORMING,0.94%,2.0x,UPPER_HILL
2025-10-31,STR-LN-100346,TKN-SHA256-991D6F5D,Geoffrey Kimani,ID-HASH-94BD7F61BA,FOSA-ADV,Salary Advance 30D,100000.00,94000.00,3500.00,0,STAGE_1_PERFORMING,0.52%,1.1x,BOMET_BRANCH
2025-10-31,STR-LN-100347,TKN-SHA256-167454D5,James Kiptoo,ID-HASH-C31785FA7F,BOSA-NRM,Development Loan Normal,2320000.00,854000.00,81000.00,20,STAGE_1_EARLY_WATCH,3.23%,3.1x,KERICHO_CENTRAL
2025-10-31,STR-LN-100348,TKN-SHA256-D4203B60,Lucy Langat,ID-HASH-F807DAC39C,FOSA-ADV,Salary Advance 30D,60000.00,11000.00,2000.00,16,STAGE_1_EARLY_WATCH,1.60%,1.1x,HQ_NAIROBI
2025-10-31,STR-LN-100349,TKN-SHA256-390A75E6,Bernard Chebet,ID-HASH-66E90F4BCC,BOSA-SCH,School Fees Advance,230000.00,96000.00,8000.00,0,STAGE_1_PERFORMING,0.95%,4.2x,WESTLANDS
2025-10-31,STR-LN-100350,TKN-SHA256-FE2520BF,Mary Korir,ID-HASH-948089CAC9,ASSET-FIN,Vehicle & Asset Finance,4820000.00,2295000.00,168500.00,0,STAGE_1_PERFORMING,0.19%,1.4x,MOMBASA_BR
2025-10-31,STR-LN-100351,TKN-SHA256-961590FE,Cosmas Wanjiku,ID-HASH-2CA825AFCE,FOSA-ADV,Salary Advance 30D,20000.00,19000.00,500.00,0,STAGE_1_PERFORMING,0.19%,1.6x,BOMET_BRANCH
2025-10-31,STR-LN-100352,TKN-SHA256-BED52CBC,Alice Hassan,ID-HASH-56F1F373E5,ASSET-FIN,Vehicle & Asset Finance,1330000.00,552000.00,46500.00,0,STAGE_1_PERFORMING,0.67%,1.5x,NAKURU_BR
2025-10-31,STR-LN-100353,TKN-SHA256-F9ABAB76,Stephen Kiptoo,ID-HASH-B46FBF1226,AGRI-TEA,Tea & Coffee Farm Development,190000.00,135000.00,6500.00,0,STAGE_1_PERFORMING,0.85%,3.3x,NANDI_HILLS
2025-10-31,STR-LN-100354,TKN-SHA256-F5594302,Wesley Ruto,ID-HASH-CDCB3B08F4,BOSA-SCH,School Fees Advance,240000.00,123000.00,8500.00,0,STAGE_1_PERFORMING,0.65%,4.3x,UPPER_HILL
2025-10-31,STR-LN-100355,TKN-SHA256-870EB5A1,James Wambui,ID-HASH-3CBC9E0AA5,ASSET-FIN,Vehicle & Asset Finance,4375000.00,923000.00,153000.00,0,STAGE_1_PERFORMING,0.73%,1.5x,ELDORET_BR
2025-10-31,STR-LN-100356,TKN-SHA256-0D939A10,Gladys Kimani,ID-HASH-6CDB7D5EE4,BOSA-NRM,Development Loan Normal,2605000.00,2311000.00,91000.00,0,STAGE_1_PERFORMING,0.29%,3.7x,NANDI_HILLS
2025-10-31,STR-LN-100357,TKN-SHA256-CDB6CBFE,Mercy Kimani,ID-HASH-155439D81C,BOSA-SCH,School Fees Advance,115000.00,30000.00,4000.00,0,STAGE_1_PERFORMING,0.56%,3.4x,KISUMU_BR
2025-10-31,STR-LN-100358,TKN-SHA256-6C3AF6A4,Geoffrey Cheruiyot,ID-HASH-2CD1DD3E8B,ASSET-FIN,Vehicle & Asset Finance,2610000.00,1080000.00,91500.00,21,STAGE_1_EARLY_WATCH,4.18%,1.9x,HQ_NAIROBI
2025-10-31,STR-LN-100359,TKN-SHA256-197E47D3,Samuel Njoroge,ID-HASH-B662ACC098,FOSA-ADV,Salary Advance 30D,55000.00,42000.00,2000.00,0,STAGE_1_PERFORMING,0.18%,1.0x,NANDI_HILLS
2025-10-31,STR-LN-100360,TKN-SHA256-EFBAEC1E,John Ali,ID-HASH-FC8DF589E1,AGRI-TEA,Tea & Coffee Farm Development,835000.00,144000.00,29000.00,0,STAGE_1_PERFORMING,0.28%,3.2x,UPPER_HILL
2025-10-31,STR-LN-100361,TKN-SHA256-4F3E7D43,Bernard Rono,ID-HASH-DCBEF53ADE,FOSA-ADV,Salary Advance 30D,25000.00,17000.00,1000.00,0,STAGE_1_PERFORMING,0.15%,0.9x,UPPER_HILL
2025-10-31,STR-LN-100362,TKN-SHA256-F37027D8,Fatuma Omondi,ID-HASH-52E850EE06,BOSA-SCH,School Fees Advance,210000.00,108000.00,7500.00,0,STAGE_1_PERFORMING,0.25%,3.1x,UPPER_HILL
2025-10-31,STR-LN-100363,TKN-SHA256-48278B8F,Kiprono Kamau,ID-HASH-52083FB82F,ASSET-FIN,Vehicle & Asset Finance,3675000.00,635000.00,128500.00,0,STAGE_1_PERFORMING,0.68%,1.3x,BOMET_BRANCH
2025-10-31,STR-LN-100364,TKN-SHA256-4312EC0D,Emmanuel Ochieng,ID-HASH-C684BE9508,MSME-WCP,Business Working Capital,235000.00,180000.00,8000.00,0,STAGE_1_PERFORMING,0.87%,1.8x,NANDI_HILLS
2025-10-31,STR-LN-100365,TKN-SHA256-DA52686D,David Ruto,ID-HASH-42E97D35B0,FOSA-ADV,Salary Advance 30D,120000.00,81000.00,4000.00,0,STAGE_1_PERFORMING,0.35%,1.6x,MOMBASA_BR
2025-10-31,STR-LN-100366,TKN-SHA256-6CBCC180,Wesley Mwangi,ID-HASH-7E630FA324,BOSA-SCH,School Fees Advance,215000.00,202000.00,7500.00,0,STAGE_1_PERFORMING,0.83%,3.6x,MOMBASA_BR
2025-10-31,STR-LN-100367,TKN-SHA256-BEB16D63,Gladys Rono,ID-HASH-CD5546DBA7,MSME-WCP,Business Working Capital,975000.00,226000.00,34000.00,0,STAGE_1_PERFORMING,0.23%,1.8x,KISUMU_BR
2025-10-31,STR-LN-100368,TKN-SHA256-E9108809,Dennis Njoroge,ID-HASH-FCE0CB2289,AGRI-TEA,Tea & Coffee Farm Development,1070000.00,833000.00,37500.00,11,STAGE_1_EARLY_WATCH,2.21%,2.5x,KISUMU_BR
2025-10-31,STR-LN-100369,TKN-SHA256-ACD5CDB0,Dennis Ali,ID-HASH-52E36ECDF8,BOSA-EMG,Emergency Medical Facility,90000.00,72000.00,3000.00,0,STAGE_1_PERFORMING,0.61%,3.0x,UPPER_HILL
2025-10-31,STR-LN-100370,TKN-SHA256-67059539,Geoffrey Wanjiku,ID-HASH-37E412D7C0,AGRI-TEA,Tea & Coffee Farm Development,1110000.00,1037000.00,39000.00,24,STAGE_1_EARLY_WATCH,3.56%,2.5x,ELDORET_BR
2025-10-31,STR-LN-100371,TKN-SHA256-496AD73C,Hassan Njoroge,ID-HASH-F865188CF4,FOSA-ADV,Salary Advance 30D,130000.00,37000.00,4500.00,0,STAGE_1_PERFORMING,0.84%,1.1x,UPPER_HILL
2025-10-31,STR-LN-100372,TKN-SHA256-CDCC3271,David Wambui,ID-HASH-07F94FD6F5,BOSA-EMG,Emergency Medical Facility,210000.00,162000.00,7500.00,0,STAGE_1_PERFORMING,0.62%,2.0x,KERICHO_CENTRAL
2025-10-31,STR-LN-100373,TKN-SHA256-60EB3096,Samuel Mwangi,ID-HASH-60208FA80E,BOSA-EMG,Emergency Medical Facility,75000.00,36000.00,2500.00,0,STAGE_1_PERFORMING,0.68%,2.7x,HQ_NAIROBI
2025-10-31,STR-LN-100374,TKN-SHA256-2C3DBD68,Mary Hassan,ID-HASH-7CD6CFE489,ASSET-FIN,Vehicle & Asset Finance,3005000.00,763000.00,105000.00,0,STAGE_1_PERFORMING,0.46%,1.9x,MOMBASA_BR
2025-10-31,STR-LN-100375,TKN-SHA256-328D999D,Beatrice Njoroge,ID-HASH-426E81FEF5,FOSA-ADV,Salary Advance 30D,30000.00,17000.00,1000.00,43,STAGE_2_UNDERPERFORMING,6.90%,1.1x,NAKURU_BR
2025-10-31,STR-LN-100376,TKN-SHA256-A57FEB53,Stephen Ochieng,ID-HASH-3FC65EBAE3,FOSA-ADV,Salary Advance 30D,25000.00,13000.00,1000.00,0,STAGE_1_PERFORMING,0.59%,1.2x,WESTLANDS
2025-10-31,STR-LN-100377,TKN-SHA256-4A2997AE,Geoffrey Ruto,ID-HASH-B62765B1E3,FOSA-ADV,Salary Advance 30D,105000.00,64000.00,3500.00,0,STAGE_1_PERFORMING,0.68%,1.4x,NAKURU_BR
2025-10-31,STR-LN-100378,TKN-SHA256-3A567205,Alice Mutua,ID-HASH-02F9BFCE10,FOSA-ADV,Salary Advance 30D,45000.00,20000.00,1500.00,0,STAGE_1_PERFORMING,0.16%,1.6x,KISUMU_BR
2025-10-31,STR-LN-100379,TKN-SHA256-D5FB08E6,John Wambui,ID-HASH-E0BD0571E7,ASSET-FIN,Vehicle & Asset Finance,1395000.00,667000.00,49000.00,0,STAGE_1_PERFORMING,0.30%,1.5x,WESTLANDS
2025-10-31,STR-LN-100380,TKN-SHA256-9EC144F0,Alice Otieno,ID-HASH-45072BF6BF,AGRI-TEA,Tea & Coffee Farm Development,725000.00,522000.00,25500.00,0,STAGE_1_PERFORMING,0.47%,3.7x,UPPER_HILL
2025-10-31,STR-LN-100381,TKN-SHA256-42EAA8F4,Mercy Achieng,ID-HASH-3110468EA3,BOSA-SCH,School Fees Advance,60000.00,32000.00,2000.00,0,STAGE_1_PERFORMING,0.46%,2.9x,NAKURU_BR
2025-10-31,STR-LN-100382,TKN-SHA256-DFE91F33,Mercy Mwangi,ID-HASH-871065198C,BOSA-SCH,School Fees Advance,130000.00,78000.00,4500.00,0,STAGE_1_PERFORMING,0.65%,4.9x,NANDI_HILLS
2025-10-31,STR-LN-100383,TKN-SHA256-DE0AFB49,James Wambui,ID-HASH-39AFCDFD37,ASSET-FIN,Vehicle & Asset Finance,4045000.00,1607000.00,141500.00,0,STAGE_1_PERFORMING,0.56%,1.5x,UPPER_HILL
2025-10-31,STR-LN-100384,TKN-SHA256-4F61DB1A,David Wanjiku,ID-HASH-84D27FDB81,AGRI-TEA,Tea & Coffee Farm Development,875000.00,605000.00,30500.00,0,STAGE_1_PERFORMING,0.78%,2.3x,ELDORET_BR
2025-10-31,STR-LN-100385,TKN-SHA256-21FB3CDD,Kiprono Kariuki,ID-HASH-85D3A7934A,BOSA-SCH,School Fees Advance,120000.00,43000.00,4000.00,139,STAGE_3_NON_PERFORMING,18.82%,3.8x,WESTLANDS
2025-10-31,STR-LN-100386,TKN-SHA256-C96F3850,Cosmas Kariuki,ID-HASH-8FD9ADED5D,MSME-WCP,Business Working Capital,1705000.00,1604000.00,59500.00,0,STAGE_1_PERFORMING,0.66%,2.2x,WESTLANDS
2025-10-31,STR-LN-100387,TKN-SHA256-3262B637,Mercy Mwangi,ID-HASH-EEF28DAD5D,FOSA-ADV,Salary Advance 30D,25000.00,12000.00,1000.00,0,STAGE_1_PERFORMING,0.46%,1.3x,ELDORET_BR
2025-10-31,STR-LN-100388,TKN-SHA256-160255CD,Stephen Kamau,ID-HASH-C991F4EE6D,BOSA-NRM,Development Loan Normal,2900000.00,1221000.00,101500.00,0,STAGE_1_PERFORMING,0.65%,3.1x,KERICHO_CENTRAL
2025-10-31,STR-LN-100389,TKN-SHA256-E70C3330,Mercy Ruto,ID-HASH-4EF40447ED,AGRI-TEA,Tea & Coffee Farm Development,1110000.00,899000.00,39000.00,65,STAGE_2_UNDERPERFORMING,12.04%,2.4x,KISUMU_BR
2025-10-31,STR-LN-100390,TKN-SHA256-E2D0FA87,Beatrice Cheruiyot,ID-HASH-62788C3FBB,FOSA-ADV,Salary Advance 30D,110000.00,82000.00,4000.00,0,STAGE_1_PERFORMING,0.65%,1.3x,MOMBASA_BR
2025-10-31,STR-LN-100391,TKN-SHA256-4C6865AE,Mary Langat,ID-HASH-801ABB3694,MSME-WCP,Business Working Capital,1040000.00,536000.00,36500.00,36,STAGE_2_UNDERPERFORMING,14.35%,2.4x,BOMET_BRANCH
2025-10-31,STR-LN-100392,TKN-SHA256-83BBBC62,Mercy Wambui,ID-HASH-F051EDC374,ASSET-FIN,Vehicle & Asset Finance,2140000.00,1987000.00,75000.00,0,STAGE_1_PERFORMING,0.29%,1.2x,HQ_NAIROBI
2025-10-31,STR-LN-100393,TKN-SHA256-EE896DCA,Beatrice Achieng,ID-HASH-7263D2373B,BOSA-NRM,Development Loan Normal,1545000.00,1054000.00,54000.00,0,STAGE_1_PERFORMING,0.66%,2.5x,HQ_NAIROBI
2025-10-31,STR-LN-100394,TKN-SHA256-E5C6359E,Stephen Siele,ID-HASH-876AE6886D,BOSA-NRM,Development Loan Normal,2985000.00,2192000.00,104500.00,67,STAGE_2_UNDERPERFORMING,11.60%,3.0x,UPPER_HILL
2025-10-31,STR-LN-100395,TKN-SHA256-3A8E321F,Alice Ruto,ID-HASH-B1BAB766E1,BOSA-SCH,School Fees Advance,60000.00,27000.00,2000.00,0,STAGE_1_PERFORMING,0.21%,3.2x,KERICHO_CENTRAL
2025-10-31,STR-LN-100396,TKN-SHA256-933296A4,Geoffrey Kimani,ID-HASH-11DAE4599F,BOSA-EMG,Emergency Medical Facility,200000.00,32000.00,7000.00,63,STAGE_2_UNDERPERFORMING,7.88%,2.8x,HQ_NAIROBI
2025-10-31,STR-LN-100397,TKN-SHA256-5CBABA0E,Grace Kariuki,ID-HASH-3F4A7B4C71,FOSA-ADV,Salary Advance 30D,80000.00,57000.00,3000.00,0,STAGE_1_PERFORMING,0.59%,1.4x,NANDI_HILLS
2025-10-31,STR-LN-100398,TKN-SHA256-CA3D6C34,Philemon Mwangi,ID-HASH-AC05F31765,BOSA-SCH,School Fees Advance,215000.00,65000.00,7500.00,168,STAGE_3_NON_PERFORMING,34.81%,3.4x,NAKURU_BR
2025-10-31,STR-LN-100399,TKN-SHA256-E908A8B2,Mercy Kamau,ID-HASH-FBCEB832AE,FOSA-ADV,Salary Advance 30D,130000.00,100000.00,4500.00,0,STAGE_1_PERFORMING,0.53%,1.5x,ELDORET_BR
2025-10-31,STR-LN-100400,TKN-SHA256-058C8069,Peter Hassan,ID-HASH-01DDE13722,MSME-WCP,Business Working Capital,470000.00,220000.00,16500.00,0,STAGE_1_PERFORMING,0.72%,2.2x,MOMBASA_BR
2025-10-31,STR-LN-100401,TKN-SHA256-33FAA9F5,Emmanuel Sang,ID-HASH-F9B7486A9E,BOSA-NRM,Development Loan Normal,1305000.00,214000.00,45500.00,0,STAGE_1_PERFORMING,0.33%,2.8x,ELDORET_BR
2025-10-31,STR-LN-100402,TKN-SHA256-86F8E27A,Mercy Hassan,ID-HASH-BEA86A9445,ASSET-FIN,Vehicle & Asset Finance,1735000.00,339000.00,60500.00,0,STAGE_1_PERFORMING,0.48%,1.6x,UPPER_HILL
2025-10-31,STR-LN-100403,TKN-SHA256-EEF68A63,Fatuma Ochieng,ID-HASH-FFD3937366,BOSA-EMG,Emergency Medical Facility,225000.00,158000.00,8000.00,0,STAGE_1_PERFORMING,0.77%,3.2x,ELDORET_BR
2025-10-31,STR-LN-100404,TKN-SHA256-8771E0F3,Geoffrey Wanjiku,ID-HASH-4D89943902,BOSA-EMG,Emergency Medical Facility,150000.00,93000.00,5500.00,0,STAGE_1_PERFORMING,0.54%,2.8x,KISUMU_BR
2025-10-31,STR-LN-100405,TKN-SHA256-50FC1675,Kiprono Wambui,ID-HASH-726CAB14E7,AGRI-TEA,Tea & Coffee Farm Development,805000.00,423000.00,28000.00,0,STAGE_1_PERFORMING,0.38%,2.5x,UPPER_HILL
2025-10-31,STR-LN-100406,TKN-SHA256-C030C2A5,James Bett,ID-HASH-0E250703F3,MSME-WCP,Business Working Capital,905000.00,243000.00,31500.00,0,STAGE_1_PERFORMING,0.22%,2.5x,NANDI_HILLS
2025-10-31,STR-LN-100407,TKN-SHA256-BC2E5482,Grace Chebet,ID-HASH-D18F3F8A44,AGRI-TEA,Tea & Coffee Farm Development,660000.00,550000.00,23000.00,0,STAGE_1_PERFORMING,0.54%,2.1x,WESTLANDS
2025-10-31,STR-LN-100408,TKN-SHA256-C2156FA2,Emmanuel Kimani,ID-HASH-4420625DB8,BOSA-EMG,Emergency Medical Facility,95000.00,25000.00,3500.00,0,STAGE_1_PERFORMING,0.33%,2.0x,ELDORET_BR
2025-10-31,STR-LN-100409,TKN-SHA256-78589142,Geoffrey Omondi,ID-HASH-A525F78699,BOSA-SCH,School Fees Advance,95000.00,69000.00,3500.00,0,STAGE_1_PERFORMING,0.41%,3.5x,NAKURU_BR
2025-10-31,STR-LN-100410,TKN-SHA256-179BFF34,John Mutua,ID-HASH-EB374DFF1B,ASSET-FIN,Vehicle & Asset Finance,2785000.00,2585000.00,97500.00,0,STAGE_1_PERFORMING,0.37%,1.5x,WESTLANDS
2025-10-31,STR-LN-100411,TKN-SHA256-AB322CFB,James Achieng,ID-HASH-648E14953C,BOSA-SCH,School Fees Advance,130000.00,61000.00,4500.00,9,STAGE_1_EARLY_WATCH,2.49%,3.7x,HQ_NAIROBI
2025-10-31,STR-LN-100412,TKN-SHA256-CD5B0BEC,Bernard Kimani,ID-HASH-F5D9757AB0,ASSET-FIN,Vehicle & Asset Finance,1910000.00,449000.00,67000.00,0,STAGE_1_PERFORMING,0.89%,1.5x,KISUMU_BR
2025-10-31,STR-LN-100413,TKN-SHA256-D66E24A5,John Omondi,ID-HASH-D9A1B78A73,BOSA-EMG,Emergency Medical Facility,120000.00,54000.00,4000.00,0,STAGE_1_PERFORMING,0.64%,3.0x,KISUMU_BR
2025-10-31,STR-LN-100414,TKN-SHA256-DC58C642,Kiprono Sang,ID-HASH-5C645E6086,MSME-WCP,Business Working Capital,1410000.00,768000.00,49500.00,0,STAGE_1_PERFORMING,0.78%,1.9x,ELDORET_BR
2025-10-31,STR-LN-100415,TKN-SHA256-E013AAFC,Wesley Sang,ID-HASH-7A3A3C924F,ASSET-FIN,Vehicle & Asset Finance,3285000.00,2213000.00,115000.00,0,STAGE_1_PERFORMING,0.30%,1.7x,NANDI_HILLS
2025-10-31,STR-LN-100416,TKN-SHA256-2EACEA86,Kiprono Gitonga,ID-HASH-9A0501722C,ASSET-FIN,Vehicle & Asset Finance,3945000.00,1146000.00,138000.00,0,STAGE_1_PERFORMING,0.27%,1.4x,HQ_NAIROBI
2025-10-31,STR-LN-100417,TKN-SHA256-D1B3BDFF,Mercy Njoroge,ID-HASH-0E9006A4EB,AGRI-TEA,Tea & Coffee Farm Development,1010000.00,772000.00,35500.00,0,STAGE_1_PERFORMING,0.15%,3.5x,NAKURU_BR
2025-10-31,STR-LN-100418,TKN-SHA256-C073F283,Gladys Otieno,ID-HASH-56E2DA9977,FOSA-ADV,Salary Advance 30D,70000.00,23000.00,2500.00,0,STAGE_1_PERFORMING,0.24%,1.0x,KERICHO_CENTRAL
2025-10-31,STR-LN-100419,TKN-SHA256-20303EA2,Stephen Wanjiku,ID-HASH-DFE46815FD,BOSA-EMG,Emergency Medical Facility,135000.00,97000.00,4500.00,0,STAGE_1_PERFORMING,0.79%,2.6x,MOMBASA_BR
2025-10-31,STR-LN-100420,TKN-SHA256-BB7BBE3B,Tabitha Omondi,ID-HASH-2AC415ACDE,BOSA-NRM,Development Loan Normal,995000.00,238000.00,35000.00,0,STAGE_1_PERFORMING,0.27%,3.9x,MOMBASA_BR
2025-10-31,STR-LN-100421,TKN-SHA256-4D04EDA9,Philemon Rono,ID-HASH-31FDE07FC4,MSME-WCP,Business Working Capital,815000.00,750000.00,28500.00,0,STAGE_1_PERFORMING,0.58%,2.0x,ELDORET_BR
2025-10-31,STR-LN-100422,TKN-SHA256-C3F571A5,Samuel Omondi,ID-HASH-D090BFF32E,FOSA-ADV,Salary Advance 30D,30000.00,26000.00,1000.00,0,STAGE_1_PERFORMING,0.22%,1.4x,UPPER_HILL
2025-10-31,STR-LN-100423,TKN-SHA256-C596D1E6,Philemon Njoroge,ID-HASH-D1E0DC91E0,ASSET-FIN,Vehicle & Asset Finance,3730000.00,2997000.00,130500.00,0,STAGE_1_PERFORMING,0.30%,1.3x,KISUMU_BR
2025-10-31,STR-LN-100424,TKN-SHA256-9235EDD1,Samuel Ali,ID-HASH-BFD7636567,BOSA-EMG,Emergency Medical Facility,80000.00,71000.00,3000.00,0,STAGE_1_PERFORMING,0.22%,2.4x,BOMET_BRANCH
2025-10-31,STR-LN-100425,TKN-SHA256-51CBF2BA,David Cheruiyot,ID-HASH-47B74C490C,BOSA-SCH,School Fees Advance,150000.00,114000.00,5500.00,10,STAGE_1_EARLY_WATCH,3.59%,2.9x,NANDI_HILLS
2025-10-31,STR-LN-100426,TKN-SHA256-63A46257,James Njoroge,ID-HASH-65E50285BD,ASSET-FIN,Vehicle & Asset Finance,4250000.00,2696000.00,149000.00,0,STAGE_1_PERFORMING,0.33%,1.3x,UPPER_HILL
2025-10-31,STR-LN-100427,TKN-SHA256-CF08F9C6,James Kimani,ID-HASH-C4A0EC1148,AGRI-TEA,Tea & Coffee Farm Development,1175000.00,200000.00,41000.00,0,STAGE_1_PERFORMING,0.70%,2.2x,KERICHO_CENTRAL
2025-10-31,STR-LN-100428,TKN-SHA256-A796500D,Geoffrey Kariuki,ID-HASH-9855F8671B,BOSA-SCH,School Fees Advance,165000.00,143000.00,6000.00,0,STAGE_1_PERFORMING,0.30%,3.3x,HQ_NAIROBI
2025-10-31,STR-LN-100429,TKN-SHA256-B6648613,Hassan Sang,ID-HASH-2675C657D8,BOSA-NRM,Development Loan Normal,2495000.00,1369000.00,87500.00,0,STAGE_1_PERFORMING,0.66%,3.7x,UPPER_HILL
2025-10-31,STR-LN-100430,TKN-SHA256-D33174B5,Grace Ruto,ID-HASH-885A3CCCE8,AGRI-TEA,Tea & Coffee Farm Development,895000.00,342000.00,31500.00,0,STAGE_1_PERFORMING,0.89%,3.4x,KISUMU_BR
2025-10-31,STR-LN-100431,TKN-SHA256-DBBE99BD,Kiprono Bett,ID-HASH-8BED991D96,AGRI-TEA,Tea & Coffee Farm Development,290000.00,150000.00,10000.00,0,STAGE_1_PERFORMING,0.52%,3.7x,NAKURU_BR
2025-10-31,STR-LN-100432,TKN-SHA256-20317BB7,Wesley Kamau,ID-HASH-00627903A0,ASSET-FIN,Vehicle & Asset Finance,1235000.00,1084000.00,43000.00,0,STAGE_1_PERFORMING,0.68%,1.6x,KERICHO_CENTRAL
2025-10-31,STR-LN-100433,TKN-SHA256-0C03B983,Kiprono Otieno,ID-HASH-107EB771AE,BOSA-SCH,School Fees Advance,135000.00,46000.00,4500.00,13,STAGE_1_EARLY_WATCH,2.87%,3.7x,BOMET_BRANCH
2025-10-31,STR-LN-100434,TKN-SHA256-FEF08BD4,Samuel Omondi,ID-HASH-8CFE742680,MSME-WCP,Business Working Capital,1250000.00,288000.00,44000.00,0,STAGE_1_PERFORMING,0.39%,2.7x,NANDI_HILLS
2025-10-31,STR-LN-100435,TKN-SHA256-2BD672F9,John Langat,ID-HASH-D8783F54A4,BOSA-SCH,School Fees Advance,175000.00,151000.00,6000.00,0,STAGE_1_PERFORMING,0.40%,4.0x,KERICHO_CENTRAL
2025-10-31,STR-LN-100436,TKN-SHA256-93265C56,David Achieng,ID-HASH-E19D2F2900,BOSA-NRM,Development Loan Normal,2840000.00,2191000.00,99500.00,0,STAGE_1_PERFORMING,0.63%,4.1x,BOMET_BRANCH
2025-10-31,STR-LN-100437,TKN-SHA256-0676EE14,Grace Ochieng,ID-HASH-3E9E8162A4,BOSA-SCH,School Fees Advance,140000.00,44000.00,5000.00,4,STAGE_1_EARLY_WATCH,2.52%,4.1x,BOMET_BRANCH
2025-10-31,STR-LN-100438,TKN-SHA256-36E78B52,Tabitha Achieng,ID-HASH-5CBB561273,ASSET-FIN,Vehicle & Asset Finance,2190000.00,1168000.00,76500.00,0,STAGE_1_PERFORMING,0.74%,2.0x,ELDORET_BR
2025-10-31,STR-LN-100439,TKN-SHA256-0BB9C06E,Geoffrey Otieno,ID-HASH-66502E9281,AGRI-TEA,Tea & Coffee Farm Development,685000.00,596000.00,24000.00,0,STAGE_1_PERFORMING,0.92%,2.9x,WESTLANDS
2025-10-31,STR-LN-100440,TKN-SHA256-FC4C6847,James Kiptoo,ID-HASH-23BC85C1FA,BOSA-EMG,Emergency Medical Facility,235000.00,125000.00,8000.00,0,STAGE_1_PERFORMING,0.44%,2.7x,UPPER_HILL
2025-10-31,STR-LN-100441,TKN-SHA256-A800BC13,Catherine Langat,ID-HASH-D48C7FBFA8,FOSA-ADV,Salary Advance 30D,50000.00,29000.00,2000.00,0,STAGE_1_PERFORMING,0.33%,1.2x,MOMBASA_BR
2025-10-31,STR-LN-100442,TKN-SHA256-91DF616B,Emmanuel Otieno,ID-HASH-B0BC7084ED,ASSET-FIN,Vehicle & Asset Finance,3685000.00,1521000.00,129000.00,0,STAGE_1_PERFORMING,0.24%,1.8x,ELDORET_BR
2025-10-31,STR-LN-100443,TKN-SHA256-0CDFC9D1,Kiprono Kimani,ID-HASH-36CA2B4DBF,MSME-WCP,Business Working Capital,305000.00,170000.00,10500.00,0,STAGE_1_PERFORMING,0.50%,2.4x,UPPER_HILL
2025-10-31,STR-LN-100444,TKN-SHA256-0414CEBB,John Koech,ID-HASH-248AAE22AC,BOSA-EMG,Emergency Medical Facility,125000.00,57000.00,4500.00,0,STAGE_1_PERFORMING,0.84%,2.9x,BOMET_BRANCH
2025-10-31,STR-LN-100445,TKN-SHA256-99CABA28,Peter Njoroge,ID-HASH-143815F783,ASSET-FIN,Vehicle & Asset Finance,3990000.00,3417000.00,139500.00,0,STAGE_1_PERFORMING,0.40%,1.4x,HQ_NAIROBI
2025-10-31,STR-LN-100446,TKN-SHA256-FA9B1C67,David Bett,ID-HASH-91898199B1,FOSA-ADV,Salary Advance 30D,25000.00,23000.00,1000.00,0,STAGE_1_PERFORMING,0.16%,1.0x,HQ_NAIROBI
2025-10-31,STR-LN-100447,TKN-SHA256-AF71A65D,Fatuma Cheruiyot,ID-HASH-ECD1C81198,BOSA-SCH,School Fees Advance,250000.00,98000.00,9000.00,0,STAGE_1_PERFORMING,0.81%,4.7x,MOMBASA_BR
2025-10-31,STR-LN-100448,TKN-SHA256-FE215424,Mercy Chebet,ID-HASH-18EB8D65AF,FOSA-ADV,Salary Advance 30D,70000.00,16000.00,2500.00,0,STAGE_1_PERFORMING,0.70%,1.3x,MOMBASA_BR
2025-10-31,STR-LN-100449,TKN-SHA256-73E02436,Kiprono Achieng,ID-HASH-1D765B9FF4,BOSA-SCH,School Fees Advance,210000.00,147000.00,7500.00,0,STAGE_1_PERFORMING,0.34%,3.9x,KISUMU_BR
2025-10-31,STR-LN-100450,TKN-SHA256-83994BF3,Kiprono Rono,ID-HASH-3F21C37A8A,ASSET-FIN,Vehicle & Asset Finance,1855000.00,1181000.00,65000.00,0,STAGE_1_PERFORMING,0.60%,1.6x,ELDORET_BR
2025-10-31,STR-LN-100451,TKN-SHA256-CD791BD4,Kiprono Kamau,ID-HASH-D45A54D19E,FOSA-ADV,Salary Advance 30D,100000.00,41000.00,3500.00,0,STAGE_1_PERFORMING,0.77%,0.9x,NANDI_HILLS
2025-10-31,STR-LN-100452,TKN-SHA256-B04A46B7,Tabitha Bett,ID-HASH-9EDE2A444A,AGRI-TEA,Tea & Coffee Farm Development,460000.00,316000.00,16000.00,0,STAGE_1_PERFORMING,0.73%,2.7x,WESTLANDS
2025-10-31,STR-LN-100453,TKN-SHA256-B6C0CA85,David Mwangi,ID-HASH-E0AD32A3BC,BOSA-NRM,Development Loan Normal,1740000.00,767000.00,61000.00,0,STAGE_1_PERFORMING,0.18%,4.2x,MOMBASA_BR
2025-10-31,STR-LN-100454,TKN-SHA256-1EAE5B09,Bernard Mwangi,ID-HASH-DAE329A4F9,BOSA-NRM,Development Loan Normal,2790000.00,472000.00,97500.00,0,STAGE_1_PERFORMING,0.23%,4.3x,NANDI_HILLS
2025-10-31,STR-LN-100455,TKN-SHA256-E3C31490,Grace Korir,ID-HASH-C97A45D700,ASSET-FIN,Vehicle & Asset Finance,2645000.00,1855000.00,92500.00,2,STAGE_1_EARLY_WATCH,1.37%,1.6x,WESTLANDS
2025-10-31,STR-LN-100456,TKN-SHA256-5DFC506F,Catherine Kariuki,ID-HASH-42955AE21C,MSME-WCP,Business Working Capital,710000.00,148000.00,25000.00,0,STAGE_1_PERFORMING,0.75%,1.6x,KERICHO_CENTRAL
2025-10-31,STR-LN-100457,TKN-SHA256-2B336FDA,Gladys Achieng,ID-HASH-CEBD5AEDA2,ASSET-FIN,Vehicle & Asset Finance,2280000.00,485000.00,80000.00,0,STAGE_1_PERFORMING,0.34%,1.5x,UPPER_HILL
2025-10-31,STR-LN-100458,TKN-SHA256-41EB4980,Philemon Rono,ID-HASH-67741F0B41,AGRI-TEA,Tea & Coffee Farm Development,1190000.00,878000.00,41500.00,0,STAGE_1_PERFORMING,0.85%,2.8x,HQ_NAIROBI
2025-10-31,STR-LN-100459,TKN-SHA256-32B34E4E,David Gitonga,ID-HASH-F747404EB3,BOSA-NRM,Development Loan Normal,2565000.00,1712000.00,90000.00,0,STAGE_1_PERFORMING,0.53%,2.9x,HQ_NAIROBI
2025-10-31,STR-LN-100460,TKN-SHA256-06EACD23,David Kariuki,ID-HASH-2F631B795C,FOSA-ADV,Salary Advance 30D,65000.00,29000.00,2500.00,14,STAGE_1_EARLY_WATCH,3.71%,1.0x,KERICHO_CENTRAL
2025-10-31,STR-LN-100461,TKN-SHA256-2E7EEC71,Kiprono Kariuki,ID-HASH-B5FA012910,BOSA-NRM,Development Loan Normal,1590000.00,303000.00,55500.00,0,STAGE_1_PERFORMING,0.70%,2.7x,BOMET_BRANCH
2025-10-31,STR-LN-100462,TKN-SHA256-C92A7135,Hassan Chebet,ID-HASH-706EB40ED0,BOSA-SCH,School Fees Advance,185000.00,82000.00,6500.00,0,STAGE_1_PERFORMING,0.29%,3.6x,UPPER_HILL
2025-10-31,STR-LN-100463,TKN-SHA256-17ED87D6,Catherine Sang,ID-HASH-E6773A7A0C,MSME-WCP,Business Working Capital,1120000.00,253000.00,39000.00,0,STAGE_1_PERFORMING,0.77%,1.7x,NANDI_HILLS
2025-10-31,STR-LN-100464,TKN-SHA256-BF83E8A2,Alice Otieno,ID-HASH-F06064D1D2,ASSET-FIN,Vehicle & Asset Finance,2375000.00,2231000.00,83000.00,0,STAGE_1_PERFORMING,0.72%,1.5x,NANDI_HILLS
2025-10-31,STR-LN-100465,TKN-SHA256-E5D0842F,Stephen Cheruiyot,ID-HASH-D7CD668DD0,MSME-WCP,Business Working Capital,845000.00,192000.00,29500.00,0,STAGE_1_PERFORMING,0.66%,1.5x,KISUMU_BR
2025-10-31,STR-LN-100466,TKN-SHA256-E96C1321,Stephen Siele,ID-HASH-73D1CEF967,AGRI-TEA,Tea & Coffee Farm Development,1195000.00,930000.00,42000.00,0,STAGE_1_PERFORMING,0.33%,3.0x,HQ_NAIROBI
2025-10-31,STR-LN-100467,TKN-SHA256-2C8CB8DF,Geoffrey Ruto,ID-HASH-4890163059,ASSET-FIN,Vehicle & Asset Finance,3705000.00,2753000.00,129500.00,0,STAGE_1_PERFORMING,0.43%,1.2x,UPPER_HILL
2025-10-31,STR-LN-100468,TKN-SHA256-24C2ACB6,Mercy Rono,ID-HASH-4B31DB5B9A,FOSA-ADV,Salary Advance 30D,110000.00,36000.00,4000.00,21,STAGE_1_EARLY_WATCH,1.53%,1.6x,WESTLANDS
2025-10-31,STR-LN-100469,TKN-SHA256-A7B85946,Mary Mutua,ID-HASH-4132A55DE8,ASSET-FIN,Vehicle & Asset Finance,4150000.00,1244000.00,145000.00,0,STAGE_1_PERFORMING,0.71%,1.5x,BOMET_BRANCH
2025-10-31,STR-LN-100470,TKN-SHA256-5A2B5004,Jane Kimani,ID-HASH-233EC00A42,MSME-WCP,Business Working Capital,1100000.00,214000.00,38500.00,0,STAGE_1_PERFORMING,0.47%,2.4x,BOMET_BRANCH
2025-10-31,STR-LN-100471,TKN-SHA256-16AD8B68,Alice Mwangi,ID-HASH-CB7CBEC723,ASSET-FIN,Vehicle & Asset Finance,1935000.00,741000.00,67500.00,0,STAGE_1_PERFORMING,0.54%,2.0x,UPPER_HILL
2025-10-31,STR-LN-100472,TKN-SHA256-7B793CDB,Beatrice Kariuki,ID-HASH-B3A535E1B5,BOSA-EMG,Emergency Medical Facility,190000.00,77000.00,6500.00,0,STAGE_1_PERFORMING,0.41%,2.4x,HQ_NAIROBI
2025-10-31,STR-LN-100473,TKN-SHA256-FACAD503,Fatuma Kariuki,ID-HASH-D44249EA0C,BOSA-SCH,School Fees Advance,60000.00,43000.00,2000.00,0,STAGE_1_PERFORMING,0.39%,5.1x,KERICHO_CENTRAL
2025-10-31,STR-LN-100474,TKN-SHA256-1DB5BF74,Hassan Wanjiku,ID-HASH-92309D7FC5,MSME-WCP,Business Working Capital,930000.00,373000.00,32500.00,13,STAGE_1_EARLY_WATCH,1.35%,1.7x,HQ_NAIROBI
2025-10-31,STR-LN-100475,TKN-SHA256-60AF65E9,Catherine Ruto,ID-HASH-403FDDB655,AGRI-TEA,Tea & Coffee Farm Development,245000.00,152000.00,8500.00,0,STAGE_1_PERFORMING,0.79%,2.9x,HQ_NAIROBI
2025-10-31,STR-LN-100476,TKN-SHA256-3B9F2034,Grace Wanjiku,ID-HASH-75A775417A,FOSA-ADV,Salary Advance 30D,120000.00,23000.00,4000.00,0,STAGE_1_PERFORMING,0.70%,1.3x,ELDORET_BR
2025-10-31,STR-LN-100477,TKN-SHA256-67F80424,Grace Gitonga,ID-HASH-7AFC8D1FD3,BOSA-SCH,School Fees Advance,205000.00,138000.00,7000.00,27,STAGE_1_EARLY_WATCH,3.92%,3.4x,BOMET_BRANCH
2025-10-31,STR-LN-100478,TKN-SHA256-46489CA1,Geoffrey Gitonga,ID-HASH-66D068E803,AGRI-TEA,Tea & Coffee Farm Development,1065000.00,856000.00,37500.00,0,STAGE_1_PERFORMING,0.90%,2.1x,HQ_NAIROBI
2025-10-31,STR-LN-100479,TKN-SHA256-7AF9B58F,Bernard Cheruiyot,ID-HASH-EC609401D6,BOSA-NRM,Development Loan Normal,1205000.00,193000.00,42000.00,0,STAGE_1_PERFORMING,0.42%,3.5x,NANDI_HILLS
2025-10-31,STR-LN-100480,TKN-SHA256-90EB959F,James Korir,ID-HASH-F9E29DBE83,MSME-WCP,Business Working Capital,1400000.00,522000.00,49000.00,0,STAGE_1_PERFORMING,0.82%,2.3x,UPPER_HILL
2025-10-31,STR-LN-100481,TKN-SHA256-4DB179E2,Fatuma Wanjiku,ID-HASH-357AA06D55,MSME-WCP,Business Working Capital,1135000.00,694000.00,39500.00,0,STAGE_1_PERFORMING,0.17%,2.6x,ELDORET_BR
2025-10-31,STR-LN-100482,TKN-SHA256-8EB541F9,Mary Langat,ID-HASH-D062B470AC,AGRI-TEA,Tea & Coffee Farm Development,1170000.00,792000.00,41000.00,0,STAGE_1_PERFORMING,0.66%,2.7x,NANDI_HILLS
2025-10-31,STR-LN-100483,TKN-SHA256-20A8B260,Geoffrey Chebet,ID-HASH-0DD7219831,BOSA-SCH,School Fees Advance,100000.00,17000.00,3500.00,0,STAGE_1_PERFORMING,0.60%,4.2x,HQ_NAIROBI
2025-10-31,STR-LN-100484,TKN-SHA256-2CB2E5B3,Philemon Bett,ID-HASH-2DD6703889,AGRI-TEA,Tea & Coffee Farm Development,240000.00,167000.00,8500.00,0,STAGE_1_PERFORMING,0.60%,3.7x,HQ_NAIROBI
2025-10-31,STR-LN-100485,TKN-SHA256-F5518214,Peter Korir,ID-HASH-2FF92FC617,BOSA-NRM,Development Loan Normal,1945000.00,340000.00,68000.00,0,STAGE_1_PERFORMING,0.39%,4.2x,MOMBASA_BR
2025-10-31,STR-LN-100486,TKN-SHA256-002A304A,Mercy Koech,ID-HASH-EAD0EBE2E1,FOSA-ADV,Salary Advance 30D,75000.00,12000.00,2500.00,0,STAGE_1_PERFORMING,0.39%,1.2x,WESTLANDS
2025-10-31,STR-LN-100487,TKN-SHA256-2A2B002E,Cosmas Bett,ID-HASH-41024DCEC5,BOSA-NRM,Development Loan Normal,1195000.00,339000.00,42000.00,0,STAGE_1_PERFORMING,0.79%,3.7x,NANDI_HILLS
2025-10-31,STR-LN-100488,TKN-SHA256-5AFE0D13,James Ochieng,ID-HASH-56997D286F,ASSET-FIN,Vehicle & Asset Finance,2080000.00,325000.00,73000.00,0,STAGE_1_PERFORMING,0.35%,1.2x,UPPER_HILL
2025-10-31,STR-LN-100489,TKN-SHA256-1474300D,Kiprono Njoroge,ID-HASH-61543FAB82,BOSA-NRM,Development Loan Normal,2720000.00,2536000.00,95000.00,0,STAGE_1_PERFORMING,0.83%,3.0x,WESTLANDS
2025-10-31,STR-LN-100490,TKN-SHA256-7C8A5076,David Koech,ID-HASH-A057453472,FOSA-ADV,Salary Advance 30D,75000.00,23000.00,2500.00,0,STAGE_1_PERFORMING,0.26%,1.5x,UPPER_HILL
2025-10-31,STR-LN-100491,TKN-SHA256-FB5C1FA9,Jane Kariuki,ID-HASH-42BB237396,FOSA-ADV,Salary Advance 30D,65000.00,11000.00,2500.00,0,STAGE_1_PERFORMING,0.87%,1.4x,ELDORET_BR
2025-10-31,STR-LN-100492,TKN-SHA256-7C4E1209,Philemon Omondi,ID-HASH-274F3590E2,BOSA-EMG,Emergency Medical Facility,165000.00,150000.00,6000.00,0,STAGE_1_PERFORMING,0.63%,3.0x,NANDI_HILLS
2025-10-31,STR-LN-100493,TKN-SHA256-85D19E84,Fatuma Otieno,ID-HASH-352CBF099A,MSME-WCP,Business Working Capital,1510000.00,1244000.00,53000.00,0,STAGE_1_PERFORMING,0.82%,1.7x,NANDI_HILLS
2025-10-31,STR-LN-100494,TKN-SHA256-DD31D05E,Mercy Korir,ID-HASH-70D8BF7FB8,ASSET-FIN,Vehicle & Asset Finance,2785000.00,2018000.00,97500.00,49,STAGE_2_UNDERPERFORMING,7.72%,1.8x,BOMET_BRANCH
2025-10-31,STR-LN-100495,TKN-SHA256-DECBE183,John Omondi,ID-HASH-E2A9F109A3,MSME-WCP,Business Working Capital,670000.00,415000.00,23500.00,0,STAGE_1_PERFORMING,0.82%,2.6x,WESTLANDS
2025-10-31,STR-LN-100496,TKN-SHA256-5E451C27,Wesley Chebet,ID-HASH-BF7794ECB2,BOSA-SCH,School Fees Advance,80000.00,14000.00,3000.00,132,STAGE_3_NON_PERFORMING,37.64%,4.6x,BOMET_BRANCH
2025-10-31,STR-LN-100497,TKN-SHA256-42831538,Mercy Korir,ID-HASH-1CFCCB2BB4,FOSA-ADV,Salary Advance 30D,100000.00,87000.00,3500.00,0,STAGE_1_PERFORMING,0.41%,1.0x,KISUMU_BR
2025-10-31,STR-LN-100498,TKN-SHA256-3F4B5E23,Alice Ruto,ID-HASH-BAFB9E63F6,BOSA-EMG,Emergency Medical Facility,130000.00,66000.00,4500.00,26,STAGE_1_EARLY_WATCH,1.65%,2.4x,HQ_NAIROBI
2025-10-31,STR-LN-100499,TKN-SHA256-3EB22658,Wesley Kamau,ID-HASH-478788D017,MSME-WCP,Business Working Capital,1645000.00,399000.00,57500.00,0,STAGE_1_PERFORMING,0.51%,2.0x,HQ_NAIROBI
2025-10-31,STR-LN-100500,TKN-SHA256-128D16E6,Grace Kiptoo,ID-HASH-05E76C7416,BOSA-SCH,School Fees Advance,165000.00,90000.00,6000.00,0,STAGE_1_PERFORMING,0.78%,4.6x,KISUMU_BR
2025-10-31,STR-LN-100501,TKN-SHA256-B7E0CF74,Beatrice Kiptoo,ID-HASH-255A8B8DE0,ASSET-FIN,Vehicle & Asset Finance,1885000.00,731000.00,66000.00,0,STAGE_1_PERFORMING,0.42%,1.6x,KERICHO_CENTRAL
2025-10-31,STR-LN-100502,TKN-SHA256-40FE3D2B,Geoffrey Chebet,ID-HASH-31DFD290B4,ASSET-FIN,Vehicle & Asset Finance,1645000.00,1406000.00,57500.00,0,STAGE_1_PERFORMING,0.25%,1.8x,NANDI_HILLS
2025-10-31,STR-LN-100503,TKN-SHA256-40413360,Fatuma Achieng,ID-HASH-0D86A76FFE,BOSA-EMG,Emergency Medical Facility,275000.00,149000.00,9500.00,0,STAGE_1_PERFORMING,0.80%,2.5x,NAKURU_BR
2025-10-31,STR-LN-100504,TKN-SHA256-D295DB9F,Stephen Njoroge,ID-HASH-668EF43701,AGRI-TEA,Tea & Coffee Farm Development,430000.00,311000.00,15000.00,22,STAGE_1_EARLY_WATCH,3.00%,2.3x,KISUMU_BR
2025-10-31,STR-LN-100505,TKN-SHA256-15A24C16,David Omondi,ID-HASH-051B7010FD,BOSA-SCH,School Fees Advance,100000.00,37000.00,3500.00,76,STAGE_2_UNDERPERFORMING,10.36%,4.9x,KISUMU_BR
2025-10-31,STR-LN-100506,TKN-SHA256-D31BCE40,Stephen Ruto,ID-HASH-545834D293,BOSA-EMG,Emergency Medical Facility,140000.00,55000.00,5000.00,25,STAGE_1_EARLY_WATCH,1.94%,2.9x,ELDORET_BR
2025-10-31,STR-LN-100507,TKN-SHA256-8D4C0C6E,David Koech,ID-HASH-41736C43DC,MSME-WCP,Business Working Capital,945000.00,715000.00,33000.00,0,STAGE_1_PERFORMING,0.80%,2.5x,WESTLANDS
2025-10-31,STR-LN-100508,TKN-SHA256-609E3197,Stephen Kimani,ID-HASH-3CBDC9E751,BOSA-SCH,School Fees Advance,75000.00,66000.00,2500.00,0,STAGE_1_PERFORMING,0.26%,5.0x,UPPER_HILL
2025-10-31,STR-LN-100509,TKN-SHA256-9F9A45EC,Samuel Ochieng,ID-HASH-56825BDDA1,ASSET-FIN,Vehicle & Asset Finance,4510000.00,1363000.00,158000.00,0,STAGE_1_PERFORMING,0.50%,1.3x,UPPER_HILL
2025-10-31,STR-LN-100510,TKN-SHA256-1544DBDE,Wesley Langat,ID-HASH-4388D0C6AD,ASSET-FIN,Vehicle & Asset Finance,4285000.00,841000.00,150000.00,0,STAGE_1_PERFORMING,0.29%,1.3x,KISUMU_BR
2025-10-31,STR-LN-100511,TKN-SHA256-0740CA12,John Langat,ID-HASH-4FF240F793,MSME-WCP,Business Working Capital,505000.00,435000.00,17500.00,0,STAGE_1_PERFORMING,0.30%,2.5x,NANDI_HILLS
2025-10-31,STR-LN-100512,TKN-SHA256-12579A09,Emmanuel Otieno,ID-HASH-D88DBD4824,BOSA-NRM,Development Loan Normal,950000.00,722000.00,33000.00,0,STAGE_1_PERFORMING,0.91%,3.3x,UPPER_HILL
2025-10-31,STR-LN-100513,TKN-SHA256-864C6E41,David Cheruiyot,ID-HASH-6F593059C6,MSME-WCP,Business Working Capital,375000.00,124000.00,13000.00,150,STAGE_3_NON_PERFORMING,31.14%,1.6x,WESTLANDS
2025-10-31,STR-LN-100514,TKN-SHA256-7E22D08D,James Korir,ID-HASH-A4ADB4A352,BOSA-NRM,Development Loan Normal,2295000.00,733000.00,80500.00,17,STAGE_1_EARLY_WATCH,2.72%,3.9x,MOMBASA_BR
2025-10-31,STR-LN-100515,TKN-SHA256-0F8F9A9E,Lucy Ali,ID-HASH-D5FA2D0DE0,BOSA-SCH,School Fees Advance,65000.00,26000.00,2500.00,0,STAGE_1_PERFORMING,0.50%,3.3x,MOMBASA_BR
2025-10-31,STR-LN-100516,TKN-SHA256-FF531DDD,Stephen Ochieng,ID-HASH-70A66B31EA,MSME-WCP,Business Working Capital,845000.00,610000.00,29500.00,0,STAGE_1_PERFORMING,0.41%,2.1x,WESTLANDS
2025-10-31,STR-LN-100517,TKN-SHA256-9B6237FA,James Cheruiyot,ID-HASH-EB373F5C4C,BOSA-NRM,Development Loan Normal,2605000.00,2274000.00,91000.00,0,STAGE_1_PERFORMING,0.59%,4.3x,NAKURU_BR
2025-10-31,STR-LN-100518,TKN-SHA256-15357FD2,Gladys Ali,ID-HASH-BC470BF0BD,BOSA-SCH,School Fees Advance,125000.00,20000.00,4500.00,0,STAGE_1_PERFORMING,0.83%,3.9x,NAKURU_BR
2025-10-31,STR-LN-100519,TKN-SHA256-976853FC,Gladys Rono,ID-HASH-D31A30372E,BOSA-EMG,Emergency Medical Facility,90000.00,74000.00,3000.00,17,STAGE_1_EARLY_WATCH,4.08%,1.9x,WESTLANDS
2025-10-31,STR-LN-100520,TKN-SHA256-1E2BA938,Gladys Wanjiku,ID-HASH-53954C1690,FOSA-ADV,Salary Advance 30D,130000.00,45000.00,4500.00,0,STAGE_1_PERFORMING,0.56%,1.2x,MOMBASA_BR
2025-10-31,STR-LN-100521,TKN-SHA256-64352A42,Kiprono Bett,ID-HASH-B8E742E82B,BOSA-NRM,Development Loan Normal,2350000.00,2025000.00,82500.00,0,STAGE_1_PERFORMING,0.25%,4.2x,ELDORET_BR
2025-10-31,STR-LN-100522,TKN-SHA256-A163716B,Grace Siele,ID-HASH-8717598DF5,BOSA-NRM,Development Loan Normal,3400000.00,1868000.00,119000.00,0,STAGE_1_PERFORMING,0.31%,3.7x,ELDORET_BR
2025-10-31,STR-LN-100523,TKN-SHA256-1350543F,Mercy Siele,ID-HASH-2D08914B95,FOSA-ADV,Salary Advance 30D,40000.00,14000.00,1500.00,0,STAGE_1_PERFORMING,0.78%,1.0x,KISUMU_BR
2025-10-31,STR-LN-100524,TKN-SHA256-2F053CB6,James Sang,ID-HASH-61461235CE,BOSA-EMG,Emergency Medical Facility,95000.00,86000.00,3500.00,156,STAGE_3_NON_PERFORMING,22.62%,2.0x,WESTLANDS
2025-10-31,STR-LN-100525,TKN-SHA256-BEFA1929,Catherine Rono,ID-HASH-58B1F8AB62,AGRI-TEA,Tea & Coffee Farm Development,1065000.00,543000.00,37500.00,78,STAGE_2_UNDERPERFORMING,9.70%,3.8x,NAKURU_BR
2025-10-31,STR-LN-100526,TKN-SHA256-79B7AB93,James Mwangi,ID-HASH-C5BBC583CE,FOSA-ADV,Salary Advance 30D,90000.00,14000.00,3000.00,0,STAGE_1_PERFORMING,0.65%,1.3x,KERICHO_CENTRAL
2025-10-31,STR-LN-100527,TKN-SHA256-680724A8,Mary Ruto,ID-HASH-A8BED8E5BF,BOSA-NRM,Development Loan Normal,1660000.00,788000.00,58000.00,0,STAGE_1_PERFORMING,0.83%,3.7x,NAKURU_BR
2025-10-31,STR-LN-100528,TKN-SHA256-3F41A153,Mary Sang,ID-HASH-734AD23C7D,BOSA-SCH,School Fees Advance,230000.00,157000.00,8000.00,27,STAGE_1_EARLY_WATCH,1.50%,4.2x,KISUMU_BR
2025-10-31,STR-LN-100529,TKN-SHA256-33450AF3,Dennis Kiptoo,ID-HASH-6511363898,AGRI-TEA,Tea & Coffee Farm Development,1065000.00,724000.00,37500.00,0,STAGE_1_PERFORMING,0.62%,2.3x,NAKURU_BR
2025-10-31,STR-LN-100530,TKN-SHA256-136644C1,Geoffrey Wanjiku,ID-HASH-CAAA56B33A,BOSA-NRM,Development Loan Normal,3335000.00,2185000.00,116500.00,0,STAGE_1_PERFORMING,0.64%,3.8x,KERICHO_CENTRAL
2025-10-31,STR-LN-100531,TKN-SHA256-41F680DD,Geoffrey Ruto,ID-HASH-097B370A24,MSME-WCP,Business Working Capital,220000.00,133000.00,7500.00,0,STAGE_1_PERFORMING,0.70%,2.1x,NAKURU_BR
2025-10-31,STR-LN-100532,TKN-SHA256-6E2AAEAE,Kiprono Mutua,ID-HASH-96314BA167,MSME-WCP,Business Working Capital,210000.00,184000.00,7500.00,0,STAGE_1_PERFORMING,0.36%,1.7x,NAKURU_BR
2025-10-31,STR-LN-100533,TKN-SHA256-D7FE20A9,David Omondi,ID-HASH-CFB90DAA95,BOSA-NRM,Development Loan Normal,605000.00,311000.00,21000.00,0,STAGE_1_PERFORMING,0.35%,3.5x,MOMBASA_BR
2025-10-31,STR-LN-100534,TKN-SHA256-C7A072BC,Jane Rono,ID-HASH-3155408044,FOSA-ADV,Salary Advance 30D,40000.00,14000.00,1500.00,0,STAGE_1_PERFORMING,0.86%,1.3x,MOMBASA_BR
2025-10-31,STR-LN-100535,TKN-SHA256-EE81C7B2,Geoffrey Kiptoo,ID-HASH-F0C9CE2DA4,ASSET-FIN,Vehicle & Asset Finance,3010000.00,1119000.00,105500.00,0,STAGE_1_PERFORMING,0.66%,1.3x,NANDI_HILLS
2025-10-31,STR-LN-100536,TKN-SHA256-E7F4F1F7,Beatrice Langat,ID-HASH-46A7550E7A,BOSA-SCH,School Fees Advance,235000.00,220000.00,8000.00,0,STAGE_1_PERFORMING,0.78%,3.7x,ELDORET_BR
2025-10-31,STR-LN-100537,TKN-SHA256-5538573E,Fatuma Ruto,ID-HASH-2107714BA4,MSME-WCP,Business Working Capital,770000.00,553000.00,27000.00,0,STAGE_1_PERFORMING,0.47%,1.9x,NANDI_HILLS
2025-10-31,STR-LN-100538,TKN-SHA256-E95DDAF2,Cosmas Kiptoo,ID-HASH-DA69329970,MSME-WCP,Business Working Capital,1325000.00,441000.00,46500.00,0,STAGE_1_PERFORMING,0.44%,1.5x,BOMET_BRANCH
2025-10-31,STR-LN-100539,TKN-SHA256-638B82F3,Beatrice Achieng,ID-HASH-C167121E62,ASSET-FIN,Vehicle & Asset Finance,3105000.00,953000.00,108500.00,0,STAGE_1_PERFORMING,0.48%,1.6x,UPPER_HILL
2025-10-31,STR-LN-100540,TKN-SHA256-485810C8,David Otieno,ID-HASH-E28460BDD5,MSME-WCP,Business Working Capital,1515000.00,850000.00,53000.00,0,STAGE_1_PERFORMING,0.29%,2.4x,KISUMU_BR
2025-10-31,STR-LN-100541,TKN-SHA256-FE15B6E3,Dennis Mutua,ID-HASH-A8CC2C2DB0,BOSA-NRM,Development Loan Normal,3065000.00,2206000.00,107500.00,0,STAGE_1_PERFORMING,0.44%,4.0x,BOMET_BRANCH
2025-10-31,STR-LN-100542,TKN-SHA256-0B7C7354,Lucy Achieng,ID-HASH-982F65FB1B,AGRI-TEA,Tea & Coffee Farm Development,965000.00,299000.00,34000.00,65,STAGE_2_UNDERPERFORMING,6.98%,2.6x,ELDORET_BR
2025-10-31,STR-LN-100543,TKN-SHA256-BC827550,Geoffrey Wanjiku,ID-HASH-5EC88FDFBE,MSME-WCP,Business Working Capital,1175000.00,984000.00,41000.00,0,STAGE_1_PERFORMING,0.77%,1.8x,HQ_NAIROBI
2025-10-31,STR-LN-100544,TKN-SHA256-F67C64B8,David Siele,ID-HASH-C57D6A4636,MSME-WCP,Business Working Capital,1660000.00,1367000.00,58000.00,0,STAGE_1_PERFORMING,0.38%,2.7x,HQ_NAIROBI
2025-10-31,STR-LN-100545,TKN-SHA256-4968559B,Philemon Mwangi,ID-HASH-C78558B11B,AGRI-TEA,Tea & Coffee Farm Development,1160000.00,763000.00,40500.00,0,STAGE_1_PERFORMING,0.80%,2.9x,BOMET_BRANCH
2025-10-31,STR-LN-100546,TKN-SHA256-147D7AF5,Emmanuel Ochieng,ID-HASH-C90A68B773,BOSA-NRM,Development Loan Normal,3350000.00,641000.00,117500.00,0,STAGE_1_PERFORMING,0.49%,3.6x,NAKURU_BR
2025-10-31,STR-LN-100547,TKN-SHA256-4670E922,Geoffrey Ochieng,ID-HASH-560C68F1FD,AGRI-TEA,Tea & Coffee Farm Development,990000.00,895000.00,34500.00,0,STAGE_1_PERFORMING,0.82%,2.6x,NANDI_HILLS
2025-10-31,STR-LN-100548,TKN-SHA256-BE445E14,Tabitha Ruto,ID-HASH-79C675D2E9,MSME-WCP,Business Working Capital,1130000.00,300000.00,39500.00,0,STAGE_1_PERFORMING,0.18%,2.5x,UPPER_HILL
2025-10-31,STR-LN-100549,TKN-SHA256-63D46FE8,Catherine Wanjiku,ID-HASH-42ED735B58,AGRI-TEA,Tea & Coffee Farm Development,320000.00,209000.00,11000.00,0,STAGE_1_PERFORMING,0.49%,3.7x,HQ_NAIROBI
2025-10-31,STR-LN-100550,TKN-SHA256-BA8E8286,Hassan Ochieng,ID-HASH-914B1198DE,BOSA-SCH,School Fees Advance,155000.00,35000.00,5500.00,0,STAGE_1_PERFORMING,0.20%,4.4x,KISUMU_BR
2025-10-31,STR-LN-100551,TKN-SHA256-B4C07F33,John Kiptoo,ID-HASH-C8799C76E7,BOSA-EMG,Emergency Medical Facility,65000.00,35000.00,2500.00,0,STAGE_1_PERFORMING,0.91%,2.5x,KISUMU_BR
2025-10-31,STR-LN-100552,TKN-SHA256-A785E0A5,Cosmas Wanjiku,ID-HASH-91F7E409E7,MSME-WCP,Business Working Capital,545000.00,427000.00,19000.00,0,STAGE_1_PERFORMING,0.18%,1.7x,WESTLANDS
2025-10-31,STR-LN-100553,TKN-SHA256-86FCF624,Gladys Rono,ID-HASH-49593050FA,MSME-WCP,Business Working Capital,1310000.00,206000.00,46000.00,0,STAGE_1_PERFORMING,0.41%,2.4x,WESTLANDS
2025-10-31,STR-LN-100554,TKN-SHA256-746F31F6,Peter Kimani,ID-HASH-7C5F77C627,ASSET-FIN,Vehicle & Asset Finance,1860000.00,1240000.00,65000.00,0,STAGE_1_PERFORMING,0.76%,1.3x,KERICHO_CENTRAL
2025-10-31,STR-LN-100555,TKN-SHA256-10BCF5E4,Fatuma Wambui,ID-HASH-5C091E335B,MSME-WCP,Business Working Capital,290000.00,234000.00,10000.00,0,STAGE_1_PERFORMING,0.65%,2.3x,BOMET_BRANCH
2025-10-31,STR-LN-100556,TKN-SHA256-90E0EE61,Hassan Gitonga,ID-HASH-73E78BA50C,MSME-WCP,Business Working Capital,1795000.00,1563000.00,63000.00,0,STAGE_1_PERFORMING,0.92%,1.7x,ELDORET_BR
2025-10-31,STR-LN-100557,TKN-SHA256-1A69C792,Kiprono Njoroge,ID-HASH-3A4D3D5379,BOSA-NRM,Development Loan Normal,1770000.00,1563000.00,62000.00,0,STAGE_1_PERFORMING,0.20%,3.0x,NAKURU_BR
2025-10-31,STR-LN-100558,TKN-SHA256-5B09D294,Samuel Omondi,ID-HASH-0D7D0E42AB,BOSA-NRM,Development Loan Normal,2150000.00,1210000.00,75000.00,0,STAGE_1_PERFORMING,0.35%,3.0x,WESTLANDS
2025-10-31,STR-LN-100559,TKN-SHA256-DDAD10F5,Stephen Korir,ID-HASH-9C2C967797,BOSA-NRM,Development Loan Normal,1120000.00,177000.00,39000.00,25,STAGE_1_EARLY_WATCH,1.97%,3.3x,WESTLANDS
2025-10-31,STR-LN-100560,TKN-SHA256-E01F5FA1,Hassan Rono,ID-HASH-129F47DC7B,ASSET-FIN,Vehicle & Asset Finance,4220000.00,3881000.00,147500.00,0,STAGE_1_PERFORMING,0.68%,1.2x,KERICHO_CENTRAL
2025-10-31,STR-LN-100561,TKN-SHA256-3D9C282B,Alice Wanjiku,ID-HASH-588C5B0348,BOSA-EMG,Emergency Medical Facility,300000.00,221000.00,10500.00,0,STAGE_1_PERFORMING,0.70%,2.8x,HQ_NAIROBI
2025-10-31,STR-LN-100562,TKN-SHA256-C9A35CF8,Cosmas Otieno,ID-HASH-9824F65770,ASSET-FIN,Vehicle & Asset Finance,4575000.00,2038000.00,160000.00,0,STAGE_1_PERFORMING,0.60%,2.0x,BOMET_BRANCH
2025-10-31,STR-LN-100563,TKN-SHA256-3DE173F9,Fatuma Korir,ID-HASH-F73AB6AA7F,BOSA-EMG,Emergency Medical Facility,50000.00,36000.00,2000.00,25,STAGE_1_EARLY_WATCH,4.47%,2.7x,KISUMU_BR
2025-10-31,STR-LN-100564,TKN-SHA256-AED2B691,Mercy Kiptoo,ID-HASH-72B64F6B5D,MSME-WCP,Business Working Capital,1265000.00,1169000.00,44500.00,0,STAGE_1_PERFORMING,0.36%,2.4x,NAKURU_BR
2025-10-31,STR-LN-100565,TKN-SHA256-52313326,Catherine Kimani,ID-HASH-D1B928CAB3,FOSA-ADV,Salary Advance 30D,105000.00,94000.00,3500.00,0,STAGE_1_PERFORMING,0.77%,1.2x,MOMBASA_BR
2025-10-31,STR-LN-100566,TKN-SHA256-6024386B,Grace Langat,ID-HASH-0B3FBDF65A,AGRI-TEA,Tea & Coffee Farm Development,310000.00,77000.00,11000.00,0,STAGE_1_PERFORMING,0.69%,3.2x,HQ_NAIROBI
2025-10-31,STR-LN-100567,TKN-SHA256-B5BCFFA5,Samuel Ochieng,ID-HASH-359352091D,BOSA-EMG,Emergency Medical Facility,225000.00,48000.00,8000.00,0,STAGE_1_PERFORMING,0.84%,2.8x,WESTLANDS
2025-10-31,STR-LN-100568,TKN-SHA256-D96D7826,Philemon Hassan,ID-HASH-22446F0E0B,FOSA-ADV,Salary Advance 30D,35000.00,28000.00,1000.00,0,STAGE_1_PERFORMING,0.54%,1.5x,MOMBASA_BR
2025-10-31,STR-LN-100569,TKN-SHA256-2437C023,Mercy Koech,ID-HASH-B9041002B2,ASSET-FIN,Vehicle & Asset Finance,4540000.00,3507000.00,159000.00,0,STAGE_1_PERFORMING,0.58%,1.6x,KERICHO_CENTRAL
2025-10-31,STR-LN-100570,TKN-SHA256-2EB4CB86,Hassan Achieng,ID-HASH-7AA1AF025D,MSME-WCP,Business Working Capital,1695000.00,751000.00,59500.00,0,STAGE_1_PERFORMING,0.37%,2.1x,ELDORET_BR
2025-10-31,STR-LN-100571,TKN-SHA256-3BD8EDF4,Cosmas Kiptoo,ID-HASH-29C05505B1,BOSA-EMG,Emergency Medical Facility,200000.00,180000.00,7000.00,0,STAGE_1_PERFORMING,0.83%,2.8x,KISUMU_BR
2025-10-31,STR-LN-100572,TKN-SHA256-86FDAB9E,Beatrice Otieno,ID-HASH-67495C9AB3,BOSA-EMG,Emergency Medical Facility,125000.00,34000.00,4500.00,0,STAGE_1_PERFORMING,0.24%,3.2x,BOMET_BRANCH
2025-10-31,STR-LN-100573,TKN-SHA256-0DFEC591,Grace Mutua,ID-HASH-8CBC4965BF,BOSA-NRM,Development Loan Normal,2275000.00,1479000.00,79500.00,0,STAGE_1_PERFORMING,0.89%,4.3x,WESTLANDS
2025-10-31,STR-LN-100574,TKN-SHA256-3FC29BD0,James Mutua,ID-HASH-76E39044CF,FOSA-ADV,Salary Advance 30D,130000.00,71000.00,4500.00,0,STAGE_1_PERFORMING,0.89%,1.4x,KISUMU_BR
2025-10-31,STR-LN-100575,TKN-SHA256-7ADE67F3,Philemon Mutua,ID-HASH-BD611D974C,MSME-WCP,Business Working Capital,925000.00,580000.00,32500.00,0,STAGE_1_PERFORMING,0.38%,1.9x,BOMET_BRANCH
2025-10-31,STR-LN-100576,TKN-SHA256-C3C4EA01,Cosmas Chebet,ID-HASH-539634BA5A,FOSA-ADV,Salary Advance 30D,145000.00,97000.00,5000.00,21,STAGE_1_EARLY_WATCH,3.54%,0.9x,NAKURU_BR
2025-10-31,STR-LN-100577,TKN-SHA256-A388114A,Dennis Kimani,ID-HASH-34344AFBA8,MSME-WCP,Business Working Capital,1090000.00,672000.00,38000.00,0,STAGE_1_PERFORMING,0.92%,2.4x,KISUMU_BR
2025-10-31,STR-LN-100578,TKN-SHA256-2E5B16D1,Peter Siele,ID-HASH-27EF473634,ASSET-FIN,Vehicle & Asset Finance,1620000.00,795000.00,56500.00,0,STAGE_1_PERFORMING,0.25%,1.8x,WESTLANDS
2025-10-31,STR-LN-100579,TKN-SHA256-72D4812A,Hassan Omondi,ID-HASH-3FE079551B,ASSET-FIN,Vehicle & Asset Finance,4585000.00,2653000.00,160500.00,0,STAGE_1_PERFORMING,0.36%,1.9x,HQ_NAIROBI
2025-10-31,STR-LN-100580,TKN-SHA256-AF803FDD,Hassan Kiptoo,ID-HASH-5D408BD297,ASSET-FIN,Vehicle & Asset Finance,4335000.00,1922000.00,151500.00,0,STAGE_1_PERFORMING,0.76%,1.2x,HQ_NAIROBI
2025-10-31,STR-LN-100581,TKN-SHA256-6EC33E98,Catherine Otieno,ID-HASH-7D4AC21A47,AGRI-TEA,Tea & Coffee Farm Development,560000.00,465000.00,19500.00,0,STAGE_1_PERFORMING,0.22%,3.5x,WESTLANDS
2025-10-31,STR-LN-100582,TKN-SHA256-56560FAC,Beatrice Koech,ID-HASH-4ECDE763BA,AGRI-TEA,Tea & Coffee Farm Development,720000.00,126000.00,25000.00,0,STAGE_1_PERFORMING,0.19%,2.9x,ELDORET_BR
2025-10-31,STR-LN-100583,TKN-SHA256-3C78B925,Catherine Ruto,ID-HASH-C44E50F6AE,BOSA-EMG,Emergency Medical Facility,290000.00,152000.00,10000.00,0,STAGE_1_PERFORMING,0.88%,2.7x,NANDI_HILLS
2025-10-31,STR-LN-100584,TKN-SHA256-368CEEEF,Wesley Mwangi,ID-HASH-BFCDCE87D6,BOSA-NRM,Development Loan Normal,1235000.00,619000.00,43000.00,0,STAGE_1_PERFORMING,0.48%,2.7x,WESTLANDS
2025-10-31,STR-LN-100585,TKN-SHA256-BCF78DAC,Hassan Rono,ID-HASH-C6E6DB30D9,FOSA-ADV,Salary Advance 30D,125000.00,65000.00,4500.00,0,STAGE_1_PERFORMING,0.87%,1.2x,UPPER_HILL
2025-10-31,STR-LN-100586,TKN-SHA256-5EC25E86,Samuel Kiptoo,ID-HASH-6829C5D51C,MSME-WCP,Business Working Capital,575000.00,508000.00,20000.00,0,STAGE_1_PERFORMING,0.40%,2.4x,UPPER_HILL
2025-10-31,STR-LN-100587,TKN-SHA256-4A287DA5,Mary Kamau,ID-HASH-683CAE96BA,FOSA-ADV,Salary Advance 30D,65000.00,58000.00,2500.00,0,STAGE_1_PERFORMING,0.91%,1.1x,HQ_NAIROBI
2025-10-31,STR-LN-100588,TKN-SHA256-BCA6E483,John Cheruiyot,ID-HASH-42B6BDDCC1,AGRI-TEA,Tea & Coffee Farm Development,265000.00,81000.00,9500.00,0,STAGE_1_PERFORMING,0.47%,2.9x,ELDORET_BR
2025-10-31,STR-LN-100589,TKN-SHA256-31D047FE,James Gitonga,ID-HASH-5052201373,FOSA-ADV,Salary Advance 30D,50000.00,10000.00,2000.00,0,STAGE_1_PERFORMING,0.25%,1.1x,NANDI_HILLS
2025-10-31,STR-LN-100590,TKN-SHA256-1689E52A,Kiprono Siele,ID-HASH-34FB7D618A,FOSA-ADV,Salary Advance 30D,40000.00,18000.00,1500.00,0,STAGE_1_PERFORMING,0.31%,1.2x,KISUMU_BR
2025-10-31,STR-LN-100591,TKN-SHA256-7B520555,Gladys Ochieng,ID-HASH-E0D11CA0F1,BOSA-SCH,School Fees Advance,240000.00,115000.00,8500.00,0,STAGE_1_PERFORMING,0.65%,4.1x,WESTLANDS
2025-10-31,STR-LN-100592,TKN-SHA256-5227ED8F,Cosmas Chebet,ID-HASH-D9C98394A5,BOSA-SCH,School Fees Advance,205000.00,137000.00,7000.00,0,STAGE_1_PERFORMING,0.20%,4.5x,NAKURU_BR
2025-10-31,STR-LN-100593,TKN-SHA256-64CE4C17,Wesley Ochieng,ID-HASH-4B8FFF84F3,ASSET-FIN,Vehicle & Asset Finance,1655000.00,347000.00,58000.00,0,STAGE_1_PERFORMING,0.94%,1.4x,WESTLANDS
2025-10-31,STR-LN-100594,TKN-SHA256-A4DC2BC2,Dennis Ruto,ID-HASH-9A5CDF3866,BOSA-NRM,Development Loan Normal,1700000.00,1484000.00,59500.00,0,STAGE_1_PERFORMING,0.38%,2.6x,NANDI_HILLS
2025-10-31,STR-LN-100595,TKN-SHA256-CC9E7EA5,Jane Wambui,ID-HASH-1C108298B5,FOSA-ADV,Salary Advance 30D,145000.00,89000.00,5000.00,0,STAGE_1_PERFORMING,0.67%,1.6x,BOMET_BRANCH
2025-10-31,STR-LN-100596,TKN-SHA256-72E477FA,Mary Hassan,ID-HASH-CF72E98903,BOSA-NRM,Development Loan Normal,1755000.00,1399000.00,61500.00,0,STAGE_1_PERFORMING,0.69%,3.8x,KISUMU_BR
2025-10-31,STR-LN-100597,TKN-SHA256-0BC1E227,David Cheruiyot,ID-HASH-741BD501FE,FOSA-ADV,Salary Advance 30D,90000.00,32000.00,3000.00,0,STAGE_1_PERFORMING,0.56%,1.6x,NAKURU_BR
2025-10-31,STR-LN-100598,TKN-SHA256-6C19E412,Mercy Otieno,ID-HASH-BDE4F89F91,BOSA-EMG,Emergency Medical Facility,285000.00,209000.00,10000.00,0,STAGE_1_PERFORMING,0.22%,2.5x,KISUMU_BR
2025-10-31,STR-LN-100599,TKN-SHA256-7DE1D3D0,Samuel Rono,ID-HASH-3AAC619B4B,ASSET-FIN,Vehicle & Asset Finance,2380000.00,393000.00,83500.00,0,STAGE_1_PERFORMING,0.62%,1.7x,KERICHO_CENTRAL
2025-10-31,STR-LN-100600,TKN-SHA256-6637182C,Peter Langat,ID-HASH-FF01D1DEC0,BOSA-SCH,School Fees Advance,40000.00,35000.00,1500.00,0,STAGE_1_PERFORMING,0.93%,3.4x,WESTLANDS
2025-10-31,STR-LN-100601,TKN-SHA256-0E19A8B7,Geoffrey Ali,ID-HASH-C2D7A5ED7A,MSME-WCP,Business Working Capital,545000.00,332000.00,19000.00,0,STAGE_1_PERFORMING,0.82%,2.5x,NANDI_HILLS
2025-10-31,STR-LN-100602,TKN-SHA256-859150AB,Alice Chebet,ID-HASH-6AF9AAB50D,ASSET-FIN,Vehicle & Asset Finance,1970000.00,858000.00,69000.00,0,STAGE_1_PERFORMING,0.50%,1.8x,UPPER_HILL
2025-10-31,STR-LN-100603,TKN-SHA256-A5949ADA,Mary Cheruiyot,ID-HASH-9C1509BB03,FOSA-ADV,Salary Advance 30D,100000.00,65000.00,3500.00,0,STAGE_1_PERFORMING,0.23%,1.2x,WESTLANDS
2025-10-31,STR-LN-100604,TKN-SHA256-0F981906,Tabitha Gitonga,ID-HASH-30A81F71C5,BOSA-SCH,School Fees Advance,190000.00,146000.00,6500.00,0,STAGE_1_PERFORMING,0.85%,3.0x,BOMET_BRANCH
2025-10-31,STR-LN-100605,TKN-SHA256-447D8BCF,Lucy Wanjiku,ID-HASH-B763A270AA,BOSA-NRM,Development Loan Normal,3060000.00,1357000.00,107000.00,0,STAGE_1_PERFORMING,0.38%,2.7x,KERICHO_CENTRAL
2025-10-31,STR-LN-100606,TKN-SHA256-282C0905,Cosmas Njoroge,ID-HASH-DE4DFED060,FOSA-ADV,Salary Advance 30D,70000.00,48000.00,2500.00,0,STAGE_1_PERFORMING,0.40%,1.5x,NAKURU_BR
2025-10-31,STR-LN-100607,TKN-SHA256-519260A8,Gladys Rono,ID-HASH-F4B28B0D6C,ASSET-FIN,Vehicle & Asset Finance,2495000.00,595000.00,87500.00,0,STAGE_1_PERFORMING,0.61%,1.6x,KERICHO_CENTRAL
2025-10-31,STR-LN-100608,TKN-SHA256-01846CD8,Wesley Wanjiku,ID-HASH-DC3DEB1906,AGRI-TEA,Tea & Coffee Farm Development,355000.00,73000.00,12500.00,0,STAGE_1_PERFORMING,0.73%,3.3x,KISUMU_BR
2025-10-31,STR-LN-100609,TKN-SHA256-E5EF48A4,Beatrice Wambui,ID-HASH-D823F5670C,BOSA-EMG,Emergency Medical Facility,75000.00,21000.00,2500.00,0,STAGE_1_PERFORMING,0.25%,2.4x,NAKURU_BR
2025-10-31,STR-LN-100610,TKN-SHA256-0475E9F8,Beatrice Mutua,ID-HASH-A7ED91EA43,BOSA-EMG,Emergency Medical Facility,235000.00,37000.00,8000.00,0,STAGE_1_PERFORMING,0.75%,2.7x,BOMET_BRANCH
2025-10-31,STR-LN-100611,TKN-SHA256-CB874EFB,Fatuma Njoroge,ID-HASH-60C87C9BD7,ASSET-FIN,Vehicle & Asset Finance,4365000.00,989000.00,153000.00,0,STAGE_1_PERFORMING,0.44%,1.9x,KERICHO_CENTRAL
2025-10-31,STR-LN-100612,TKN-SHA256-CA351EE2,Wesley Kamau,ID-HASH-C1A1BC8CF8,FOSA-ADV,Salary Advance 30D,50000.00,34000.00,2000.00,0,STAGE_1_PERFORMING,0.94%,1.6x,MOMBASA_BR
2025-10-31,STR-LN-100613,TKN-SHA256-D9153094,Lucy Mutua,ID-HASH-C97CAF6CE3,FOSA-ADV,Salary Advance 30D,65000.00,43000.00,2500.00,0,STAGE_1_PERFORMING,0.37%,1.1x,NAKURU_BR
2025-10-31,STR-LN-100614,TKN-SHA256-78A6276E,Samuel Korir,ID-HASH-623E234CF4,FOSA-ADV,Salary Advance 30D,150000.00,65000.00,5500.00,0,STAGE_1_PERFORMING,0.74%,1.2x,NANDI_HILLS
2025-10-31,STR-LN-100615,TKN-SHA256-C6C74B3F,Wesley Gitonga,ID-HASH-AD9798CD90,ASSET-FIN,Vehicle & Asset Finance,2480000.00,1443000.00,87000.00,0,STAGE_1_PERFORMING,0.21%,1.9x,MOMBASA_BR
2025-10-31,STR-LN-100616,TKN-SHA256-E7D3FDC3,David Kimani,ID-HASH-FF44B34DC7,FOSA-ADV,Salary Advance 30D,150000.00,23000.00,5500.00,36,STAGE_2_UNDERPERFORMING,7.39%,1.6x,HQ_NAIROBI
2025-10-31,STR-LN-100617,TKN-SHA256-293F24F7,Hassan Kamau,ID-HASH-7663D43BC8,ASSET-FIN,Vehicle & Asset Finance,3940000.00,1123000.00,138000.00,19,STAGE_1_EARLY_WATCH,3.20%,1.8x,KERICHO_CENTRAL
2025-10-31,STR-LN-100618,TKN-SHA256-09806901,Hassan Mutua,ID-HASH-C2DC4D03AA,ASSET-FIN,Vehicle & Asset Finance,2305000.00,1273000.00,80500.00,54,STAGE_2_UNDERPERFORMING,8.95%,2.0x,BOMET_BRANCH
2025-10-31,STR-LN-100619,TKN-SHA256-BDE542FD,Gladys Kimani,ID-HASH-D9F5CD5336,BOSA-SCH,School Fees Advance,145000.00,98000.00,5000.00,0,STAGE_1_PERFORMING,0.22%,3.6x,UPPER_HILL
2025-10-31,STR-LN-100620,TKN-SHA256-668BA510,Bernard Korir,ID-HASH-5DC14BF477,BOSA-NRM,Development Loan Normal,790000.00,553000.00,27500.00,0,STAGE_1_PERFORMING,0.57%,4.2x,KERICHO_CENTRAL
2025-10-31,STR-LN-100621,TKN-SHA256-2CA751D1,Catherine Bett,ID-HASH-E0AB3EECB2,MSME-WCP,Business Working Capital,965000.00,708000.00,34000.00,0,STAGE_1_PERFORMING,0.55%,2.7x,WESTLANDS
2025-10-31,STR-LN-100622,TKN-SHA256-2B5AB0BD,David Kamau,ID-HASH-AE57E8406F,AGRI-TEA,Tea & Coffee Farm Development,420000.00,121000.00,14500.00,172,STAGE_3_NON_PERFORMING,24.66%,3.2x,BOMET_BRANCH
2025-10-31,STR-LN-100623,TKN-SHA256-D240E54C,Wesley Kariuki,ID-HASH-4D0F0929E8,BOSA-EMG,Emergency Medical Facility,70000.00,60000.00,2500.00,21,STAGE_1_EARLY_WATCH,1.78%,2.9x,UPPER_HILL
2025-10-31,STR-LN-100624,TKN-SHA256-DAE4357D,Fatuma Cheruiyot,ID-HASH-666EF793D3,ASSET-FIN,Vehicle & Asset Finance,4715000.00,1333000.00,165000.00,0,STAGE_1_PERFORMING,0.87%,1.4x,UPPER_HILL
2025-10-31,STR-LN-100625,TKN-SHA256-CAE295F2,Mary Kamau,ID-HASH-3E9853BB6F,FOSA-ADV,Salary Advance 30D,140000.00,127000.00,5000.00,0,STAGE_1_PERFORMING,0.55%,1.5x,ELDORET_BR
2025-10-31,STR-LN-100626,TKN-SHA256-300CF9D2,John Mutua,ID-HASH-03C9FD3CF4,BOSA-EMG,Emergency Medical Facility,240000.00,136000.00,8500.00,0,STAGE_1_PERFORMING,0.26%,2.7x,NANDI_HILLS
2025-10-31,STR-LN-100627,TKN-SHA256-94401550,John Wambui,ID-HASH-984189BD86,BOSA-SCH,School Fees Advance,240000.00,211000.00,8500.00,41,STAGE_2_UNDERPERFORMING,11.25%,4.3x,MOMBASA_BR
2025-10-31,STR-LN-100628,TKN-SHA256-C6426AFF,Emmanuel Bett,ID-HASH-388E738F07,BOSA-NRM,Development Loan Normal,1390000.00,779000.00,48500.00,0,STAGE_1_PERFORMING,0.51%,2.8x,UPPER_HILL
2025-10-31,STR-LN-100629,TKN-SHA256-EBD72588,Stephen Gitonga,ID-HASH-75D8C05A3A,FOSA-ADV,Salary Advance 30D,50000.00,44000.00,2000.00,0,STAGE_1_PERFORMING,0.37%,1.1x,KERICHO_CENTRAL
2025-10-31,STR-LN-100630,TKN-SHA256-C5A3077A,Grace Kariuki,ID-HASH-67B91E5C62,BOSA-EMG,Emergency Medical Facility,300000.00,205000.00,10500.00,0,STAGE_1_PERFORMING,0.47%,2.3x,MOMBASA_BR
2025-10-31,STR-LN-100631,TKN-SHA256-E2324AF1,Grace Mutua,ID-HASH-A75FCB5245,ASSET-FIN,Vehicle & Asset Finance,3365000.00,2821000.00,118000.00,0,STAGE_1_PERFORMING,0.42%,1.5x,UPPER_HILL
2025-10-31,STR-LN-100632,TKN-SHA256-EB292765,Philemon Kiptoo,ID-HASH-A8C11B9629,FOSA-ADV,Salary Advance 30D,45000.00,27000.00,1500.00,0,STAGE_1_PERFORMING,0.27%,1.3x,WESTLANDS
2025-10-31,STR-LN-100633,TKN-SHA256-E2493618,Samuel Achieng,ID-HASH-9678A86BC8,FOSA-ADV,Salary Advance 30D,25000.00,7000.00,1000.00,24,STAGE_1_EARLY_WATCH,3.85%,1.1x,BOMET_BRANCH
2025-10-31,STR-LN-100634,TKN-SHA256-0D18BB1F,Peter Mwangi,ID-HASH-0080E11393,BOSA-NRM,Development Loan Normal,2340000.00,2055000.00,82000.00,0,STAGE_1_PERFORMING,0.28%,3.6x,ELDORET_BR
2025-10-31,STR-LN-100635,TKN-SHA256-4A4A0C2D,Cosmas Chebet,ID-HASH-AA883F2E0D,FOSA-ADV,Salary Advance 30D,115000.00,33000.00,4000.00,0,STAGE_1_PERFORMING,0.23%,1.5x,NANDI_HILLS
2025-10-31,STR-LN-100636,TKN-SHA256-424F753F,Cosmas Gitonga,ID-HASH-0E4C49FC38,ASSET-FIN,Vehicle & Asset Finance,2450000.00,1893000.00,86000.00,0,STAGE_1_PERFORMING,0.87%,2.0x,NANDI_HILLS
2025-10-31,STR-LN-100637,TKN-SHA256-0F47EE51,Bernard Siele,ID-HASH-F8D54295D3,BOSA-NRM,Development Loan Normal,1065000.00,581000.00,37500.00,0,STAGE_1_PERFORMING,0.82%,2.5x,MOMBASA_BR
2025-10-31,STR-LN-100638,TKN-SHA256-D2866656,Alice Sang,ID-HASH-0D899CB7E5,BOSA-SCH,School Fees Advance,220000.00,109000.00,7500.00,0,STAGE_1_PERFORMING,0.20%,3.9x,NAKURU_BR
2025-10-31,STR-LN-100639,TKN-SHA256-05C63690,Tabitha Ruto,ID-HASH-4D58BBE158,FOSA-ADV,Salary Advance 30D,30000.00,5000.00,1000.00,0,STAGE_1_PERFORMING,0.57%,1.0x,NANDI_HILLS
2025-10-31,STR-LN-100640,TKN-SHA256-EFD4A47A,Mercy Mutua,ID-HASH-4126293DCF,BOSA-EMG,Emergency Medical Facility,290000.00,71000.00,10000.00,0,STAGE_1_PERFORMING,0.46%,3.2x,NAKURU_BR
2025-10-31,STR-LN-100641,TKN-SHA256-F6492D24,Peter Ochieng,ID-HASH-9B56AE1BE3,FOSA-ADV,Salary Advance 30D,140000.00,60000.00,5000.00,0,STAGE_1_PERFORMING,0.19%,1.2x,KERICHO_CENTRAL
2025-10-31,STR-LN-100642,TKN-SHA256-204FB290,Samuel Kimani,ID-HASH-8873F2A996,FOSA-ADV,Salary Advance 30D,105000.00,59000.00,3500.00,74,STAGE_2_UNDERPERFORMING,12.30%,1.5x,NANDI_HILLS
2025-10-31,STR-LN-100643,TKN-SHA256-053336F1,Bernard Kiptoo,ID-HASH-79F8FC53D3,FOSA-ADV,Salary Advance 30D,35000.00,10000.00,1000.00,57,STAGE_2_UNDERPERFORMING,14.61%,1.0x,KISUMU_BR
2025-10-31,STR-LN-100644,TKN-SHA256-F4F60378,Tabitha Rono,ID-HASH-5DD08B24C2,BOSA-SCH,School Fees Advance,205000.00,185000.00,7000.00,35,STAGE_2_UNDERPERFORMING,13.18%,4.8x,BOMET_BRANCH
2025-10-31,STR-LN-100645,TKN-SHA256-3B3FFB32,Mary Mutua,ID-HASH-90B870EE4A,BOSA-EMG,Emergency Medical Facility,130000.00,119000.00,4500.00,0,STAGE_1_PERFORMING,0.95%,2.2x,HQ_NAIROBI
2025-10-31,STR-LN-100646,TKN-SHA256-D0E218E2,Beatrice Koech,ID-HASH-6D7C2A93C0,ASSET-FIN,Vehicle & Asset Finance,4400000.00,3267000.00,154000.00,4,STAGE_1_EARLY_WATCH,2.46%,1.7x,UPPER_HILL
2025-10-31,STR-LN-100647,TKN-SHA256-6A67B95E,Samuel Omondi,ID-HASH-8BB20A3C04,BOSA-NRM,Development Loan Normal,3210000.00,2630000.00,112500.00,0,STAGE_1_PERFORMING,0.73%,2.7x,NAKURU_BR
2025-10-31,STR-LN-100648,TKN-SHA256-E67FBE8A,Beatrice Ali,ID-HASH-3E38A8C01F,ASSET-FIN,Vehicle & Asset Finance,4270000.00,2579000.00,149500.00,0,STAGE_1_PERFORMING,0.68%,1.6x,NAKURU_BR
2025-10-31,STR-LN-100649,TKN-SHA256-73700AA5,Samuel Ruto,ID-HASH-0DEA9C65A1,BOSA-SCH,School Fees Advance,105000.00,98000.00,3500.00,0,STAGE_1_PERFORMING,0.22%,3.2x,MOMBASA_BR
2025-10-31,STR-LN-100650,TKN-SHA256-D5FD32C2,John Hassan,ID-HASH-72A2AB03BB,ASSET-FIN,Vehicle & Asset Finance,4830000.00,3473000.00,169000.00,0,STAGE_1_PERFORMING,0.54%,1.3x,NANDI_HILLS
2025-10-31,STR-LN-100651,TKN-SHA256-E997B488,Grace Achieng,ID-HASH-F56239C0AC,MSME-WCP,Business Working Capital,805000.00,571000.00,28000.00,0,STAGE_1_PERFORMING,0.64%,1.5x,NANDI_HILLS
2025-10-31,STR-LN-100652,TKN-SHA256-E613B839,Tabitha Gitonga,ID-HASH-A205ED25AB,BOSA-SCH,School Fees Advance,180000.00,29000.00,6500.00,0,STAGE_1_PERFORMING,0.28%,4.5x,BOMET_BRANCH
2025-10-31,STR-LN-100653,TKN-SHA256-DE94FCEE,Peter Korir,ID-HASH-542B132879,BOSA-EMG,Emergency Medical Facility,60000.00,49000.00,2000.00,0,STAGE_1_PERFORMING,0.60%,3.3x,NANDI_HILLS
2025-10-31,STR-LN-100654,TKN-SHA256-3D1BE8A3,Stephen Otieno,ID-HASH-686D68121C,AGRI-TEA,Tea & Coffee Farm Development,510000.00,168000.00,18000.00,0,STAGE_1_PERFORMING,0.85%,2.1x,NAKURU_BR
2025-10-31,STR-LN-100655,TKN-SHA256-8F17D51E,Tabitha Hassan,ID-HASH-E7746692DB,ASSET-FIN,Vehicle & Asset Finance,4655000.00,1424000.00,163000.00,0,STAGE_1_PERFORMING,0.27%,1.8x,HQ_NAIROBI
2025-10-31,STR-LN-100656,TKN-SHA256-F80C6A05,Stephen Wambui,ID-HASH-50E069E887,MSME-WCP,Business Working Capital,1800000.00,714000.00,63000.00,0,STAGE_1_PERFORMING,0.51%,2.1x,NANDI_HILLS
2025-10-31,STR-LN-100657,TKN-SHA256-B1EF5DDB,Dennis Wanjiku,ID-HASH-C30B344B6D,BOSA-NRM,Development Loan Normal,1850000.00,1335000.00,65000.00,0,STAGE_1_PERFORMING,0.52%,4.1x,WESTLANDS
2025-10-31,STR-LN-100658,TKN-SHA256-DB34B430,Alice Korir,ID-HASH-D02286FAB4,BOSA-EMG,Emergency Medical Facility,190000.00,35000.00,6500.00,0,STAGE_1_PERFORMING,0.87%,2.6x,KISUMU_BR
2025-10-31,STR-LN-100659,TKN-SHA256-CD9DD8EE,Beatrice Chebet,ID-HASH-A58D401F4D,MSME-WCP,Business Working Capital,635000.00,537000.00,22000.00,0,STAGE_1_PERFORMING,0.72%,2.3x,WESTLANDS
2025-10-31,STR-LN-100660,TKN-SHA256-F08DB981,Fatuma Cheruiyot,ID-HASH-BBA9540357,BOSA-EMG,Emergency Medical Facility,135000.00,71000.00,4500.00,0,STAGE_1_PERFORMING,0.75%,2.5x,HQ_NAIROBI
2025-10-31,STR-LN-100661,TKN-SHA256-ED501132,Emmanuel Gitonga,ID-HASH-22C6B321FF,BOSA-SCH,School Fees Advance,95000.00,82000.00,3500.00,29,STAGE_1_EARLY_WATCH,1.77%,3.7x,ELDORET_BR
2025-10-31,STR-LN-100662,TKN-SHA256-8E003BEF,Stephen Hassan,ID-HASH-B117564857,BOSA-NRM,Development Loan Normal,1430000.00,253000.00,50000.00,0,STAGE_1_PERFORMING,0.38%,2.8x,MOMBASA_BR
2025-10-31,STR-LN-100663,TKN-SHA256-30940E28,James Sang,ID-HASH-00ADDB029C,AGRI-TEA,Tea & Coffee Farm Development,1030000.00,558000.00,36000.00,0,STAGE_1_PERFORMING,0.86%,2.2x,BOMET_BRANCH
2025-10-31,STR-LN-100664,TKN-SHA256-362E2649,Geoffrey Mwangi,ID-HASH-1E79EB8B4F,BOSA-SCH,School Fees Advance,95000.00,59000.00,3500.00,107,STAGE_3_NON_PERFORMING,27.35%,4.5x,WESTLANDS
2025-10-31,STR-LN-100665,TKN-SHA256-678D1E94,Dennis Bett,ID-HASH-0CE3598165,BOSA-NRM,Development Loan Normal,2485000.00,391000.00,87000.00,0,STAGE_1_PERFORMING,0.66%,4.2x,BOMET_BRANCH
2025-10-31,STR-LN-100666,TKN-SHA256-5DC25D48,Wesley Ochieng,ID-HASH-F241A07169,AGRI-TEA,Tea & Coffee Farm Development,650000.00,145000.00,23000.00,0,STAGE_1_PERFORMING,0.48%,3.1x,KERICHO_CENTRAL
2025-10-31,STR-LN-100667,TKN-SHA256-2A01BAAF,Kiprono Ruto,ID-HASH-834C41C550,AGRI-TEA,Tea & Coffee Farm Development,1090000.00,1012000.00,38000.00,0,STAGE_1_PERFORMING,0.83%,2.9x,NAKURU_BR
2025-10-31,STR-LN-100668,TKN-SHA256-12A38D59,James Ochieng,ID-HASH-68DEDCB727,AGRI-TEA,Tea & Coffee Farm Development,340000.00,304000.00,12000.00,0,STAGE_1_PERFORMING,0.84%,3.0x,NAKURU_BR
2025-10-31,STR-LN-100669,TKN-SHA256-3EEC3D93,Stephen Wanjiku,ID-HASH-21BAAA9F70,FOSA-ADV,Salary Advance 30D,30000.00,9000.00,1000.00,0,STAGE_1_PERFORMING,0.77%,1.3x,ELDORET_BR
2025-10-31,STR-LN-100670,TKN-SHA256-A6F9B474,Mary Sang,ID-HASH-C3E1E830B9,AGRI-TEA,Tea & Coffee Farm Development,815000.00,379000.00,28500.00,0,STAGE_1_PERFORMING,0.48%,2.2x,NAKURU_BR
2025-10-31,STR-LN-100671,TKN-SHA256-BC30D1D3,Catherine Kariuki,ID-HASH-0143570841,BOSA-NRM,Development Loan Normal,1100000.00,1006000.00,38500.00,0,STAGE_1_PERFORMING,0.78%,3.0x,BOMET_BRANCH
2025-10-31,STR-LN-100672,TKN-SHA256-EC17ADB7,Mercy Wanjiku,ID-HASH-3114FB79F0,MSME-WCP,Business Working Capital,795000.00,480000.00,28000.00,0,STAGE_1_PERFORMING,0.42%,1.9x,WESTLANDS
2025-10-31,STR-LN-100673,TKN-SHA256-E33A6463,Peter Njoroge,ID-HASH-9212AD0437,ASSET-FIN,Vehicle & Asset Finance,4420000.00,3227000.00,154500.00,80,STAGE_2_UNDERPERFORMING,9.37%,1.3x,NAKURU_BR
2025-10-31,STR-LN-100674,TKN-SHA256-1DDFC3AF,James Langat,ID-HASH-B4BB45F8EB,MSME-WCP,Business Working Capital,580000.00,459000.00,20500.00,0,STAGE_1_PERFORMING,0.55%,2.2x,KERICHO_CENTRAL
2025-10-31,STR-LN-100675,TKN-SHA256-C53D90A4,Dennis Omondi,ID-HASH-0D5F4A84AD,ASSET-FIN,Vehicle & Asset Finance,1715000.00,1333000.00,60000.00,76,STAGE_2_UNDERPERFORMING,12.55%,1.7x,KERICHO_CENTRAL
2025-10-31,STR-LN-100676,TKN-SHA256-67F778C0,Dennis Ali,ID-HASH-11D4C88C68,MSME-WCP,Business Working Capital,1490000.00,559000.00,52000.00,0,STAGE_1_PERFORMING,0.43%,1.6x,NANDI_HILLS
2025-10-31,STR-LN-100677,TKN-SHA256-858879F5,Tabitha Kariuki,ID-HASH-B2BB830FE5,BOSA-SCH,School Fees Advance,105000.00,19000.00,3500.00,0,STAGE_1_PERFORMING,0.40%,3.5x,KISUMU_BR
2025-10-31,STR-LN-100678,TKN-SHA256-D9A64738,Dennis Korir,ID-HASH-AA318B23EF,BOSA-NRM,Development Loan Normal,3170000.00,1410000.00,111000.00,0,STAGE_1_PERFORMING,0.31%,2.9x,BOMET_BRANCH
2025-10-31,STR-LN-100679,TKN-SHA256-30D86182,Philemon Ruto,ID-HASH-31B7E68736,BOSA-SCH,School Fees Advance,175000.00,147000.00,6000.00,0,STAGE_1_PERFORMING,0.31%,4.1x,MOMBASA_BR
2025-10-31,STR-LN-100680,TKN-SHA256-6ADC59EB,Cosmas Hassan,ID-HASH-1BDBFEEAC1,AGRI-TEA,Tea & Coffee Farm Development,280000.00,74000.00,10000.00,0,STAGE_1_PERFORMING,0.23%,2.2x,KERICHO_CENTRAL
2025-10-31,STR-LN-100681,TKN-SHA256-821E86D9,Peter Koech,ID-HASH-E4828D7045,BOSA-SCH,School Fees Advance,200000.00,177000.00,7000.00,0,STAGE_1_PERFORMING,0.81%,3.7x,KERICHO_CENTRAL
2025-10-31,STR-LN-100682,TKN-SHA256-C876B7B2,Philemon Bett,ID-HASH-C84854634D,BOSA-SCH,School Fees Advance,60000.00,35000.00,2000.00,41,STAGE_2_UNDERPERFORMING,11.76%,4.5x,KERICHO_CENTRAL
2025-10-31,STR-LN-100683,TKN-SHA256-3C7F8B2D,John Kamau,ID-HASH-8DCD7BAC25,ASSET-FIN,Vehicle & Asset Finance,1810000.00,1363000.00,63500.00,0,STAGE_1_PERFORMING,0.38%,1.3x,NAKURU_BR
2025-10-31,STR-LN-100684,TKN-SHA256-C8D7BF21,Gladys Wanjiku,ID-HASH-295151CE13,AGRI-TEA,Tea & Coffee Farm Development,245000.00,73000.00,8500.00,0,STAGE_1_PERFORMING,0.86%,2.7x,ELDORET_BR
2025-10-31,STR-LN-100685,TKN-SHA256-07CD8339,Stephen Sang,ID-HASH-D3180A0A5C,BOSA-EMG,Emergency Medical Facility,125000.00,38000.00,4500.00,50,STAGE_2_UNDERPERFORMING,11.55%,2.5x,UPPER_HILL
2025-10-31,STR-LN-100686,TKN-SHA256-2CFA4EE4,Mercy Chebet,ID-HASH-D67DBC230A,ASSET-FIN,Vehicle & Asset Finance,4660000.00,2308000.00,163000.00,0,STAGE_1_PERFORMING,0.67%,1.5x,UPPER_HILL
2025-10-31,STR-LN-100687,TKN-SHA256-9622F8DF,Stephen Ruto,ID-HASH-08F6E87A9C,BOSA-NRM,Development Loan Normal,2690000.00,999000.00,94000.00,0,STAGE_1_PERFORMING,0.79%,2.4x,BOMET_BRANCH
2025-10-31,STR-LN-100688,TKN-SHA256-302C3450,Gladys Wanjiku,ID-HASH-2CBDFA658B,MSME-WCP,Business Working Capital,280000.00,252000.00,10000.00,69,STAGE_2_UNDERPERFORMING,14.70%,2.5x,KISUMU_BR
2025-10-31,STR-LN-100689,TKN-SHA256-1C0ED36B,Hassan Bett,ID-HASH-88EADFCA86,FOSA-ADV,Salary Advance 30D,35000.00,27000.00,1000.00,0,STAGE_1_PERFORMING,0.36%,0.9x,ELDORET_BR
2025-10-31,STR-LN-100690,TKN-SHA256-EE754350,Mary Wambui,ID-HASH-5CCE517363,AGRI-TEA,Tea & Coffee Farm Development,155000.00,63000.00,5500.00,0,STAGE_1_PERFORMING,0.70%,3.7x,UPPER_HILL
2025-10-31,STR-LN-100691,TKN-SHA256-2D41F0AD,David Mwangi,ID-HASH-926F3F3C32,ASSET-FIN,Vehicle & Asset Finance,2115000.00,1109000.00,74000.00,6,STAGE_1_EARLY_WATCH,4.05%,1.9x,UPPER_HILL
2025-10-31,STR-LN-100692,TKN-SHA256-F608FE64,Dennis Sang,ID-HASH-121CBF7C09,MSME-WCP,Business Working Capital,1320000.00,205000.00,46000.00,6,STAGE_1_EARLY_WATCH,4.41%,2.5x,MOMBASA_BR
2025-10-31,STR-LN-100693,TKN-SHA256-6D3DC9D2,John Ruto,ID-HASH-6D89A22569,BOSA-EMG,Emergency Medical Facility,145000.00,82000.00,5000.00,64,STAGE_2_UNDERPERFORMING,13.87%,2.3x,KISUMU_BR
2025-10-31,STR-LN-100694,TKN-SHA256-88231D2F,Mercy Wambui,ID-HASH-A122DAF398,MSME-WCP,Business Working Capital,1330000.00,287000.00,46500.00,0,STAGE_1_PERFORMING,0.34%,2.5x,NAKURU_BR
2025-10-31,STR-LN-100695,TKN-SHA256-216BD89F,Mary Ruto,ID-HASH-0D9BFA0FFB,BOSA-EMG,Emergency Medical Facility,75000.00,55000.00,2500.00,0,STAGE_1_PERFORMING,0.90%,2.8x,UPPER_HILL
2025-10-31,STR-LN-100696,TKN-SHA256-B54D2EE0,Dennis Achieng,ID-HASH-15E8EEDB08,FOSA-ADV,Salary Advance 30D,35000.00,28000.00,1000.00,0,STAGE_1_PERFORMING,0.43%,1.3x,MOMBASA_BR
2025-10-31,STR-LN-100697,TKN-SHA256-76F19FB9,Wesley Korir,ID-HASH-FBFC5A5466,AGRI-TEA,Tea & Coffee Farm Development,895000.00,625000.00,31500.00,0,STAGE_1_PERFORMING,0.62%,2.1x,NANDI_HILLS
2025-10-31,STR-LN-100698,TKN-SHA256-B9B4358D,Stephen Wambui,ID-HASH-5B9A5F6782,ASSET-FIN,Vehicle & Asset Finance,1325000.00,802000.00,46500.00,0,STAGE_1_PERFORMING,0.56%,1.4x,WESTLANDS
2025-10-31,STR-LN-100699,TKN-SHA256-D3A166C0,James Wambui,ID-HASH-ADF6B862B5,MSME-WCP,Business Working Capital,1115000.00,843000.00,39000.00,0,STAGE_1_PERFORMING,0.83%,2.2x,BOMET_BRANCH
2025-10-31,STR-LN-100700,TKN-SHA256-B430449F,Grace Siele,ID-HASH-726230D2C0,BOSA-SCH,School Fees Advance,55000.00,26000.00,2000.00,0,STAGE_1_PERFORMING,0.30%,4.5x,HQ_NAIROBI
2025-10-31,STR-LN-100701,TKN-SHA256-9BC65148,Bernard Langat,ID-HASH-A23BB85EC0,BOSA-SCH,School Fees Advance,175000.00,128000.00,6000.00,0,STAGE_1_PERFORMING,0.48%,4.3x,KISUMU_BR
2025-10-31,STR-LN-100702,TKN-SHA256-DF58BB7A,Hassan Korir,ID-HASH-C29551D8CA,BOSA-EMG,Emergency Medical Facility,235000.00,191000.00,8000.00,0,STAGE_1_PERFORMING,0.24%,2.2x,KISUMU_BR
2025-10-31,STR-LN-100703,TKN-SHA256-892A6CAE,Samuel Ali,ID-HASH-7C32A665CF,AGRI-TEA,Tea & Coffee Farm Development,685000.00,218000.00,24000.00,0,STAGE_1_PERFORMING,0.58%,2.2x,BOMET_BRANCH
2025-10-31,STR-LN-100704,TKN-SHA256-FFEB55A8,David Otieno,ID-HASH-38340933BA,BOSA-EMG,Emergency Medical Facility,150000.00,136000.00,5500.00,0,STAGE_1_PERFORMING,0.48%,2.0x,KERICHO_CENTRAL
2025-10-31,STR-LN-100705,TKN-SHA256-F73C7630,Tabitha Cheruiyot,ID-HASH-B89A3D1FD3,FOSA-ADV,Salary Advance 30D,125000.00,85000.00,4500.00,0,STAGE_1_PERFORMING,0.27%,1.4x,WESTLANDS
2025-10-31,STR-LN-100706,TKN-SHA256-DD939058,Samuel Langat,ID-HASH-21BF2CCE28,FOSA-ADV,Salary Advance 30D,100000.00,85000.00,3500.00,0,STAGE_1_PERFORMING,0.79%,1.5x,HQ_NAIROBI
2025-10-31,STR-LN-100707,TKN-SHA256-C40D1CD2,Philemon Sang,ID-HASH-7504A8AC5B,BOSA-EMG,Emergency Medical Facility,280000.00,215000.00,10000.00,0,STAGE_1_PERFORMING,0.65%,3.1x,MOMBASA_BR
2025-10-31,STR-LN-100708,TKN-SHA256-769887F4,Fatuma Kiptoo,ID-HASH-26AD0DDE1C,AGRI-TEA,Tea & Coffee Farm Development,1090000.00,1000000.00,38000.00,0,STAGE_1_PERFORMING,0.76%,3.4x,ELDORET_BR
2025-10-31,STR-LN-100709,TKN-SHA256-19AAF706,David Ali,ID-HASH-58C5FF9FE6,BOSA-SCH,School Fees Advance,120000.00,68000.00,4000.00,0,STAGE_1_PERFORMING,0.69%,3.5x,NANDI_HILLS
2025-10-31,STR-LN-100710,TKN-SHA256-169E216C,Jane Kariuki,ID-HASH-CEC21AB09E,AGRI-TEA,Tea & Coffee Farm Development,495000.00,98000.00,17500.00,0,STAGE_1_PERFORMING,0.49%,3.6x,NAKURU_BR
2025-10-31,STR-LN-100711,TKN-SHA256-011267BB,Peter Njoroge,ID-HASH-3D77BE5F90,BOSA-SCH,School Fees Advance,175000.00,52000.00,6000.00,0,STAGE_1_PERFORMING,0.31%,4.5x,NAKURU_BR
2025-10-31,STR-LN-100712,TKN-SHA256-A6A90915,Kiprono Cheruiyot,ID-HASH-E78E94F9C6,BOSA-NRM,Development Loan Normal,3240000.00,2542000.00,113500.00,10,STAGE_1_EARLY_WATCH,1.40%,2.8x,MOMBASA_BR
2025-10-31,STR-LN-100713,TKN-SHA256-F4B9C54C,Emmanuel Ruto,ID-HASH-1BC6B25502,MSME-WCP,Business Working Capital,455000.00,365000.00,16000.00,0,STAGE_1_PERFORMING,0.78%,1.8x,HQ_NAIROBI
2025-10-31,STR-LN-100714,TKN-SHA256-47B3387D,Samuel Cheruiyot,ID-HASH-847C1EDA5F,ASSET-FIN,Vehicle & Asset Finance,1425000.00,970000.00,50000.00,74,STAGE_2_UNDERPERFORMING,9.63%,1.4x,ELDORET_BR
2025-10-31,STR-LN-100715,TKN-SHA256-2F4EDD01,David Wanjiku,ID-HASH-6875B1AEFC,BOSA-EMG,Emergency Medical Facility,155000.00,60000.00,5500.00,0,STAGE_1_PERFORMING,0.34%,2.3x,ELDORET_BR
2025-10-31,STR-LN-100716,TKN-SHA256-B6CB1A80,Tabitha Ruto,ID-HASH-E5B7BAF0C6,BOSA-SCH,School Fees Advance,145000.00,124000.00,5000.00,0,STAGE_1_PERFORMING,0.90%,4.7x,MOMBASA_BR
2025-10-31,STR-LN-100717,TKN-SHA256-7A7AC872,John Ochieng,ID-HASH-BCFB5197E3,BOSA-EMG,Emergency Medical Facility,285000.00,141000.00,10000.00,2,STAGE_1_EARLY_WATCH,3.04%,1.9x,NAKURU_BR
2025-10-31,STR-LN-100718,TKN-SHA256-25F102EC,Fatuma Otieno,ID-HASH-BF24004256,MSME-WCP,Business Working Capital,1445000.00,1175000.00,50500.00,0,STAGE_1_PERFORMING,0.88%,1.9x,BOMET_BRANCH
2025-10-31,STR-LN-100719,TKN-SHA256-352B49C3,Bernard Kiptoo,ID-HASH-EF9F428DD7,ASSET-FIN,Vehicle & Asset Finance,2785000.00,1223000.00,97500.00,0,STAGE_1_PERFORMING,0.55%,1.9x,HQ_NAIROBI
2025-10-31,STR-LN-100720,TKN-SHA256-F6E22EE7,Fatuma Gitonga,ID-HASH-4C2B3E0F89,FOSA-ADV,Salary Advance 30D,75000.00,60000.00,2500.00,0,STAGE_1_PERFORMING,0.79%,1.1x,WESTLANDS
2025-10-31,STR-LN-100721,TKN-SHA256-0AF93949,John Siele,ID-HASH-AA53A04167,FOSA-ADV,Salary Advance 30D,40000.00,34000.00,1500.00,0,STAGE_1_PERFORMING,0.84%,1.6x,ELDORET_BR
2025-10-31,STR-LN-100722,TKN-SHA256-C45E0FE1,Stephen Ali,ID-HASH-2CA60AC892,BOSA-NRM,Development Loan Normal,3110000.00,1976000.00,109000.00,0,STAGE_1_PERFORMING,0.50%,4.2x,MOMBASA_BR
2025-10-31,STR-LN-100723,TKN-SHA256-0A150635,James Kariuki,ID-HASH-233D7F91A7,BOSA-EMG,Emergency Medical Facility,95000.00,71000.00,3500.00,0,STAGE_1_PERFORMING,0.28%,2.2x,BOMET_BRANCH
2025-10-31,STR-LN-100724,TKN-SHA256-7E67A501,Fatuma Njoroge,ID-HASH-0FC2D4FE0F,ASSET-FIN,Vehicle & Asset Finance,3670000.00,1362000.00,128500.00,0,STAGE_1_PERFORMING,0.43%,1.9x,MOMBASA_BR
2025-10-31,STR-LN-100725,TKN-SHA256-EACEA26F,David Langat,ID-HASH-4ADAF78B10,BOSA-NRM,Development Loan Normal,2745000.00,1372000.00,96000.00,0,STAGE_1_PERFORMING,0.20%,3.0x,MOMBASA_BR
2025-10-31,STR-LN-100726,TKN-SHA256-BEC1FDEF,Alice Achieng,ID-HASH-833369CD6B,BOSA-SCH,School Fees Advance,65000.00,49000.00,2500.00,0,STAGE_1_PERFORMING,0.16%,4.6x,KISUMU_BR
2025-10-31,STR-LN-100727,TKN-SHA256-3AAD9BDF,Mercy Otieno,ID-HASH-B393E3D4F2,BOSA-EMG,Emergency Medical Facility,250000.00,126000.00,9000.00,0,STAGE_1_PERFORMING,0.19%,2.1x,BOMET_BRANCH
2025-10-31,STR-LN-100728,TKN-SHA256-8D3A28C0,Grace Njoroge,ID-HASH-A481FC6D20,MSME-WCP,Business Working Capital,840000.00,152000.00,29500.00,24,STAGE_1_EARLY_WATCH,1.60%,2.1x,HQ_NAIROBI
2025-10-31,STR-LN-100729,TKN-SHA256-F1A42288,Bernard Ali,ID-HASH-CDED90B2D7,AGRI-TEA,Tea & Coffee Farm Development,330000.00,206000.00,11500.00,0,STAGE_1_PERFORMING,0.81%,2.7x,ELDORET_BR
2025-10-31,STR-LN-100730,TKN-SHA256-BB1643E9,Gladys Cheruiyot,ID-HASH-5D8A712956,ASSET-FIN,Vehicle & Asset Finance,1230000.00,569000.00,43000.00,0,STAGE_1_PERFORMING,0.22%,1.4x,WESTLANDS
2025-10-31,STR-LN-100731,TKN-SHA256-7899B90C,Mercy Cheruiyot,ID-HASH-2F71524C10,FOSA-ADV,Salary Advance 30D,100000.00,30000.00,3500.00,0,STAGE_1_PERFORMING,0.53%,1.5x,UPPER_HILL
2025-10-31,STR-LN-100732,TKN-SHA256-752F695D,David Wambui,ID-HASH-A13180712E,BOSA-SCH,School Fees Advance,85000.00,17000.00,3000.00,0,STAGE_1_PERFORMING,0.82%,2.9x,KISUMU_BR
2025-10-31,STR-LN-100733,TKN-SHA256-7AB30D97,Fatuma Kariuki,ID-HASH-EA28620A55,BOSA-EMG,Emergency Medical Facility,155000.00,42000.00,5500.00,0,STAGE_1_PERFORMING,0.45%,1.9x,ELDORET_BR
2025-10-31,STR-LN-100734,TKN-SHA256-97A6F34A,Peter Chebet,ID-HASH-1CC145F47D,AGRI-TEA,Tea & Coffee Farm Development,670000.00,255000.00,23500.00,20,STAGE_1_EARLY_WATCH,3.39%,2.8x,NANDI_HILLS
2025-10-31,STR-LN-100735,TKN-SHA256-171B2E62,Samuel Mutua,ID-HASH-2EFC32C23D,AGRI-TEA,Tea & Coffee Farm Development,845000.00,732000.00,29500.00,0,STAGE_1_PERFORMING,0.65%,3.6x,MOMBASA_BR
2025-10-31,STR-LN-100736,TKN-SHA256-68DD2471,Emmanuel Ruto,ID-HASH-D00932DC72,AGRI-TEA,Tea & Coffee Farm Development,1000000.00,764000.00,35000.00,0,STAGE_1_PERFORMING,0.66%,2.5x,MOMBASA_BR
2025-10-31,STR-LN-100737,TKN-SHA256-17B21AAB,Grace Rono,ID-HASH-10B474355D,ASSET-FIN,Vehicle & Asset Finance,4220000.00,3541000.00,147500.00,0,STAGE_1_PERFORMING,0.34%,1.2x,KISUMU_BR
2025-10-31,STR-LN-100738,TKN-SHA256-AB60C991,Peter Mutua,ID-HASH-81C2D4A865,BOSA-NRM,Development Loan Normal,2785000.00,523000.00,97500.00,0,STAGE_1_PERFORMING,0.63%,2.9x,NAKURU_BR
2025-10-31,STR-LN-100739,TKN-SHA256-61CBC391,Tabitha Ali,ID-HASH-CA56BCEDF9,FOSA-ADV,Salary Advance 30D,140000.00,57000.00,5000.00,0,STAGE_1_PERFORMING,0.32%,1.3x,HQ_NAIROBI
2025-10-31,STR-LN-100740,TKN-SHA256-B44CF42D,David Kariuki,ID-HASH-472880ED41,FOSA-ADV,Salary Advance 30D,85000.00,54000.00,3000.00,13,STAGE_1_EARLY_WATCH,3.85%,1.3x,ELDORET_BR
2025-10-31,STR-LN-100741,TKN-SHA256-454F809C,Lucy Gitonga,ID-HASH-5AAD257A14,BOSA-NRM,Development Loan Normal,2415000.00,2010000.00,84500.00,0,STAGE_1_PERFORMING,0.93%,4.0x,NAKURU_BR
2025-10-31,STR-LN-100742,TKN-SHA256-98DC9E28,Alice Ali,ID-HASH-D3D21C730B,ASSET-FIN,Vehicle & Asset Finance,1875000.00,1678000.00,65500.00,0,STAGE_1_PERFORMING,0.68%,1.1x,MOMBASA_BR
2025-10-31,STR-LN-100743,TKN-SHA256-2B33C6BB,David Ali,ID-HASH-9E89B567A6,BOSA-NRM,Development Loan Normal,1065000.00,245000.00,37500.00,0,STAGE_1_PERFORMING,0.42%,3.8x,UPPER_HILL
2025-10-31,STR-LN-100744,TKN-SHA256-A636A16D,Grace Koech,ID-HASH-CE3A88B808,FOSA-ADV,Salary Advance 30D,65000.00,60000.00,2500.00,22,STAGE_1_EARLY_WATCH,1.84%,0.9x,BOMET_BRANCH
2025-10-31,STR-LN-100745,TKN-SHA256-90F3E0A2,Cosmas Otieno,ID-HASH-7A7042AE50,AGRI-TEA,Tea & Coffee Farm Development,945000.00,310000.00,33000.00,0,STAGE_1_PERFORMING,0.89%,3.6x,MOMBASA_BR
2025-10-31,STR-LN-100746,TKN-SHA256-17C82967,Dennis Ochieng,ID-HASH-DA85331D03,BOSA-EMG,Emergency Medical Facility,245000.00,144000.00,8500.00,0,STAGE_1_PERFORMING,0.55%,3.2x,NAKURU_BR
2025-10-31,STR-LN-100747,TKN-SHA256-B8643844,Catherine Chebet,ID-HASH-1B8E244E6F,BOSA-NRM,Development Loan Normal,1825000.00,590000.00,64000.00,17,STAGE_1_EARLY_WATCH,4.27%,3.5x,UPPER_HILL
2025-10-31,STR-LN-100748,TKN-SHA256-AA5FB379,Grace Kariuki,ID-HASH-90DE150ECC,MSME-WCP,Business Working Capital,645000.00,447000.00,22500.00,0,STAGE_1_PERFORMING,0.64%,2.2x,BOMET_BRANCH
2025-10-31,STR-LN-100749,TKN-SHA256-BC16483F,Emmanuel Ochieng,ID-HASH-A2250B8EEC,AGRI-TEA,Tea & Coffee Farm Development,940000.00,646000.00,33000.00,20,STAGE_1_EARLY_WATCH,1.20%,2.5x,MOMBASA_BR
2025-10-31,STR-LN-100750,TKN-SHA256-6D1C7928,Philemon Korir,ID-HASH-8471F61498,FOSA-ADV,Salary Advance 30D,65000.00,13000.00,2500.00,0,STAGE_1_PERFORMING,0.45%,1.3x,WESTLANDS
2025-10-31,STR-LN-100751,TKN-SHA256-A2F50C7D,Tabitha Gitonga,ID-HASH-842CDF54F4,BOSA-SCH,School Fees Advance,180000.00,78000.00,6500.00,0,STAGE_1_PERFORMING,0.37%,5.0x,BOMET_BRANCH
2025-10-31,STR-LN-100752,TKN-SHA256-B5E757B0,Emmanuel Siele,ID-HASH-25D4388653,AGRI-TEA,Tea & Coffee Farm Development,1170000.00,1027000.00,41000.00,0,STAGE_1_PERFORMING,0.93%,2.4x,BOMET_BRANCH
2025-10-31,STR-LN-100753,TKN-SHA256-A7C71853,Lucy Wambui,ID-HASH-501E5E56B6,BOSA-SCH,School Fees Advance,225000.00,43000.00,8000.00,0,STAGE_1_PERFORMING,0.62%,3.7x,ELDORET_BR
2025-10-31,STR-LN-100754,TKN-SHA256-0D2EA912,James Ali,ID-HASH-C8B731483D,FOSA-ADV,Salary Advance 30D,85000.00,20000.00,3000.00,0,STAGE_1_PERFORMING,0.51%,1.1x,HQ_NAIROBI
2025-10-31,STR-LN-100755,TKN-SHA256-3DE40E23,Catherine Hassan,ID-HASH-C6A8A6B54F,AGRI-TEA,Tea & Coffee Farm Development,1180000.00,737000.00,41500.00,77,STAGE_2_UNDERPERFORMING,11.96%,2.7x,ELDORET_BR
2025-10-31,STR-LN-100756,TKN-SHA256-6628AFC7,Bernard Gitonga,ID-HASH-2DDC930410,AGRI-TEA,Tea & Coffee Farm Development,290000.00,253000.00,10000.00,0,STAGE_1_PERFORMING,0.90%,3.5x,NANDI_HILLS
2025-10-31,STR-LN-100757,TKN-SHA256-9195D1E0,Tabitha Kimani,ID-HASH-05FC6D9D11,BOSA-EMG,Emergency Medical Facility,220000.00,99000.00,7500.00,0,STAGE_1_PERFORMING,0.46%,2.8x,NAKURU_BR
2025-10-31,STR-LN-100758,TKN-SHA256-2600FF60,Lucy Ruto,ID-HASH-590CE53D2D,FOSA-ADV,Salary Advance 30D,120000.00,65000.00,4000.00,0,STAGE_1_PERFORMING,0.51%,1.1x,NAKURU_BR
2025-10-31,STR-LN-100759,TKN-SHA256-38EC1E29,Alice Omondi,ID-HASH-44EACFF952,BOSA-NRM,Development Loan Normal,2280000.00,1827000.00,80000.00,0,STAGE_1_PERFORMING,0.60%,3.1x,NAKURU_BR
2025-10-31,STR-LN-100760,TKN-SHA256-30640EA5,Fatuma Bett,ID-HASH-4710CA9FDE,BOSA-NRM,Development Loan Normal,1895000.00,1347000.00,66500.00,0,STAGE_1_PERFORMING,0.36%,3.9x,WESTLANDS
2025-10-31,STR-LN-100761,TKN-SHA256-B33FF5D7,Hassan Mutua,ID-HASH-1763BF6F10,BOSA-NRM,Development Loan Normal,1435000.00,483000.00,50000.00,0,STAGE_1_PERFORMING,0.24%,3.4x,MOMBASA_BR
2025-10-31,STR-LN-100762,TKN-SHA256-6E370BC8,Peter Mwangi,ID-HASH-FEDFE4A31B,AGRI-TEA,Tea & Coffee Farm Development,905000.00,619000.00,31500.00,0,STAGE_1_PERFORMING,0.70%,2.3x,WESTLANDS
2025-10-31,STR-LN-100763,TKN-SHA256-57BA678B,Geoffrey Mwangi,ID-HASH-B75DC07A8F,BOSA-SCH,School Fees Advance,130000.00,25000.00,4500.00,7,STAGE_1_EARLY_WATCH,4.33%,4.5x,WESTLANDS
2025-10-31,STR-LN-100764,TKN-SHA256-B3713DD2,Cosmas Korir,ID-HASH-286E992375,FOSA-ADV,Salary Advance 30D,55000.00,38000.00,2000.00,0,STAGE_1_PERFORMING,0.47%,1.0x,WESTLANDS
2025-10-31,STR-LN-100765,TKN-SHA256-677A29DB,Hassan Sang,ID-HASH-054D774414,MSME-WCP,Business Working Capital,230000.00,210000.00,8000.00,0,STAGE_1_PERFORMING,0.35%,1.9x,HQ_NAIROBI
2025-10-31,STR-LN-100766,TKN-SHA256-E9D412AF,John Otieno,ID-HASH-FC42850178,BOSA-NRM,Development Loan Normal,1515000.00,581000.00,53000.00,0,STAGE_1_PERFORMING,0.78%,4.1x,NAKURU_BR
2025-10-31,STR-LN-100767,TKN-SHA256-3E2B9329,Beatrice Achieng,ID-HASH-EA159B35C8,ASSET-FIN,Vehicle & Asset Finance,3270000.00,2177000.00,114500.00,0,STAGE_1_PERFORMING,0.36%,1.5x,ELDORET_BR
2025-10-31,STR-LN-100768,TKN-SHA256-571677FB,Peter Kiptoo,ID-HASH-D762DFCE4D,MSME-WCP,Business Working Capital,625000.00,288000.00,22000.00,0,STAGE_1_PERFORMING,0.49%,1.6x,KERICHO_CENTRAL
2025-10-31,STR-LN-100769,TKN-SHA256-24C5BE71,Lucy Omondi,ID-HASH-BD11196D28,ASSET-FIN,Vehicle & Asset Finance,2025000.00,975000.00,71000.00,78,STAGE_2_UNDERPERFORMING,5.90%,1.3x,BOMET_BRANCH
2025-10-31,STR-LN-100770,TKN-SHA256-71E2DB98,Philemon Njoroge,ID-HASH-EC46303C7E,ASSET-FIN,Vehicle & Asset Finance,3930000.00,615000.00,137500.00,0,STAGE_1_PERFORMING,0.53%,1.5x,NAKURU_BR
2025-10-31,STR-LN-100771,TKN-SHA256-8FA19DEA,Geoffrey Cheruiyot,ID-HASH-32D40626F4,BOSA-SCH,School Fees Advance,120000.00,34000.00,4000.00,15,STAGE_1_EARLY_WATCH,3.76%,3.1x,NANDI_HILLS
2025-10-31,STR-LN-100772,TKN-SHA256-864C6F9E,Catherine Gitonga,ID-HASH-A0858E0177,AGRI-TEA,Tea & Coffee Farm Development,745000.00,196000.00,26000.00,20,STAGE_1_EARLY_WATCH,3.02%,3.7x,NANDI_HILLS
2025-10-31,STR-LN-100773,TKN-SHA256-397759DE,Beatrice Kamau,ID-HASH-4D82DD72AB,BOSA-NRM,Development Loan Normal,635000.00,136000.00,22000.00,0,STAGE_1_PERFORMING,0.87%,4.2x,KERICHO_CENTRAL
2025-10-31,STR-LN-100774,TKN-SHA256-5A8A5FF8,Cosmas Kimani,ID-HASH-B8B7E580E0,FOSA-ADV,Salary Advance 30D,20000.00,18000.00,500.00,0,STAGE_1_PERFORMING,0.34%,1.4x,KERICHO_CENTRAL
2025-10-31,STR-LN-100775,TKN-SHA256-7540AD81,Bernard Hassan,ID-HASH-452048298E,FOSA-ADV,Salary Advance 30D,90000.00,41000.00,3000.00,0,STAGE_1_PERFORMING,0.50%,1.1x,NANDI_HILLS
2025-10-31,STR-LN-100776,TKN-SHA256-0D220B03,Mary Bett,ID-HASH-67CD1BB6C4,MSME-WCP,Business Working Capital,1005000.00,626000.00,35000.00,0,STAGE_1_PERFORMING,0.41%,2.5x,NAKURU_BR
2025-10-31,STR-LN-100777,TKN-SHA256-77167B40,Mary Koech,ID-HASH-343961B0D5,FOSA-ADV,Salary Advance 30D,125000.00,113000.00,4500.00,0,STAGE_1_PERFORMING,0.26%,1.0x,NANDI_HILLS
2025-10-31,STR-LN-100778,TKN-SHA256-D784ECE1,Bernard Chebet,ID-HASH-DEC090DFF5,MSME-WCP,Business Working Capital,555000.00,274000.00,19500.00,0,STAGE_1_PERFORMING,0.20%,1.6x,NANDI_HILLS
2025-10-31,STR-LN-100779,TKN-SHA256-EBD92DAF,David Wanjiku,ID-HASH-5C2402A50D,FOSA-ADV,Salary Advance 30D,45000.00,12000.00,1500.00,142,STAGE_3_NON_PERFORMING,38.91%,1.4x,MOMBASA_BR
2025-10-31,STR-LN-100780,TKN-SHA256-3EB796F2,Gladys Kamau,ID-HASH-6BE6B5D261,ASSET-FIN,Vehicle & Asset Finance,3020000.00,2298000.00,105500.00,0,STAGE_1_PERFORMING,0.85%,1.5x,ELDORET_BR
2025-10-31,STR-LN-100781,TKN-SHA256-285C4289,Bernard Ochieng,ID-HASH-0945EA3BC2,BOSA-NRM,Development Loan Normal,790000.00,283000.00,27500.00,0,STAGE_1_PERFORMING,0.87%,3.4x,BOMET_BRANCH
2025-10-31,STR-LN-100782,TKN-SHA256-B14C765A,Philemon Korir,ID-HASH-22F0E0E7B2,FOSA-ADV,Salary Advance 30D,115000.00,73000.00,4000.00,13,STAGE_1_EARLY_WATCH,3.07%,1.2x,NANDI_HILLS
2025-10-31,STR-LN-100783,TKN-SHA256-7124E110,Tabitha Kiptoo,ID-HASH-DA0C67049D,BOSA-EMG,Emergency Medical Facility,55000.00,18000.00,2000.00,0,STAGE_1_PERFORMING,0.72%,2.1x,BOMET_BRANCH
2025-10-31,STR-LN-100784,TKN-SHA256-704C066D,Samuel Koech,ID-HASH-2F7CAE7895,BOSA-SCH,School Fees Advance,220000.00,146000.00,7500.00,0,STAGE_1_PERFORMING,0.60%,4.7x,NAKURU_BR
2025-10-31,STR-LN-100785,TKN-SHA256-DF9F1ADB,Wesley Hassan,ID-HASH-23EF76030D,MSME-WCP,Business Working Capital,1155000.00,934000.00,40500.00,0,STAGE_1_PERFORMING,0.66%,1.8x,ELDORET_BR
2025-10-31,STR-LN-100786,TKN-SHA256-312462CB,Geoffrey Hassan,ID-HASH-7C453DC8AA,AGRI-TEA,Tea & Coffee Farm Development,865000.00,470000.00,30500.00,0,STAGE_1_PERFORMING,0.29%,2.3x,KERICHO_CENTRAL
2025-10-31,STR-LN-100787,TKN-SHA256-91182986,Samuel Otieno,ID-HASH-151AF2B35E,AGRI-TEA,Tea & Coffee Farm Development,1070000.00,354000.00,37500.00,0,STAGE_1_PERFORMING,0.59%,2.1x,MOMBASA_BR
2025-10-31,STR-LN-100788,TKN-SHA256-8C507E0C,Kiprono Wanjiku,ID-HASH-8521C1A565,BOSA-EMG,Emergency Medical Facility,210000.00,89000.00,7500.00,0,STAGE_1_PERFORMING,0.91%,2.9x,KISUMU_BR
2025-10-31,STR-LN-100789,TKN-SHA256-639D95B1,Grace Sang,ID-HASH-1B04CFB7E0,BOSA-NRM,Development Loan Normal,935000.00,842000.00,32500.00,0,STAGE_1_PERFORMING,0.88%,3.5x,UPPER_HILL
2025-10-31,STR-LN-100790,TKN-SHA256-99D01A96,Kiprono Kamau,ID-HASH-D7DFCE6ED3,ASSET-FIN,Vehicle & Asset Finance,4525000.00,3937000.00,158500.00,0,STAGE_1_PERFORMING,0.54%,1.1x,UPPER_HILL
2025-10-31,STR-LN-100791,TKN-SHA256-7E864775,Wesley Mutua,ID-HASH-C3F66028FA,ASSET-FIN,Vehicle & Asset Finance,3035000.00,1194000.00,106000.00,0,STAGE_1_PERFORMING,0.34%,2.0x,NAKURU_BR
2025-10-31,STR-LN-100792,TKN-SHA256-9CCFF76F,Mercy Ruto,ID-HASH-8DC660DCBB,BOSA-SCH,School Fees Advance,50000.00,31000.00,2000.00,0,STAGE_1_PERFORMING,0.91%,5.1x,NAKURU_BR
2025-10-31,STR-LN-100793,TKN-SHA256-0745E6A3,Bernard Achieng,ID-HASH-62F5F51783,BOSA-NRM,Development Loan Normal,1580000.00,888000.00,55500.00,89,STAGE_2_UNDERPERFORMING,5.95%,2.6x,NAKURU_BR
2025-10-31,STR-LN-100794,TKN-SHA256-0DE2E491,Peter Achieng,ID-HASH-D107A0DFE1,BOSA-EMG,Emergency Medical Facility,105000.00,37000.00,3500.00,0,STAGE_1_PERFORMING,0.31%,2.9x,NANDI_HILLS
2025-10-31,STR-LN-100795,TKN-SHA256-409586F7,Dennis Gitonga,ID-HASH-3139DDD589,ASSET-FIN,Vehicle & Asset Finance,3035000.00,1358000.00,106000.00,10,STAGE_1_EARLY_WATCH,4.18%,1.6x,WESTLANDS
2025-10-31,STR-LN-100796,TKN-SHA256-A36BA298,Kiprono Cheruiyot,ID-HASH-3C6864C616,MSME-WCP,Business Working Capital,580000.00,132000.00,20500.00,0,STAGE_1_PERFORMING,0.74%,2.2x,HQ_NAIROBI
2025-10-31,STR-LN-100797,TKN-SHA256-9C2915D4,Catherine Chebet,ID-HASH-C72297B3CB,BOSA-EMG,Emergency Medical Facility,85000.00,79000.00,3000.00,0,STAGE_1_PERFORMING,0.82%,3.1x,NAKURU_BR
2025-10-31,STR-LN-100798,TKN-SHA256-62360EE6,Mercy Sang,ID-HASH-15E7FB6F2C,BOSA-SCH,School Fees Advance,245000.00,107000.00,8500.00,0,STAGE_1_PERFORMING,0.16%,4.7x,NAKURU_BR
2025-10-31,STR-LN-100799,TKN-SHA256-9DDAB03A,Stephen Rono,ID-HASH-56846B2E0D,FOSA-ADV,Salary Advance 30D,125000.00,79000.00,4500.00,0,STAGE_1_PERFORMING,0.63%,1.0x,WESTLANDS
2025-10-31,STR-LN-100800,TKN-SHA256-12914E0F,Dennis Kiptoo,ID-HASH-5C29AC8FEC,BOSA-SCH,School Fees Advance,235000.00,144000.00,8000.00,0,STAGE_1_PERFORMING,0.35%,3.4x,WESTLANDS
2025-10-31,STR-LN-100801,TKN-SHA256-BC79D46A,Jane Achieng,ID-HASH-933033D804,MSME-WCP,Business Working Capital,595000.00,537000.00,21000.00,0,STAGE_1_PERFORMING,0.88%,1.9x,ELDORET_BR
2025-10-31,STR-LN-100802,TKN-SHA256-CE2E2064,Mercy Omondi,ID-HASH-2CA791A8F2,BOSA-NRM,Development Loan Normal,2235000.00,1122000.00,78000.00,23,STAGE_1_EARLY_WATCH,2.86%,2.7x,NAKURU_BR
2025-10-31,STR-LN-100803,TKN-SHA256-E4B72A35,Gladys Achieng,ID-HASH-8BED525095,MSME-WCP,Business Working Capital,1680000.00,1394000.00,59000.00,0,STAGE_1_PERFORMING,0.38%,2.5x,NANDI_HILLS
2025-10-31,STR-LN-100804,TKN-SHA256-F51D9260,Beatrice Cheruiyot,ID-HASH-40D1694AC5,FOSA-ADV,Salary Advance 30D,40000.00,28000.00,1500.00,0,STAGE_1_PERFORMING,0.30%,1.0x,ELDORET_BR
2025-10-31,STR-LN-100805,TKN-SHA256-403EC335,Hassan Ochieng,ID-HASH-9E9421E8C6,BOSA-SCH,School Fees Advance,50000.00,44000.00,2000.00,0,STAGE_1_PERFORMING,0.62%,4.9x,NAKURU_BR
2025-10-31,STR-LN-100806,TKN-SHA256-C7A5C69B,Emmanuel Omondi,ID-HASH-CA16BE203D,BOSA-NRM,Development Loan Normal,1975000.00,858000.00,69000.00,0,STAGE_1_PERFORMING,0.88%,2.5x,ELDORET_BR
2025-10-31,STR-LN-100807,TKN-SHA256-714B02AD,Bernard Bett,ID-HASH-0F77082621,BOSA-NRM,Development Loan Normal,1215000.00,293000.00,42500.00,0,STAGE_1_PERFORMING,0.72%,3.4x,HQ_NAIROBI
2025-10-31,STR-LN-100808,TKN-SHA256-1E06F7F7,Cosmas Achieng,ID-HASH-669DBF97BD,ASSET-FIN,Vehicle & Asset Finance,1310000.00,612000.00,46000.00,0,STAGE_1_PERFORMING,0.54%,1.9x,HQ_NAIROBI
2025-10-31,STR-LN-100809,TKN-SHA256-C77A0860,Tabitha Mwangi,ID-HASH-C2194CE521,BOSA-SCH,School Fees Advance,45000.00,12000.00,1500.00,0,STAGE_1_PERFORMING,0.56%,3.6x,NANDI_HILLS
2025-10-31,STR-LN-100810,TKN-SHA256-9149583A,Mary Omondi,ID-HASH-5CF29AA495,MSME-WCP,Business Working Capital,565000.00,380000.00,20000.00,0,STAGE_1_PERFORMING,0.67%,1.9x,KERICHO_CENTRAL
2025-10-31,STR-LN-100811,TKN-SHA256-49450124,Jane Kariuki,ID-HASH-406C010A88,MSME-WCP,Business Working Capital,1290000.00,442000.00,45000.00,0,STAGE_1_PERFORMING,0.31%,2.5x,MOMBASA_BR
2025-10-31,STR-LN-100812,TKN-SHA256-72C2EE23,Beatrice Langat,ID-HASH-8D9C3F7217,BOSA-NRM,Development Loan Normal,2720000.00,2205000.00,95000.00,0,STAGE_1_PERFORMING,0.93%,3.7x,KERICHO_CENTRAL
2025-10-31,STR-LN-100813,TKN-SHA256-1D2AF1C3,Emmanuel Gitonga,ID-HASH-56BD9BDBA2,BOSA-NRM,Development Loan Normal,2310000.00,1093000.00,81000.00,0,STAGE_1_PERFORMING,0.37%,3.2x,ELDORET_BR
2025-10-31,STR-LN-100814,TKN-SHA256-88D97769,Tabitha Ruto,ID-HASH-575BE14995,MSME-WCP,Business Working Capital,500000.00,309000.00,17500.00,0,STAGE_1_PERFORMING,0.44%,1.5x,KISUMU_BR
2025-10-31,STR-LN-100815,TKN-SHA256-643F19F8,Catherine Kimani,ID-HASH-1E3B862CF5,AGRI-TEA,Tea & Coffee Farm Development,160000.00,151000.00,5500.00,0,STAGE_1_PERFORMING,0.70%,3.0x,UPPER_HILL
2025-10-31,STR-LN-100816,TKN-SHA256-F5350B90,Mary Sang,ID-HASH-6572367059,FOSA-ADV,Salary Advance 30D,30000.00,6000.00,1000.00,0,STAGE_1_PERFORMING,0.38%,0.9x,NAKURU_BR
2025-10-31,STR-LN-100817,TKN-SHA256-EB7162E1,Hassan Omondi,ID-HASH-38D21C31A2,BOSA-NRM,Development Loan Normal,1695000.00,1201000.00,59500.00,0,STAGE_1_PERFORMING,0.58%,3.9x,KERICHO_CENTRAL
2025-10-31,STR-LN-100818,TKN-SHA256-8FC7E554,Tabitha Rono,ID-HASH-3E186A5531,BOSA-EMG,Emergency Medical Facility,265000.00,81000.00,9500.00,0,STAGE_1_PERFORMING,0.30%,2.5x,KISUMU_BR
2025-10-31,STR-LN-100819,TKN-SHA256-11F1FCE6,Fatuma Sang,ID-HASH-18B641BD39,BOSA-SCH,School Fees Advance,90000.00,34000.00,3000.00,0,STAGE_1_PERFORMING,0.73%,4.6x,HQ_NAIROBI
2025-10-31,STR-LN-100820,TKN-SHA256-683988AE,Samuel Rono,ID-HASH-6F6D6CB527,ASSET-FIN,Vehicle & Asset Finance,1385000.00,976000.00,48500.00,0,STAGE_1_PERFORMING,0.86%,1.5x,WESTLANDS
2025-10-31,STR-LN-100821,TKN-SHA256-8D82C40C,Catherine Sang,ID-HASH-AE959BFD6A,MSME-WCP,Business Working Capital,610000.00,544000.00,21500.00,0,STAGE_1_PERFORMING,0.50%,2.5x,MOMBASA_BR
2025-10-31,STR-LN-100822,TKN-SHA256-762FB3E3,Cosmas Ali,ID-HASH-C4FC879D3C,BOSA-EMG,Emergency Medical Facility,100000.00,45000.00,3500.00,22,STAGE_1_EARLY_WATCH,3.36%,2.8x,KERICHO_CENTRAL
2025-10-31,STR-LN-100823,TKN-SHA256-6E0ECD97,Lucy Bett,ID-HASH-FF96C7C9F8,BOSA-SCH,School Fees Advance,65000.00,32000.00,2500.00,0,STAGE_1_PERFORMING,0.38%,4.2x,MOMBASA_BR
2025-10-31,STR-LN-100824,TKN-SHA256-B1B77433,Tabitha Mwangi,ID-HASH-D7F0151E3D,AGRI-TEA,Tea & Coffee Farm Development,645000.00,465000.00,22500.00,0,STAGE_1_PERFORMING,0.81%,3.2x,UPPER_HILL
2025-10-31,STR-LN-100825,TKN-SHA256-7F094300,James Ruto,ID-HASH-5BF312B25B,AGRI-TEA,Tea & Coffee Farm Development,1125000.00,815000.00,39500.00,2,STAGE_1_EARLY_WATCH,2.86%,2.7x,WESTLANDS
2025-10-31,STR-LN-100826,TKN-SHA256-183BB93A,Stephen Wambui,ID-HASH-26603048F4,AGRI-TEA,Tea & Coffee Farm Development,465000.00,252000.00,16500.00,0,STAGE_1_PERFORMING,0.54%,2.7x,UPPER_HILL
2025-10-31,STR-LN-100827,TKN-SHA256-5CAD6F93,James Kimani,ID-HASH-189BF45D44,BOSA-EMG,Emergency Medical Facility,110000.00,78000.00,4000.00,0,STAGE_1_PERFORMING,0.54%,2.0x,KERICHO_CENTRAL
2025-10-31,STR-LN-100828,TKN-SHA256-0933F83F,Kiprono Chebet,ID-HASH-4D45D48BFD,BOSA-EMG,Emergency Medical Facility,95000.00,73000.00,3500.00,0,STAGE_1_PERFORMING,0.41%,2.6x,WESTLANDS
2025-10-31,STR-LN-100829,TKN-SHA256-7A63967C,Dennis Koech,ID-HASH-28A15FF392,FOSA-ADV,Salary Advance 30D,70000.00,29000.00,2500.00,0,STAGE_1_PERFORMING,0.41%,1.2x,ELDORET_BR
2025-10-31,STR-LN-100830,TKN-SHA256-2FA4FFA2,Stephen Cheruiyot,ID-HASH-E18E0D1E8B,BOSA-SCH,School Fees Advance,45000.00,8000.00,1500.00,0,STAGE_1_PERFORMING,0.51%,3.9x,NANDI_HILLS
2025-10-31,STR-LN-100831,TKN-SHA256-05AF54E9,Emmanuel Sang,ID-HASH-6930E81F20,FOSA-ADV,Salary Advance 30D,110000.00,70000.00,4000.00,0,STAGE_1_PERFORMING,0.72%,1.3x,UPPER_HILL
2025-10-31,STR-LN-100832,TKN-SHA256-B95DD612,Peter Mutua,ID-HASH-B67D8B80CE,BOSA-NRM,Development Loan Normal,1675000.00,1100000.00,58500.00,111,STAGE_3_NON_PERFORMING,40.23%,3.3x,WESTLANDS
2025-10-31,STR-LN-100833,TKN-SHA256-5D3933D3,Samuel Wambui,ID-HASH-43318A43BB,ASSET-FIN,Vehicle & Asset Finance,2105000.00,558000.00,73500.00,0,STAGE_1_PERFORMING,0.53%,2.0x,WESTLANDS
2025-10-31,STR-LN-100834,TKN-SHA256-71BDDDB3,Emmanuel Kiptoo,ID-HASH-DB5F4E4684,FOSA-ADV,Salary Advance 30D,90000.00,33000.00,3000.00,0,STAGE_1_PERFORMING,0.16%,1.0x,WESTLANDS
2025-10-31,STR-LN-100835,TKN-SHA256-8574D120,Dennis Kiptoo,ID-HASH-36B0A27548,BOSA-SCH,School Fees Advance,50000.00,17000.00,2000.00,0,STAGE_1_PERFORMING,0.57%,5.0x,ELDORET_BR
2025-10-31,STR-LN-100836,TKN-SHA256-83882960,Grace Chebet,ID-HASH-3C61786961,ASSET-FIN,Vehicle & Asset Finance,3345000.00,2746000.00,117000.00,0,STAGE_1_PERFORMING,0.91%,1.9x,MOMBASA_BR
2025-10-31,STR-LN-100837,TKN-SHA256-F54F7AFC,Fatuma Mutua,ID-HASH-4E9D6641A3,BOSA-EMG,Emergency Medical Facility,260000.00,128000.00,9000.00,42,STAGE_2_UNDERPERFORMING,14.08%,2.9x,KERICHO_CENTRAL
2025-10-31,STR-LN-100838,TKN-SHA256-9CB5EB4C,Jane Ruto,ID-HASH-C431165CA2,BOSA-EMG,Emergency Medical Facility,175000.00,38000.00,6000.00,0,STAGE_1_PERFORMING,0.61%,2.3x,NAKURU_BR
2025-10-31,STR-LN-100839,TKN-SHA256-97B7B7C0,Mary Kimani,ID-HASH-99CDF05603,AGRI-TEA,Tea & Coffee Farm Development,790000.00,647000.00,27500.00,0,STAGE_1_PERFORMING,0.91%,2.9x,BOMET_BRANCH
2025-10-31,STR-LN-100840,TKN-SHA256-FE1A48C5,Stephen Kamau,ID-HASH-207B8F9619,MSME-WCP,Business Working Capital,1330000.00,1088000.00,46500.00,0,STAGE_1_PERFORMING,0.93%,2.0x,ELDORET_BR
2025-10-31,STR-LN-100841,TKN-SHA256-E57E5A52,Samuel Omondi,ID-HASH-AE7F8D9EC0,ASSET-FIN,Vehicle & Asset Finance,2985000.00,694000.00,104500.00,0,STAGE_1_PERFORMING,0.41%,1.5x,BOMET_BRANCH
2025-10-31,STR-LN-100842,TKN-SHA256-4FCDD560,Philemon Mwangi,ID-HASH-E5DA834540,MSME-WCP,Business Working Capital,800000.00,543000.00,28000.00,0,STAGE_1_PERFORMING,0.23%,2.6x,UPPER_HILL
2025-10-31,STR-LN-100843,TKN-SHA256-5467A909,Wesley Chebet,ID-HASH-7E9827E665,ASSET-FIN,Vehicle & Asset Finance,2060000.00,1578000.00,72000.00,0,STAGE_1_PERFORMING,0.47%,1.4x,MOMBASA_BR
2025-10-31,STR-LN-100844,TKN-SHA256-85B96D59,Samuel Mwangi,ID-HASH-80BC156B6E,BOSA-EMG,Emergency Medical Facility,195000.00,173000.00,7000.00,54,STAGE_2_UNDERPERFORMING,7.00%,2.3x,NAKURU_BR
2025-10-31,STR-LN-100845,TKN-SHA256-6F745D3F,James Otieno,ID-HASH-E15B32F75D,MSME-WCP,Business Working Capital,1175000.00,402000.00,41000.00,0,STAGE_1_PERFORMING,0.56%,2.3x,BOMET_BRANCH
2025-10-31,STR-LN-100846,TKN-SHA256-49E09315,Fatuma Bett,ID-HASH-F01C4A5BF5,BOSA-NRM,Development Loan Normal,2755000.00,2581000.00,96500.00,0,STAGE_1_PERFORMING,0.49%,2.6x,KISUMU_BR
2025-10-31,STR-LN-100847,TKN-SHA256-3AD67B90,Mary Kiptoo,ID-HASH-AC929AC3CD,MSME-WCP,Business Working Capital,1480000.00,1210000.00,52000.00,0,STAGE_1_PERFORMING,0.59%,2.0x,KISUMU_BR
2025-10-31,STR-LN-100848,TKN-SHA256-C5B86DF9,Mary Omondi,ID-HASH-A7777971B5,BOSA-SCH,School Fees Advance,220000.00,172000.00,7500.00,0,STAGE_1_PERFORMING,0.23%,3.1x,MOMBASA_BR
2025-10-31,STR-LN-100849,TKN-SHA256-59B11399,Mary Cheruiyot,ID-HASH-BEB092437E,BOSA-EMG,Emergency Medical Facility,75000.00,55000.00,2500.00,0,STAGE_1_PERFORMING,0.43%,2.1x,UPPER_HILL
2025-10-31,STR-LN-100850,TKN-SHA256-0F9CEDB1,Peter Ali,ID-HASH-12D6E050DB,BOSA-EMG,Emergency Medical Facility,155000.00,113000.00,5500.00,0,STAGE_1_PERFORMING,0.19%,2.2x,BOMET_BRANCH
2025-10-31,STR-LN-100851,TKN-SHA256-7BFBC3BB,Beatrice Siele,ID-HASH-7D95C15B72,BOSA-SCH,School Fees Advance,230000.00,116000.00,8000.00,137,STAGE_3_NON_PERFORMING,43.98%,4.4x,KERICHO_CENTRAL
2025-10-31,STR-LN-100852,TKN-SHA256-111EFC42,Alice Mutua,ID-HASH-C4147BE99C,FOSA-ADV,Salary Advance 30D,85000.00,61000.00,3000.00,0,STAGE_1_PERFORMING,0.53%,1.5x,WESTLANDS
2025-10-31,STR-LN-100853,TKN-SHA256-51FFE214,John Ali,ID-HASH-2654BCC891,BOSA-EMG,Emergency Medical Facility,200000.00,71000.00,7000.00,0,STAGE_1_PERFORMING,0.54%,1.9x,MOMBASA_BR
2025-10-31,STR-LN-100854,TKN-SHA256-5080389A,John Bett,ID-HASH-D899A25067,AGRI-TEA,Tea & Coffee Farm Development,355000.00,92000.00,12500.00,0,STAGE_1_PERFORMING,0.33%,2.4x,HQ_NAIROBI
2025-10-31,STR-LN-100855,TKN-SHA256-739D671B,Grace Siele,ID-HASH-4FF914E822,FOSA-ADV,Salary Advance 30D,50000.00,43000.00,2000.00,0,STAGE_1_PERFORMING,0.35%,1.3x,MOMBASA_BR
2025-10-31,STR-LN-100856,TKN-SHA256-3883380D,Jane Wambui,ID-HASH-08FAC8EAF1,AGRI-TEA,Tea & Coffee Farm Development,710000.00,167000.00,25000.00,104,STAGE_3_NON_PERFORMING,35.95%,2.2x,BOMET_BRANCH
2025-10-31,STR-LN-100857,TKN-SHA256-EA0D829E,Fatuma Koech,ID-HASH-AB9A3AB0B0,BOSA-EMG,Emergency Medical Facility,75000.00,62000.00,2500.00,0,STAGE_1_PERFORMING,0.56%,3.0x,KERICHO_CENTRAL
2025-10-31,STR-LN-100858,TKN-SHA256-CC695773,Gladys Ochieng,ID-HASH-2924C25AE0,BOSA-SCH,School Fees Advance,130000.00,77000.00,4500.00,0,STAGE_1_PERFORMING,0.60%,2.9x,ELDORET_BR
2025-10-31,STR-LN-100859,TKN-SHA256-87861DC1,Grace Rono,ID-HASH-D29DF41ECC,BOSA-SCH,School Fees Advance,110000.00,57000.00,4000.00,0,STAGE_1_PERFORMING,0.79%,3.6x,MOMBASA_BR
2025-10-31,STR-LN-100860,TKN-SHA256-03C3361E,Mary Mutua,ID-HASH-3812BB2EE6,BOSA-SCH,School Fees Advance,175000.00,58000.00,6000.00,0,STAGE_1_PERFORMING,0.78%,3.4x,KERICHO_CENTRAL
2025-10-31,STR-LN-100861,TKN-SHA256-A6A33B94,Lucy Kamau,ID-HASH-327913F295,MSME-WCP,Business Working Capital,890000.00,428000.00,31000.00,0,STAGE_1_PERFORMING,0.16%,1.6x,UPPER_HILL
2025-10-31,STR-LN-100862,TKN-SHA256-0C7E44A4,Beatrice Langat,ID-HASH-B6D7F88CDD,BOSA-EMG,Emergency Medical Facility,125000.00,90000.00,4500.00,0,STAGE_1_PERFORMING,0.23%,3.0x,MOMBASA_BR
2025-10-31,STR-LN-100863,TKN-SHA256-657F1A0F,Bernard Rono,ID-HASH-251DFE36E7,FOSA-ADV,Salary Advance 30D,115000.00,61000.00,4000.00,0,STAGE_1_PERFORMING,0.58%,1.0x,HQ_NAIROBI
2025-10-31,STR-LN-100864,TKN-SHA256-339A2119,Peter Wanjiku,ID-HASH-04DDFF2769,ASSET-FIN,Vehicle & Asset Finance,4005000.00,777000.00,140000.00,0,STAGE_1_PERFORMING,0.26%,1.9x,ELDORET_BR
2025-10-31,STR-LN-100865,TKN-SHA256-858FEFB1,James Ruto,ID-HASH-CFA12A4378,FOSA-ADV,Salary Advance 30D,130000.00,24000.00,4500.00,0,STAGE_1_PERFORMING,0.64%,1.5x,NAKURU_BR
2025-10-31,STR-LN-100866,TKN-SHA256-2BE08B7D,Grace Wambui,ID-HASH-8724AB25FF,FOSA-ADV,Salary Advance 30D,30000.00,10000.00,1000.00,95,STAGE_3_NON_PERFORMING,34.45%,1.1x,NAKURU_BR
2025-10-31,STR-LN-100867,TKN-SHA256-8BB7963F,Tabitha Koech,ID-HASH-28E4F2688D,BOSA-SCH,School Fees Advance,145000.00,100000.00,5000.00,95,STAGE_3_NON_PERFORMING,19.56%,3.7x,ELDORET_BR
2025-10-31,STR-LN-100868,TKN-SHA256-2CAEFAA7,Gladys Bett,ID-HASH-CD4E45D2F3,BOSA-NRM,Development Loan Normal,2205000.00,1526000.00,77000.00,0,STAGE_1_PERFORMING,0.74%,3.6x,UPPER_HILL
2025-10-31,STR-LN-100869,TKN-SHA256-329E9917,John Chebet,ID-HASH-0D166CED67,ASSET-FIN,Vehicle & Asset Finance,3825000.00,1518000.00,134000.00,0,STAGE_1_PERFORMING,0.59%,1.2x,HQ_NAIROBI
2025-10-31,STR-LN-100870,TKN-SHA256-F5CBAD55,Mary Achieng,ID-HASH-09C8CF1311,BOSA-SCH,School Fees Advance,240000.00,61000.00,8500.00,0,STAGE_1_PERFORMING,0.91%,3.7x,KISUMU_BR
2025-10-31,STR-LN-100871,TKN-SHA256-95255613,Beatrice Cheruiyot,ID-HASH-0CC3AC0D93,FOSA-ADV,Salary Advance 30D,120000.00,75000.00,4000.00,0,STAGE_1_PERFORMING,0.39%,1.5x,HQ_NAIROBI
2025-10-31,STR-LN-100872,TKN-SHA256-2F4CF153,Grace Omondi,ID-HASH-64E939FF32,BOSA-SCH,School Fees Advance,190000.00,100000.00,6500.00,0,STAGE_1_PERFORMING,0.45%,3.1x,KISUMU_BR
2025-10-31,STR-LN-100873,TKN-SHA256-024A7928,Alice Njoroge,ID-HASH-C1E102AFB7,FOSA-ADV,Salary Advance 30D,20000.00,15000.00,500.00,0,STAGE_1_PERFORMING,0.56%,1.4x,NANDI_HILLS
2025-10-31,STR-LN-100874,TKN-SHA256-D693F0E5,Hassan Mutua,ID-HASH-1BAE985E26,ASSET-FIN,Vehicle & Asset Finance,1325000.00,278000.00,46500.00,0,STAGE_1_PERFORMING,0.44%,1.4x,KERICHO_CENTRAL
2025-10-31,STR-LN-100875,TKN-SHA256-7823462E,Emmanuel Kimani,ID-HASH-AD67680BC4,BOSA-NRM,Development Loan Normal,860000.00,797000.00,30000.00,0,STAGE_1_PERFORMING,0.50%,3.6x,WESTLANDS
2025-10-31,STR-LN-100876,TKN-SHA256-3D394A45,John Sang,ID-HASH-FE7FCCEE5E,BOSA-SCH,School Fees Advance,45000.00,33000.00,1500.00,0,STAGE_1_PERFORMING,0.87%,3.1x,WESTLANDS
2025-10-31,STR-LN-100877,TKN-SHA256-F6B943D4,Lucy Rono,ID-HASH-94759ABCB1,AGRI-TEA,Tea & Coffee Farm Development,255000.00,89000.00,9000.00,0,STAGE_1_PERFORMING,0.76%,3.7x,ELDORET_BR
2025-10-31,STR-LN-100878,TKN-SHA256-5E06AA0F,Geoffrey Ruto,ID-HASH-431AE1DF5A,BOSA-NRM,Development Loan Normal,590000.00,176000.00,20500.00,0,STAGE_1_PERFORMING,0.92%,3.1x,ELDORET_BR
2025-10-31,STR-LN-100879,TKN-SHA256-21DE73B2,Geoffrey Korir,ID-HASH-72003DCADC,FOSA-ADV,Salary Advance 30D,75000.00,40000.00,2500.00,0,STAGE_1_PERFORMING,0.16%,1.5x,MOMBASA_BR
2025-10-31,STR-LN-100880,TKN-SHA256-C59A62B2,Peter Wambui,ID-HASH-A64CD4A73F,AGRI-TEA,Tea & Coffee Farm Development,1095000.00,1037000.00,38500.00,0,STAGE_1_PERFORMING,0.40%,2.3x,ELDORET_BR
2025-10-31,STR-LN-100881,TKN-SHA256-C07D1CE0,Alice Kiptoo,ID-HASH-174CD2DAE9,ASSET-FIN,Vehicle & Asset Finance,1975000.00,1871000.00,69000.00,0,STAGE_1_PERFORMING,0.35%,1.4x,MOMBASA_BR
2025-10-31,STR-LN-100882,TKN-SHA256-BE44ABC8,Dennis Mwangi,ID-HASH-0EC07176EF,BOSA-SCH,School Fees Advance,90000.00,62000.00,3000.00,0,STAGE_1_PERFORMING,0.82%,5.1x,MOMBASA_BR
2025-10-31,STR-LN-100883,TKN-SHA256-5921A6F2,Lucy Wambui,ID-HASH-84CAC33E72,BOSA-SCH,School Fees Advance,65000.00,42000.00,2500.00,0,STAGE_1_PERFORMING,0.24%,3.6x,NANDI_HILLS
2025-10-31,STR-LN-100884,TKN-SHA256-8F643CA3,Catherine Koech,ID-HASH-D02FE6C05A,MSME-WCP,Business Working Capital,1010000.00,484000.00,35500.00,0,STAGE_1_PERFORMING,0.82%,2.2x,NANDI_HILLS
2025-10-31,STR-LN-100885,TKN-SHA256-773045A7,Grace Kimani,ID-HASH-EBFCF422FA,BOSA-SCH,School Fees Advance,190000.00,178000.00,6500.00,0,STAGE_1_PERFORMING,0.89%,4.2x,WESTLANDS
2025-10-31,STR-LN-100886,TKN-SHA256-3EE61D2F,Mary Kariuki,ID-HASH-BF7994AEED,MSME-WCP,Business Working Capital,1035000.00,646000.00,36000.00,0,STAGE_1_PERFORMING,0.45%,2.5x,BOMET_BRANCH
2025-10-31,STR-LN-100887,TKN-SHA256-A65C4ED0,Emmanuel Langat,ID-HASH-8938FA39FD,BOSA-NRM,Development Loan Normal,2275000.00,1017000.00,79500.00,0,STAGE_1_PERFORMING,0.21%,3.2x,ELDORET_BR
2025-10-31,STR-LN-100888,TKN-SHA256-8E2FEFEC,Geoffrey Koech,ID-HASH-19B090838E,BOSA-EMG,Emergency Medical Facility,205000.00,65000.00,7000.00,0,STAGE_1_PERFORMING,0.86%,3.3x,KISUMU_BR
2025-10-31,STR-LN-100889,TKN-SHA256-E97829DE,Fatuma Sang,ID-HASH-82180EE218,AGRI-TEA,Tea & Coffee Farm Development,865000.00,807000.00,30500.00,0,STAGE_1_PERFORMING,0.66%,3.6x,NAKURU_BR
2025-10-31,STR-LN-100890,TKN-SHA256-A5949BD4,Gladys Siele,ID-HASH-FD3FD6DEAF,MSME-WCP,Business Working Capital,715000.00,324000.00,25000.00,0,STAGE_1_PERFORMING,0.40%,1.5x,NANDI_HILLS
2025-10-31,STR-LN-100891,TKN-SHA256-58F10BD3,David Korir,ID-HASH-DCC9BA436D,BOSA-NRM,Development Loan Normal,1055000.00,813000.00,37000.00,36,STAGE_2_UNDERPERFORMING,6.34%,3.4x,BOMET_BRANCH
2025-10-31,STR-LN-100892,TKN-SHA256-2B240CD1,John Mutua,ID-HASH-6132E7DC33,BOSA-NRM,Development Loan Normal,1220000.00,455000.00,42500.00,0,STAGE_1_PERFORMING,0.77%,3.8x,WESTLANDS
2025-10-31,STR-LN-100893,TKN-SHA256-190295F9,Cosmas Otieno,ID-HASH-17A7826F50,ASSET-FIN,Vehicle & Asset Finance,3185000.00,931000.00,111500.00,0,STAGE_1_PERFORMING,0.52%,1.2x,UPPER_HILL
2025-10-31,STR-LN-100894,TKN-SHA256-D6F878DD,Stephen Hassan,ID-HASH-3B37F08990,AGRI-TEA,Tea & Coffee Farm Development,1080000.00,349000.00,38000.00,0,STAGE_1_PERFORMING,0.34%,2.1x,NAKURU_BR
2025-10-31,STR-LN-100895,TKN-SHA256-7E7573AD,Jane Chebet,ID-HASH-A2ECC8647E,BOSA-EMG,Emergency Medical Facility,215000.00,101000.00,7500.00,0,STAGE_1_PERFORMING,0.29%,2.8x,MOMBASA_BR
2025-10-31,STR-LN-100896,TKN-SHA256-F5A1940E,Peter Ali,ID-HASH-531E4864F6,BOSA-SCH,School Fees Advance,40000.00,25000.00,1500.00,0,STAGE_1_PERFORMING,0.62%,2.9x,BOMET_BRANCH
2025-10-31,STR-LN-100897,TKN-SHA256-89727950,Dennis Kariuki,ID-HASH-2A57E38AE0,BOSA-EMG,Emergency Medical Facility,125000.00,66000.00,4500.00,59,STAGE_2_UNDERPERFORMING,7.74%,2.9x,KISUMU_BR
2025-10-31,STR-LN-100898,TKN-SHA256-15432837,Peter Hassan,ID-HASH-2B699F3B21,AGRI-TEA,Tea & Coffee Farm Development,655000.00,193000.00,23000.00,0,STAGE_1_PERFORMING,0.27%,3.3x,HQ_NAIROBI
2025-10-31,STR-LN-100899,TKN-SHA256-62A09A61,Grace Sang,ID-HASH-5B696AE12F,FOSA-ADV,Salary Advance 30D,55000.00,35000.00,2000.00,0,STAGE_1_PERFORMING,0.66%,1.2x,KERICHO_CENTRAL
2025-10-31,STR-LN-100900,TKN-SHA256-84910D01,Peter Korir,ID-HASH-F2DA1B5EF1,BOSA-NRM,Development Loan Normal,980000.00,185000.00,34500.00,0,STAGE_1_PERFORMING,0.27%,2.9x,ELDORET_BR
2025-10-31,STR-LN-100901,TKN-SHA256-93456B03,Bernard Langat,ID-HASH-87F53ED30C,FOSA-ADV,Salary Advance 30D,70000.00,64000.00,2500.00,0,STAGE_1_PERFORMING,0.82%,1.1x,ELDORET_BR
2025-10-31,STR-LN-100902,TKN-SHA256-62F79BA0,Samuel Cheruiyot,ID-HASH-049AADD0B3,ASSET-FIN,Vehicle & Asset Finance,2175000.00,1185000.00,76000.00,0,STAGE_1_PERFORMING,0.81%,1.2x,KERICHO_CENTRAL
2025-10-31,STR-LN-100903,TKN-SHA256-8E273F3C,David Gitonga,ID-HASH-2F2DC49881,BOSA-EMG,Emergency Medical Facility,105000.00,99000.00,3500.00,61,STAGE_2_UNDERPERFORMING,6.23%,2.5x,HQ_NAIROBI
2025-10-31,STR-LN-100904,TKN-SHA256-B3893100,Beatrice Njoroge,ID-HASH-38E0D20FF2,BOSA-SCH,School Fees Advance,205000.00,48000.00,7000.00,0,STAGE_1_PERFORMING,0.82%,3.9x,HQ_NAIROBI
2025-10-31,STR-LN-100905,TKN-SHA256-453936FD,Hassan Otieno,ID-HASH-833842B697,ASSET-FIN,Vehicle & Asset Finance,3885000.00,1866000.00,136000.00,0,STAGE_1_PERFORMING,0.49%,1.5x,KERICHO_CENTRAL
2025-10-31,STR-LN-100906,TKN-SHA256-CBEF19C8,Hassan Koech,ID-HASH-FCE62707CF,BOSA-SCH,School Fees Advance,235000.00,112000.00,8000.00,0,STAGE_1_PERFORMING,0.65%,4.9x,BOMET_BRANCH
2025-10-31,STR-LN-100907,TKN-SHA256-6CC75991,Bernard Siele,ID-HASH-CA00BBB87B,BOSA-SCH,School Fees Advance,60000.00,14000.00,2000.00,0,STAGE_1_PERFORMING,0.70%,4.2x,MOMBASA_BR
2025-10-31,STR-LN-100908,TKN-SHA256-83C739F9,Emmanuel Njoroge,ID-HASH-C99BFCD5A7,AGRI-TEA,Tea & Coffee Farm Development,360000.00,314000.00,12500.00,0,STAGE_1_PERFORMING,0.22%,3.3x,WESTLANDS
2025-10-31,STR-LN-100909,TKN-SHA256-86392DDC,Philemon Ali,ID-HASH-3D0AAC7ADD,FOSA-ADV,Salary Advance 30D,110000.00,56000.00,4000.00,0,STAGE_1_PERFORMING,0.21%,1.4x,HQ_NAIROBI
2025-10-31,STR-LN-100910,TKN-SHA256-20F72303,Cosmas Hassan,ID-HASH-D800641F8D,BOSA-NRM,Development Loan Normal,935000.00,300000.00,32500.00,18,STAGE_1_EARLY_WATCH,2.93%,3.4x,NAKURU_BR
2025-10-31,STR-LN-100911,TKN-SHA256-D63BB21F,James Wanjiku,ID-HASH-524B9A0A4A,ASSET-FIN,Vehicle & Asset Finance,1740000.00,1500000.00,61000.00,0,STAGE_1_PERFORMING,0.16%,1.2x,NANDI_HILLS
2025-10-31,STR-LN-100912,TKN-SHA256-842D0E35,Beatrice Sang,ID-HASH-8F3B66CEC8,BOSA-EMG,Emergency Medical Facility,140000.00,61000.00,5000.00,0,STAGE_1_PERFORMING,0.33%,2.6x,NAKURU_BR
2025-10-31,STR-LN-100913,TKN-SHA256-82137B3A,Mercy Otieno,ID-HASH-DC9AFD4C40,ASSET-FIN,Vehicle & Asset Finance,1345000.00,900000.00,47000.00,0,STAGE_1_PERFORMING,0.26%,1.5x,WESTLANDS
2025-10-31,STR-LN-100914,TKN-SHA256-8CFECC1A,Peter Siele,ID-HASH-E6E7020B35,FOSA-ADV,Salary Advance 30D,75000.00,57000.00,2500.00,0,STAGE_1_PERFORMING,0.57%,1.4x,ELDORET_BR
2025-10-31,STR-LN-100915,TKN-SHA256-6DE153E1,Mary Mutua,ID-HASH-D7845D6FD5,AGRI-TEA,Tea & Coffee Farm Development,495000.00,80000.00,17500.00,0,STAGE_1_PERFORMING,0.30%,2.3x,ELDORET_BR
2025-10-31,STR-LN-100916,TKN-SHA256-525E8FB3,Samuel Kamau,ID-HASH-AB232754D5,BOSA-SCH,School Fees Advance,235000.00,130000.00,8000.00,39,STAGE_2_UNDERPERFORMING,10.63%,4.5x,KERICHO_CENTRAL
2025-10-31,STR-LN-100917,TKN-SHA256-ED89D881,Fatuma Otieno,ID-HASH-68A151F3A8,BOSA-SCH,School Fees Advance,130000.00,76000.00,4500.00,0,STAGE_1_PERFORMING,0.41%,4.9x,UPPER_HILL
2025-10-31,STR-LN-100918,TKN-SHA256-6BF1FC68,John Siele,ID-HASH-6DCC20C6D5,BOSA-EMG,Emergency Medical Facility,65000.00,44000.00,2500.00,0,STAGE_1_PERFORMING,0.28%,3.1x,KISUMU_BR
2025-10-31,STR-LN-100919,TKN-SHA256-5EF85859,Mary Chebet,ID-HASH-2F35AC60F9,BOSA-NRM,Development Loan Normal,2890000.00,1948000.00,101000.00,0,STAGE_1_PERFORMING,0.35%,3.5x,WESTLANDS
2025-10-31,STR-LN-100920,TKN-SHA256-298A0F68,Geoffrey Wambui,ID-HASH-1BA265A203,BOSA-EMG,Emergency Medical Facility,190000.00,53000.00,6500.00,0,STAGE_1_PERFORMING,0.82%,3.3x,MOMBASA_BR
2025-10-31,STR-LN-100921,TKN-SHA256-6F4C6887,Samuel Ruto,ID-HASH-57E0F576D8,BOSA-EMG,Emergency Medical Facility,85000.00,16000.00,3000.00,0,STAGE_1_PERFORMING,0.42%,2.7x,WESTLANDS
2025-10-31,STR-LN-100922,TKN-SHA256-4CB3362C,Dennis Kamau,ID-HASH-46944677CA,BOSA-SCH,School Fees Advance,55000.00,15000.00,2000.00,0,STAGE_1_PERFORMING,0.49%,5.1x,ELDORET_BR
2025-10-31,STR-LN-100923,TKN-SHA256-3BA5AA65,Lucy Sang,ID-HASH-543D5E2D1E,BOSA-EMG,Emergency Medical Facility,220000.00,139000.00,7500.00,6,STAGE_1_EARLY_WATCH,3.73%,3.1x,WESTLANDS
2025-10-31,STR-LN-100924,TKN-SHA256-40901907,Geoffrey Sang,ID-HASH-5AE94CB756,BOSA-EMG,Emergency Medical Facility,205000.00,44000.00,7000.00,0,STAGE_1_PERFORMING,0.85%,3.0x,MOMBASA_BR
2025-10-31,STR-LN-100925,TKN-SHA256-AA81B9D4,Mercy Kiptoo,ID-HASH-27FB4038E5,FOSA-ADV,Salary Advance 30D,55000.00,35000.00,2000.00,0,STAGE_1_PERFORMING,0.42%,1.4x,NAKURU_BR
2025-10-31,STR-LN-100926,TKN-SHA256-A4F6AF0D,Wesley Gitonga,ID-HASH-AD658C23DE,AGRI-TEA,Tea & Coffee Farm Development,890000.00,582000.00,31000.00,72,STAGE_2_UNDERPERFORMING,7.47%,2.9x,KERICHO_CENTRAL
2025-10-31,STR-LN-100927,TKN-SHA256-3D5B3E3D,Dennis Ochieng,ID-HASH-EBEE5DF4EE,ASSET-FIN,Vehicle & Asset Finance,2910000.00,2074000.00,102000.00,0,STAGE_1_PERFORMING,0.51%,1.5x,WESTLANDS
2025-10-31,STR-LN-100928,TKN-SHA256-FAFC767D,Emmanuel Otieno,ID-HASH-0F810112C9,AGRI-TEA,Tea & Coffee Farm Development,1020000.00,321000.00,35500.00,0,STAGE_1_PERFORMING,0.59%,3.6x,MOMBASA_BR
2025-10-31,STR-LN-100929,TKN-SHA256-52305DF8,Geoffrey Wambui,ID-HASH-CCBC0D3557,BOSA-SCH,School Fees Advance,60000.00,53000.00,2000.00,0,STAGE_1_PERFORMING,0.25%,4.1x,UPPER_HILL
2025-10-31,STR-LN-100930,TKN-SHA256-353D2758,Samuel Langat,ID-HASH-7E06398DF8,BOSA-EMG,Emergency Medical Facility,70000.00,65000.00,2500.00,0,STAGE_1_PERFORMING,0.90%,2.7x,KISUMU_BR
2025-10-31,STR-LN-100931,TKN-SHA256-9CEAFBAE,Beatrice Mwangi,ID-HASH-F47E889A0F,BOSA-EMG,Emergency Medical Facility,265000.00,154000.00,9500.00,0,STAGE_1_PERFORMING,0.28%,3.3x,KERICHO_CENTRAL
2025-10-31,STR-LN-100932,TKN-SHA256-F85CE6D9,John Omondi,ID-HASH-90482A71AA,MSME-WCP,Business Working Capital,520000.00,266000.00,18000.00,0,STAGE_1_PERFORMING,0.81%,2.5x,HQ_NAIROBI
2025-10-31,STR-LN-100933,TKN-SHA256-DBE0A584,David Rono,ID-HASH-6DF3ABEF69,MSME-WCP,Business Working Capital,995000.00,681000.00,35000.00,0,STAGE_1_PERFORMING,0.67%,2.1x,MOMBASA_BR
2025-10-31,STR-LN-100934,TKN-SHA256-3072B89C,Peter Ruto,ID-HASH-8D9626B4BD,AGRI-TEA,Tea & Coffee Farm Development,430000.00,123000.00,15000.00,117,STAGE_3_NON_PERFORMING,40.82%,3.2x,HQ_NAIROBI
2025-10-31,STR-LN-100935,TKN-SHA256-1B35CAF2,Mercy Hassan,ID-HASH-4EA3F2B627,MSME-WCP,Business Working Capital,770000.00,215000.00,27000.00,0,STAGE_1_PERFORMING,0.53%,2.4x,NAKURU_BR
2025-10-31,STR-LN-100936,TKN-SHA256-B384C453,Mary Ali,ID-HASH-7D1EF23B36,FOSA-ADV,Salary Advance 30D,145000.00,114000.00,5000.00,0,STAGE_1_PERFORMING,0.56%,1.6x,KISUMU_BR
2025-10-31,STR-LN-100937,TKN-SHA256-3F4EB0B9,Geoffrey Gitonga,ID-HASH-7D12C5AD66,FOSA-ADV,Salary Advance 30D,55000.00,10000.00,2000.00,0,STAGE_1_PERFORMING,0.45%,1.0x,WESTLANDS
2025-10-31,STR-LN-100938,TKN-SHA256-80A36787,John Chebet,ID-HASH-28314F07C3,AGRI-TEA,Tea & Coffee Farm Development,590000.00,167000.00,20500.00,135,STAGE_3_NON_PERFORMING,42.86%,2.1x,MOMBASA_BR
2025-10-31,STR-LN-100939,TKN-SHA256-2188E7A9,Stephen Bett,ID-HASH-9111192F0E,ASSET-FIN,Vehicle & Asset Finance,1575000.00,1152000.00,55000.00,0,STAGE_1_PERFORMING,0.37%,1.7x,NAKURU_BR
2025-10-31,STR-LN-100940,TKN-SHA256-0B485994,Beatrice Langat,ID-HASH-98B42026E9,BOSA-EMG,Emergency Medical Facility,250000.00,138000.00,9000.00,0,STAGE_1_PERFORMING,0.33%,2.1x,NAKURU_BR
2025-10-31,STR-LN-100941,TKN-SHA256-40CA6B93,John Omondi,ID-HASH-34129F5E0B,ASSET-FIN,Vehicle & Asset Finance,2350000.00,1531000.00,82500.00,28,STAGE_1_EARLY_WATCH,3.18%,1.3x,NANDI_HILLS
2025-10-31,STR-LN-100942,TKN-SHA256-8D8A39DB,Geoffrey Hassan,ID-HASH-E55F994BE6,BOSA-NRM,Development Loan Normal,2675000.00,1894000.00,93500.00,0,STAGE_1_PERFORMING,0.31%,2.6x,KISUMU_BR
2025-10-31,STR-LN-100943,TKN-SHA256-01BF86E7,Mary Ochieng,ID-HASH-B9D04019ED,BOSA-SCH,School Fees Advance,130000.00,98000.00,4500.00,57,STAGE_2_UNDERPERFORMING,11.30%,2.9x,UPPER_HILL
2025-10-31,STR-LN-100944,TKN-SHA256-D9414019,Gladys Mutua,ID-HASH-EF6D4F578D,BOSA-SCH,School Fees Advance,240000.00,216000.00,8500.00,0,STAGE_1_PERFORMING,0.32%,2.9x,UPPER_HILL
2025-10-31,STR-LN-100945,TKN-SHA256-E9213139,Gladys Mwangi,ID-HASH-5F33B52277,ASSET-FIN,Vehicle & Asset Finance,2560000.00,2151000.00,89500.00,0,STAGE_1_PERFORMING,0.60%,1.2x,NAKURU_BR
2025-10-31,STR-LN-100946,TKN-SHA256-5C1F2109,Gladys Wanjiku,ID-HASH-24EA371FCA,MSME-WCP,Business Working Capital,610000.00,417000.00,21500.00,8,STAGE_1_EARLY_WATCH,2.00%,2.1x,MOMBASA_BR
2025-10-31,STR-LN-100947,TKN-SHA256-684C543B,Emmanuel Omondi,ID-HASH-2AC3CCB963,BOSA-NRM,Development Loan Normal,1365000.00,450000.00,48000.00,0,STAGE_1_PERFORMING,0.90%,4.2x,HQ_NAIROBI
2025-10-31,STR-LN-100948,TKN-SHA256-A75BAC5E,Alice Cheruiyot,ID-HASH-310311D438,BOSA-SCH,School Fees Advance,115000.00,109000.00,4000.00,0,STAGE_1_PERFORMING,0.68%,3.4x,MOMBASA_BR
2025-10-31,STR-LN-100949,TKN-SHA256-479820E2,John Njoroge,ID-HASH-4B78B38F2C,BOSA-EMG,Emergency Medical Facility,300000.00,179000.00,10500.00,0,STAGE_1_PERFORMING,0.76%,2.2x,BOMET_BRANCH
2025-10-31,STR-LN-100950,TKN-SHA256-F3D27D45,Kiprono Langat,ID-HASH-8B3D862936,FOSA-ADV,Salary Advance 30D,115000.00,105000.00,4000.00,0,STAGE_1_PERFORMING,0.45%,1.6x,MOMBASA_BR
2025-10-31,STR-LN-100951,TKN-SHA256-4A292EF4,David Kimani,ID-HASH-6A39040E69,BOSA-EMG,Emergency Medical Facility,250000.00,175000.00,9000.00,0,STAGE_1_PERFORMING,0.72%,3.3x,ELDORET_BR
2025-10-31,STR-LN-100952,TKN-SHA256-DC73E164,Grace Kariuki,ID-HASH-AD0AAC9090,ASSET-FIN,Vehicle & Asset Finance,2315000.00,1271000.00,81000.00,0,STAGE_1_PERFORMING,0.95%,1.7x,UPPER_HILL
2025-10-31,STR-LN-100953,TKN-SHA256-88469FBF,Catherine Kamau,ID-HASH-59F0EE5943,BOSA-SCH,School Fees Advance,215000.00,152000.00,7500.00,108,STAGE_3_NON_PERFORMING,25.79%,4.4x,BOMET_BRANCH
2025-10-31,STR-LN-100954,TKN-SHA256-8C7658F7,Geoffrey Kiptoo,ID-HASH-E9FCDB9F81,BOSA-SCH,School Fees Advance,165000.00,104000.00,6000.00,0,STAGE_1_PERFORMING,0.23%,4.9x,HQ_NAIROBI
2025-10-31,STR-LN-100955,TKN-SHA256-61BDA0FA,Samuel Hassan,ID-HASH-5310536516,BOSA-NRM,Development Loan Normal,3105000.00,1669000.00,108500.00,0,STAGE_1_PERFORMING,0.82%,2.8x,KERICHO_CENTRAL
2025-10-31,STR-LN-100956,TKN-SHA256-B3CD401F,Cosmas Wanjiku,ID-HASH-DAD041AEFC,AGRI-TEA,Tea & Coffee Farm Development,1020000.00,192000.00,35500.00,16,STAGE_1_EARLY_WATCH,2.57%,3.2x,NAKURU_BR
2025-10-31,STR-LN-100957,TKN-SHA256-86A101D1,Samuel Bett,ID-HASH-DA12DCED18,MSME-WCP,Business Working Capital,1480000.00,855000.00,52000.00,21,STAGE_1_EARLY_WATCH,3.35%,1.6x,BOMET_BRANCH
2025-10-31,STR-LN-100958,TKN-SHA256-ED7995F8,Dennis Cheruiyot,ID-HASH-9CEEBA052E,BOSA-NRM,Development Loan Normal,2520000.00,631000.00,88000.00,0,STAGE_1_PERFORMING,0.59%,3.4x,UPPER_HILL
2025-10-31,STR-LN-100959,TKN-SHA256-A6A5F89F,Catherine Chebet,ID-HASH-AD92E78014,BOSA-SCH,School Fees Advance,205000.00,141000.00,7000.00,0,STAGE_1_PERFORMING,0.90%,4.4x,ELDORET_BR
2025-10-31,STR-LN-100960,TKN-SHA256-A7A5D27C,Alice Ruto,ID-HASH-86DDBF5BA7,MSME-WCP,Business Working Capital,1220000.00,1004000.00,42500.00,0,STAGE_1_PERFORMING,0.57%,2.6x,ELDORET_BR
2025-10-31,STR-LN-100961,TKN-SHA256-CBC61DF6,Tabitha Njoroge,ID-HASH-A46962691E,FOSA-ADV,Salary Advance 30D,20000.00,19000.00,500.00,0,STAGE_1_PERFORMING,0.58%,1.1x,UPPER_HILL
2025-10-31,STR-LN-100962,TKN-SHA256-8AC8C735,Gladys Kariuki,ID-HASH-1613AA702F,AGRI-TEA,Tea & Coffee Farm Development,965000.00,418000.00,34000.00,0,STAGE_1_PERFORMING,0.25%,2.2x,ELDORET_BR
2025-10-31,STR-LN-100963,TKN-SHA256-83837B25,Geoffrey Wanjiku,ID-HASH-F841AD1875,ASSET-FIN,Vehicle & Asset Finance,2925000.00,2213000.00,102500.00,34,STAGE_2_UNDERPERFORMING,13.00%,1.2x,NAKURU_BR
2025-10-31,STR-LN-100964,TKN-SHA256-5F223FDC,David Kamau,ID-HASH-0B6482A019,MSME-WCP,Business Working Capital,1000000.00,470000.00,35000.00,0,STAGE_1_PERFORMING,0.21%,2.1x,UPPER_HILL
2025-10-31,STR-LN-100965,TKN-SHA256-E458BA33,Tabitha Koech,ID-HASH-B43B0D3EE2,BOSA-SCH,School Fees Advance,200000.00,110000.00,7000.00,0,STAGE_1_PERFORMING,0.75%,5.1x,KISUMU_BR
2025-10-31,STR-LN-100966,TKN-SHA256-8B6A7FC3,Jane Achieng,ID-HASH-FE26839823,MSME-WCP,Business Working Capital,830000.00,761000.00,29000.00,92,STAGE_3_NON_PERFORMING,24.79%,1.6x,HQ_NAIROBI
2025-10-31,STR-LN-100967,TKN-SHA256-CEB83A05,Philemon Cheruiyot,ID-HASH-B9A1A1F46C,AGRI-TEA,Tea & Coffee Farm Development,190000.00,91000.00,6500.00,0,STAGE_1_PERFORMING,0.45%,3.5x,NANDI_HILLS
2025-10-31,STR-LN-100968,TKN-SHA256-6EFAD23F,Samuel Bett,ID-HASH-8F66667172,BOSA-EMG,Emergency Medical Facility,270000.00,122000.00,9500.00,0,STAGE_1_PERFORMING,0.31%,3.2x,NANDI_HILLS
2025-10-31,STR-LN-100969,TKN-SHA256-9B322C67,Alice Mutua,ID-HASH-46734EDA5C,ASSET-FIN,Vehicle & Asset Finance,2890000.00,675000.00,101000.00,0,STAGE_1_PERFORMING,0.79%,1.9x,MOMBASA_BR
2025-10-31,STR-LN-100970,TKN-SHA256-2934A1EE,Emmanuel Mutua,ID-HASH-8B4356CB4A,BOSA-EMG,Emergency Medical Facility,200000.00,157000.00,7000.00,0,STAGE_1_PERFORMING,0.33%,2.4x,NAKURU_BR
2025-10-31,STR-LN-100971,TKN-SHA256-E7ECEC5C,James Njoroge,ID-HASH-A8393AC402,ASSET-FIN,Vehicle & Asset Finance,2965000.00,1685000.00,104000.00,0,STAGE_1_PERFORMING,0.82%,2.0x,UPPER_HILL
2025-10-31,STR-LN-100972,TKN-SHA256-90E7FF37,Grace Langat,ID-HASH-726354EC3E,AGRI-TEA,Tea & Coffee Farm Development,675000.00,329000.00,23500.00,0,STAGE_1_PERFORMING,0.50%,2.3x,KERICHO_CENTRAL
2025-10-31,STR-LN-100973,TKN-SHA256-33C5C43E,Samuel Kamau,ID-HASH-8608E99406,BOSA-SCH,School Fees Advance,165000.00,140000.00,6000.00,0,STAGE_1_PERFORMING,0.72%,4.6x,UPPER_HILL
2025-10-31,STR-LN-100974,TKN-SHA256-39184F25,Dennis Omondi,ID-HASH-742D3387A8,MSME-WCP,Business Working Capital,820000.00,229000.00,28500.00,0,STAGE_1_PERFORMING,0.24%,1.8x,KERICHO_CENTRAL
2025-10-31,STR-LN-100975,TKN-SHA256-8F2B83E5,Mercy Ali,ID-HASH-8F65C77AF4,AGRI-TEA,Tea & Coffee Farm Development,210000.00,109000.00,7500.00,0,STAGE_1_PERFORMING,0.18%,2.6x,WESTLANDS
2025-10-31,STR-LN-100976,TKN-SHA256-8F560E0F,Dennis Achieng,ID-HASH-251F8D80D0,ASSET-FIN,Vehicle & Asset Finance,2790000.00,1689000.00,97500.00,0,STAGE_1_PERFORMING,0.29%,1.7x,UPPER_HILL
2025-10-31,STR-LN-100977,TKN-SHA256-06170361,Dennis Cheruiyot,ID-HASH-B43599C432,BOSA-EMG,Emergency Medical Facility,205000.00,183000.00,7000.00,0,STAGE_1_PERFORMING,0.17%,2.1x,MOMBASA_BR
2025-10-31,STR-LN-100978,TKN-SHA256-90093A5C,Hassan Langat,ID-HASH-C6CEBF3229,MSME-WCP,Business Working Capital,555000.00,226000.00,19500.00,0,STAGE_1_PERFORMING,0.24%,2.7x,UPPER_HILL
2025-10-31,STR-LN-100979,TKN-SHA256-C34F9477,Beatrice Omondi,ID-HASH-03C7BD55BD,BOSA-NRM,Development Loan Normal,3340000.00,1339000.00,117000.00,0,STAGE_1_PERFORMING,0.70%,4.1x,MOMBASA_BR
2025-10-31,STR-LN-100980,TKN-SHA256-0B8B6AD3,Cosmas Kiptoo,ID-HASH-C9F8A4F935,ASSET-FIN,Vehicle & Asset Finance,3700000.00,1659000.00,129500.00,0,STAGE_1_PERFORMING,0.46%,1.6x,UPPER_HILL
2025-10-31,STR-LN-100981,TKN-SHA256-90717A78,Emmanuel Ruto,ID-HASH-1801A46349,AGRI-TEA,Tea & Coffee Farm Development,900000.00,181000.00,31500.00,0,STAGE_1_PERFORMING,0.61%,3.7x,KISUMU_BR
2025-10-31,STR-LN-100982,TKN-SHA256-205120E7,Alice Cheruiyot,ID-HASH-B71760B60D,AGRI-TEA,Tea & Coffee Farm Development,985000.00,890000.00,34500.00,0,STAGE_1_PERFORMING,0.95%,3.4x,KERICHO_CENTRAL
2025-10-31,STR-LN-100983,TKN-SHA256-F0C07AB3,Alice Mutua,ID-HASH-EB8F1C0BC9,BOSA-EMG,Emergency Medical Facility,155000.00,62000.00,5500.00,15,STAGE_1_EARLY_WATCH,2.65%,3.0x,UPPER_HILL
2025-10-31,STR-LN-100984,TKN-SHA256-E85588E0,Grace Ali,ID-HASH-0400F53121,ASSET-FIN,Vehicle & Asset Finance,3250000.00,2793000.00,114000.00,0,STAGE_1_PERFORMING,0.90%,1.2x,UPPER_HILL
2025-10-31,STR-LN-100985,TKN-SHA256-3ECBB1C9,Hassan Kimani,ID-HASH-63B62E66C1,FOSA-ADV,Salary Advance 30D,25000.00,11000.00,1000.00,0,STAGE_1_PERFORMING,0.78%,1.0x,WESTLANDS
2025-10-31,STR-LN-100986,TKN-SHA256-D02791E9,Geoffrey Mutua,ID-HASH-4AD721E3E8,AGRI-TEA,Tea & Coffee Farm Development,1065000.00,923000.00,37500.00,27,STAGE_1_EARLY_WATCH,3.15%,2.8x,HQ_NAIROBI
2025-10-31,STR-LN-100987,TKN-SHA256-B1B9FBA1,Emmanuel Chebet,ID-HASH-269A6B18CA,BOSA-SCH,School Fees Advance,115000.00,65000.00,4000.00,7,STAGE_1_EARLY_WATCH,4.50%,3.8x,KERICHO_CENTRAL
2025-10-31,STR-LN-100988,TKN-SHA256-F804EEDA,Geoffrey Otieno,ID-HASH-968057FB28,ASSET-FIN,Vehicle & Asset Finance,2770000.00,618000.00,97000.00,4,STAGE_1_EARLY_WATCH,2.93%,1.8x,BOMET_BRANCH
2025-10-31,STR-LN-100989,TKN-SHA256-37D01D34,Beatrice Kimani,ID-HASH-27C02E7E37,BOSA-NRM,Development Loan Normal,2440000.00,393000.00,85500.00,0,STAGE_1_PERFORMING,0.29%,3.8x,ELDORET_BR
2025-10-31,STR-LN-100990,TKN-SHA256-5666F101,Philemon Kiptoo,ID-HASH-76FDE6C8FD,AGRI-TEA,Tea & Coffee Farm Development,540000.00,170000.00,19000.00,0,STAGE_1_PERFORMING,0.16%,3.1x,NAKURU_BR
2025-10-31,STR-LN-100991,TKN-SHA256-7792626A,Bernard Siele,ID-HASH-8AD332086D,FOSA-ADV,Salary Advance 30D,120000.00,66000.00,4000.00,0,STAGE_1_PERFORMING,0.81%,1.4x,WESTLANDS
2025-10-31,STR-LN-100992,TKN-SHA256-919A7983,Lucy Ali,ID-HASH-B1A996504C,BOSA-NRM,Development Loan Normal,3000000.00,962000.00,105000.00,0,STAGE_1_PERFORMING,0.46%,3.0x,ELDORET_BR
2025-10-31,STR-LN-100993,TKN-SHA256-4B126673,John Korir,ID-HASH-C8529347A0,BOSA-NRM,Development Loan Normal,1435000.00,1312000.00,50000.00,0,STAGE_1_PERFORMING,0.88%,3.4x,NANDI_HILLS
2025-10-31,STR-LN-100994,TKN-SHA256-D559A5A5,Lucy Ruto,ID-HASH-874E0730C0,AGRI-TEA,Tea & Coffee Farm Development,830000.00,445000.00,29000.00,0,STAGE_1_PERFORMING,0.51%,2.6x,WESTLANDS
2025-10-31,STR-LN-100995,TKN-SHA256-E9F89D1A,Jane Sang,ID-HASH-09D1CF9DFE,BOSA-NRM,Development Loan Normal,1135000.00,408000.00,39500.00,0,STAGE_1_PERFORMING,0.16%,4.3x,HQ_NAIROBI
2025-10-31,STR-LN-100996,TKN-SHA256-FF31F34C,Stephen Kamau,ID-HASH-FBE1A9E851,BOSA-NRM,Development Loan Normal,1895000.00,1775000.00,66500.00,0,STAGE_1_PERFORMING,0.83%,4.2x,NANDI_HILLS
2025-10-31,STR-LN-100997,TKN-SHA256-2463B587,Gladys Koech,ID-HASH-BC0741E80A,AGRI-TEA,Tea & Coffee Farm Development,660000.00,419000.00,23000.00,28,STAGE_1_EARLY_WATCH,1.98%,2.3x,NANDI_HILLS
2025-10-31,STR-LN-100998,TKN-SHA256-8A6D6ED9,Mary Korir,ID-HASH-BF1AF3F6B0,BOSA-NRM,Development Loan Normal,1510000.00,499000.00,53000.00,0,STAGE_1_PERFORMING,0.68%,3.2x,WESTLANDS
2025-10-31,STR-LN-100999,TKN-SHA256-4645D50B,Philemon Bett,ID-HASH-58A05F39A3,BOSA-EMG,Emergency Medical Facility,130000.00,63000.00,4500.00,0,STAGE_1_PERFORMING,0.58%,2.9x,NAKURU_BR
2025-10-31,STR-LN-101000,TKN-SHA256-E7A80A97,Lucy Wambui,ID-HASH-5EED1DF69E,AGRI-TEA,Tea & Coffee Farm Development,675000.00,413000.00,23500.00,0,STAGE_1_PERFORMING,0.57%,2.4x,KISUMU_BR
2025-10-31,STR-LN-101001,TKN-SHA256-16859B76,John Wanjiku,ID-HASH-7B440635BD,BOSA-SCH,School Fees Advance,235000.00,161000.00,8000.00,0,STAGE_1_PERFORMING,0.25%,4.7x,KERICHO_CENTRAL
2025-10-31,STR-LN-101002,TKN-SHA256-F58F9FD4,Geoffrey Ochieng,ID-HASH-55114A3665,BOSA-SCH,School Fees Advance,45000.00,27000.00,1500.00,0,STAGE_1_PERFORMING,0.76%,4.4x,MOMBASA_BR
2025-10-31,STR-LN-101003,TKN-SHA256-70680FC7,Emmanuel Chebet,ID-HASH-23F8EC4CFE,AGRI-TEA,Tea & Coffee Farm Development,230000.00,206000.00,8000.00,0,STAGE_1_PERFORMING,0.87%,3.4x,BOMET_BRANCH
2025-10-31,STR-LN-101004,TKN-SHA256-F8A62BF7,Lucy Wanjiku,ID-HASH-94F8DFCA69,BOSA-SCH,School Fees Advance,235000.00,183000.00,8000.00,0,STAGE_1_PERFORMING,0.30%,4.6x,HQ_NAIROBI
2025-10-31,STR-LN-101005,TKN-SHA256-128B9BB7,Geoffrey Bett,ID-HASH-EBAA7CA508,BOSA-EMG,Emergency Medical Facility,225000.00,135000.00,8000.00,0,STAGE_1_PERFORMING,0.15%,3.1x,KISUMU_BR
2025-10-31,STR-LN-101006,TKN-SHA256-C1C1395C,Wesley Wanjiku,ID-HASH-E2593C4576,BOSA-SCH,School Fees Advance,235000.00,189000.00,8000.00,40,STAGE_2_UNDERPERFORMING,13.99%,4.1x,ELDORET_BR
2025-10-31,STR-LN-101007,TKN-SHA256-FDBDABC0,Grace Ruto,ID-HASH-2E4098C774,BOSA-SCH,School Fees Advance,225000.00,188000.00,8000.00,0,STAGE_1_PERFORMING,0.56%,4.0x,BOMET_BRANCH
2025-10-31,STR-LN-101008,TKN-SHA256-35A2FDE0,Emmanuel Korir,ID-HASH-51F8F9033A,ASSET-FIN,Vehicle & Asset Finance,3485000.00,535000.00,122000.00,17,STAGE_1_EARLY_WATCH,3.46%,1.1x,KISUMU_BR
2025-10-31,STR-LN-101009,TKN-SHA256-2A35FD4C,David Omondi,ID-HASH-DC644022EC,AGRI-TEA,Tea & Coffee Farm Development,960000.00,781000.00,33500.00,0,STAGE_1_PERFORMING,0.79%,2.2x,KERICHO_CENTRAL
2025-10-31,STR-LN-101010,TKN-SHA256-4F2DC332,Hassan Ruto,ID-HASH-47BBEA922A,MSME-WCP,Business Working Capital,1075000.00,682000.00,37500.00,0,STAGE_1_PERFORMING,0.90%,1.6x,UPPER_HILL
2025-10-31,STR-LN-101011,TKN-SHA256-F05BBCE2,Grace Bett,ID-HASH-C745BAF63D,BOSA-EMG,Emergency Medical Facility,285000.00,237000.00,10000.00,0,STAGE_1_PERFORMING,0.27%,3.2x,UPPER_HILL
2025-10-31,STR-LN-101012,TKN-SHA256-38D58E53,Mary Gitonga,ID-HASH-C97BCE14C3,FOSA-ADV,Salary Advance 30D,115000.00,31000.00,4000.00,0,STAGE_1_PERFORMING,0.44%,1.1x,UPPER_HILL
2025-10-31,STR-LN-101013,TKN-SHA256-CF981DA0,Jane Ali,ID-HASH-3083F774AC,MSME-WCP,Business Working Capital,1420000.00,986000.00,49500.00,0,STAGE_1_PERFORMING,0.51%,1.8x,KISUMU_BR
2025-10-31,STR-LN-101014,TKN-SHA256-4C04B64B,Lucy Kariuki,ID-HASH-653C7ACFDD,MSME-WCP,Business Working Capital,985000.00,458000.00,34500.00,0,STAGE_1_PERFORMING,0.31%,2.6x,NAKURU_BR
2025-10-31,STR-LN-101015,TKN-SHA256-1A40F4AE,Stephen Ochieng,ID-HASH-366B309D1C,FOSA-ADV,Salary Advance 30D,75000.00,41000.00,2500.00,0,STAGE_1_PERFORMING,0.87%,1.5x,WESTLANDS
2025-10-31,STR-LN-101016,TKN-SHA256-40F5DFCB,Kiprono Korir,ID-HASH-FB5311EA8E,AGRI-TEA,Tea & Coffee Farm Development,1055000.00,562000.00,37000.00,0,STAGE_1_PERFORMING,0.65%,3.2x,BOMET_BRANCH
2025-10-31,STR-LN-101017,TKN-SHA256-33B7638D,Gladys Ruto,ID-HASH-517C364D88,FOSA-ADV,Salary Advance 30D,65000.00,57000.00,2500.00,0,STAGE_1_PERFORMING,0.52%,1.3x,WESTLANDS
2025-10-31,STR-LN-101018,TKN-SHA256-D1187EDF,Beatrice Gitonga,ID-HASH-0BF3DAB544,BOSA-EMG,Emergency Medical Facility,100000.00,72000.00,3500.00,0,STAGE_1_PERFORMING,0.51%,2.6x,ELDORET_BR
2025-10-31,STR-LN-101019,TKN-SHA256-20A77E27,Cosmas Ruto,ID-HASH-C7EC3F1A02,ASSET-FIN,Vehicle & Asset Finance,2455000.00,2127000.00,86000.00,0,STAGE_1_PERFORMING,0.38%,1.6x,ELDORET_BR
2025-10-31,STR-LN-101020,TKN-SHA256-5DC8C609,Geoffrey Mutua,ID-HASH-4ED4566D97,BOSA-EMG,Emergency Medical Facility,100000.00,22000.00,3500.00,0,STAGE_1_PERFORMING,0.53%,3.2x,KERICHO_CENTRAL
2025-10-31,STR-LN-101021,TKN-SHA256-920B35F5,Catherine Ruto,ID-HASH-1C030E5F83,BOSA-SCH,School Fees Advance,165000.00,131000.00,6000.00,0,STAGE_1_PERFORMING,0.17%,3.6x,ELDORET_BR
2025-10-31,STR-LN-101022,TKN-SHA256-35150BE6,Lucy Sang,ID-HASH-DD895AE6AA,BOSA-EMG,Emergency Medical Facility,85000.00,33000.00,3000.00,0,STAGE_1_PERFORMING,0.15%,3.0x,MOMBASA_BR
2025-10-31,STR-LN-101023,TKN-SHA256-D988ECF2,Kiprono Rono,ID-HASH-C18548CCDC,ASSET-FIN,Vehicle & Asset Finance,4695000.00,3739000.00,164500.00,0,STAGE_1_PERFORMING,0.80%,1.3x,KERICHO_CENTRAL
2025-10-31,STR-LN-101024,TKN-SHA256-BA946912,Catherine Chebet,ID-HASH-67FCE656E3,BOSA-EMG,Emergency Medical Facility,140000.00,42000.00,5000.00,0,STAGE_1_PERFORMING,0.23%,2.6x,NANDI_HILLS
2025-10-31,STR-LN-101025,TKN-SHA256-C777CB03,Lucy Koech,ID-HASH-4E6756EC94,AGRI-TEA,Tea & Coffee Farm Development,615000.00,193000.00,21500.00,0,STAGE_1_PERFORMING,0.71%,2.5x,MOMBASA_BR
2025-10-31,STR-LN-101026,TKN-SHA256-700341AD,Stephen Langat,ID-HASH-D949AC4E5E,BOSA-SCH,School Fees Advance,120000.00,36000.00,4000.00,0,STAGE_1_PERFORMING,0.80%,3.7x,HQ_NAIROBI
2025-10-31,STR-LN-101027,TKN-SHA256-B87A1FDF,Gladys Kiptoo,ID-HASH-8211E9E7BD,MSME-WCP,Business Working Capital,1520000.00,1361000.00,53000.00,47,STAGE_2_UNDERPERFORMING,8.04%,2.6x,KISUMU_BR
2025-10-31,STR-LN-101028,TKN-SHA256-2BCA6062,Mary Kiptoo,ID-HASH-E67B2FF1FB,FOSA-ADV,Salary Advance 30D,35000.00,27000.00,1000.00,0,STAGE_1_PERFORMING,0.74%,1.1x,HQ_NAIROBI
2025-10-31,STR-LN-101029,TKN-SHA256-E7FA0982,Fatuma Sang,ID-HASH-0E28E30A72,MSME-WCP,Business Working Capital,220000.00,192000.00,7500.00,0,STAGE_1_PERFORMING,0.71%,2.4x,WESTLANDS
2025-10-31,STR-LN-101030,TKN-SHA256-69A5BEA8,Geoffrey Omondi,ID-HASH-BBA304A562,MSME-WCP,Business Working Capital,470000.00,141000.00,16500.00,0,STAGE_1_PERFORMING,0.64%,1.6x,WESTLANDS
2025-10-31,STR-LN-101031,TKN-SHA256-1D4057C0,David Achieng,ID-HASH-9CAF217895,FOSA-ADV,Salary Advance 30D,140000.00,57000.00,5000.00,0,STAGE_1_PERFORMING,0.67%,1.4x,KISUMU_BR
2025-10-31,STR-LN-101032,TKN-SHA256-944908C4,Samuel Ochieng,ID-HASH-862849DB1D,FOSA-ADV,Salary Advance 30D,140000.00,128000.00,5000.00,0,STAGE_1_PERFORMING,0.58%,1.1x,KERICHO_CENTRAL
2025-10-31,STR-LN-101033,TKN-SHA256-92953AEE,Mercy Hassan,ID-HASH-37C85D7860,BOSA-NRM,Development Loan Normal,2480000.00,1128000.00,87000.00,0,STAGE_1_PERFORMING,0.40%,2.8x,NANDI_HILLS
2025-10-31,STR-LN-101034,TKN-SHA256-80B7CC97,Beatrice Kamau,ID-HASH-9C106CC68A,ASSET-FIN,Vehicle & Asset Finance,2900000.00,856000.00,101500.00,0,STAGE_1_PERFORMING,0.24%,1.4x,NAKURU_BR
2025-10-31,STR-LN-101035,TKN-SHA256-9CA58FCD,Wesley Achieng,ID-HASH-632666E7BC,AGRI-TEA,Tea & Coffee Farm Development,465000.00,290000.00,16500.00,0,STAGE_1_PERFORMING,0.30%,2.7x,BOMET_BRANCH
2025-10-31,STR-LN-101036,TKN-SHA256-295E53BA,Mercy Koech,ID-HASH-7B793F073A,BOSA-SCH,School Fees Advance,185000.00,54000.00,6500.00,0,STAGE_1_PERFORMING,0.83%,3.6x,NANDI_HILLS
2025-10-31,STR-LN-101037,TKN-SHA256-9544AD9E,James Kariuki,ID-HASH-3A656A2CD5,ASSET-FIN,Vehicle & Asset Finance,4975000.00,3948000.00,174000.00,0,STAGE_1_PERFORMING,0.49%,1.9x,ELDORET_BR
2025-10-31,STR-LN-101038,TKN-SHA256-16A1B23C,Fatuma Mutua,ID-HASH-B064263A5F,ASSET-FIN,Vehicle & Asset Finance,3090000.00,655000.00,108000.00,16,STAGE_1_EARLY_WATCH,2.01%,2.0x,KERICHO_CENTRAL
2025-10-31,STR-LN-101039,TKN-SHA256-96FF416D,Tabitha Sang,ID-HASH-9F9FF9E323,BOSA-EMG,Emergency Medical Facility,55000.00,22000.00,2000.00,0,STAGE_1_PERFORMING,0.33%,2.3x,NANDI_HILLS
2025-10-31,STR-LN-101040,TKN-SHA256-9E556590,Fatuma Gitonga,ID-HASH-90F6F57737,MSME-WCP,Business Working Capital,875000.00,510000.00,30500.00,0,STAGE_1_PERFORMING,0.46%,2.2x,KISUMU_BR
2025-10-31,STR-LN-101041,TKN-SHA256-A535810C,Geoffrey Koech,ID-HASH-1809C1589D,BOSA-SCH,School Fees Advance,135000.00,37000.00,4500.00,0,STAGE_1_PERFORMING,0.24%,4.8x,ELDORET_BR
2025-10-31,STR-LN-101042,TKN-SHA256-8C565A58,Lucy Sang,ID-HASH-7049ADCBF6,MSME-WCP,Business Working Capital,1085000.00,676000.00,38000.00,0,STAGE_1_PERFORMING,0.66%,1.9x,KISUMU_BR
2025-10-31,STR-LN-101043,TKN-SHA256-4623A2D6,Fatuma Omondi,ID-HASH-64AFECFE95,BOSA-SCH,School Fees Advance,90000.00,58000.00,3000.00,0,STAGE_1_PERFORMING,0.54%,3.0x,BOMET_BRANCH
2025-10-31,STR-LN-101044,TKN-SHA256-1302A71A,Peter Kamau,ID-HASH-CD2A957DC4,MSME-WCP,Business Working Capital,560000.00,371000.00,19500.00,0,STAGE_1_PERFORMING,0.76%,2.5x,ELDORET_BR
2025-10-31,STR-LN-101045,TKN-SHA256-63525F9F,Stephen Bett,ID-HASH-05A0C4A346,BOSA-EMG,Emergency Medical Facility,180000.00,155000.00,6500.00,0,STAGE_1_PERFORMING,0.82%,2.3x,HQ_NAIROBI
2025-10-31,STR-LN-101046,TKN-SHA256-3BC449E3,James Ali,ID-HASH-3E3F293003,BOSA-EMG,Emergency Medical Facility,110000.00,101000.00,4000.00,0,STAGE_1_PERFORMING,0.63%,2.9x,KERICHO_CENTRAL
2025-10-31,STR-LN-101047,TKN-SHA256-2CE5301E,Stephen Omondi,ID-HASH-727802ADF6,BOSA-SCH,School Fees Advance,180000.00,94000.00,6500.00,0,STAGE_1_PERFORMING,0.59%,3.7x,HQ_NAIROBI
2025-10-31,STR-LN-101048,TKN-SHA256-98FA45D4,Wesley Otieno,ID-HASH-63B98C281E,FOSA-ADV,Salary Advance 30D,65000.00,27000.00,2500.00,27,STAGE_1_EARLY_WATCH,4.06%,1.1x,NANDI_HILLS
2025-10-31,STR-LN-101049,TKN-SHA256-B13373B7,Wesley Gitonga,ID-HASH-6A034E008A,BOSA-EMG,Emergency Medical Facility,235000.00,105000.00,8000.00,0,STAGE_1_PERFORMING,0.70%,2.4x,KERICHO_CENTRAL
2025-10-31,STR-LN-101050,TKN-SHA256-007C62FA,Lucy Rono,ID-HASH-F8E32FC332,FOSA-ADV,Salary Advance 30D,25000.00,6000.00,1000.00,0,STAGE_1_PERFORMING,0.26%,0.9x,MOMBASA_BR
2025-10-31,STR-LN-101051,TKN-SHA256-AE27193F,Grace Rono,ID-HASH-24012720D7,MSME-WCP,Business Working Capital,1140000.00,1016000.00,40000.00,43,STAGE_2_UNDERPERFORMING,14.13%,2.4x,HQ_NAIROBI
2025-10-31,STR-LN-101052,TKN-SHA256-57F66A41,Philemon Omondi,ID-HASH-1A421F05A5,FOSA-ADV,Salary Advance 30D,35000.00,16000.00,1000.00,0,STAGE_1_PERFORMING,0.53%,1.1x,HQ_NAIROBI
2025-10-31,STR-LN-101053,TKN-SHA256-080A3B48,Cosmas Njoroge,ID-HASH-49322C9D2A,MSME-WCP,Business Working Capital,1320000.00,224000.00,46000.00,0,STAGE_1_PERFORMING,0.79%,1.6x,ELDORET_BR
2025-10-31,STR-LN-101054,TKN-SHA256-5157789F,Cosmas Achieng,ID-HASH-ED4EAB1358,MSME-WCP,Business Working Capital,1525000.00,1300000.00,53500.00,0,STAGE_1_PERFORMING,0.53%,2.6x,WESTLANDS
2025-10-31,STR-LN-101055,TKN-SHA256-263ABD37,Hassan Kimani,ID-HASH-D2E68EA0C2,BOSA-NRM,Development Loan Normal,3350000.00,1596000.00,117500.00,0,STAGE_1_PERFORMING,0.85%,3.1x,MOMBASA_BR
2025-10-31,STR-LN-101056,TKN-SHA256-9CB48A10,Geoffrey Chebet,ID-HASH-D809BEFD32,BOSA-EMG,Emergency Medical Facility,80000.00,60000.00,3000.00,4,STAGE_1_EARLY_WATCH,1.75%,3.1x,WESTLANDS
2025-10-31,STR-LN-101057,TKN-SHA256-06EAA022,James Koech,ID-HASH-4B4C732E1D,AGRI-TEA,Tea & Coffee Farm Development,700000.00,285000.00,24500.00,0,STAGE_1_PERFORMING,0.95%,2.7x,UPPER_HILL
2025-10-31,STR-LN-101058,TKN-SHA256-6D95A775,Emmanuel Mutua,ID-HASH-FB07400493,BOSA-EMG,Emergency Medical Facility,170000.00,41000.00,6000.00,0,STAGE_1_PERFORMING,0.74%,2.9x,MOMBASA_BR
2025-10-31,STR-LN-101059,TKN-SHA256-82AE8005,John Rono,ID-HASH-C8D85114DE,BOSA-NRM,Development Loan Normal,675000.00,363000.00,23500.00,0,STAGE_1_PERFORMING,0.47%,3.6x,ELDORET_BR
2025-10-31,STR-LN-101060,TKN-SHA256-F0292D46,Jane Njoroge,ID-HASH-36EA664B86,ASSET-FIN,Vehicle & Asset Finance,3480000.00,2822000.00,122000.00,0,STAGE_1_PERFORMING,0.50%,1.6x,MOMBASA_BR
2025-10-31,STR-LN-101061,TKN-SHA256-428AEFA5,Peter Kamau,ID-HASH-93EA4F2897,BOSA-SCH,School Fees Advance,95000.00,61000.00,3500.00,0,STAGE_1_PERFORMING,0.15%,4.1x,UPPER_HILL
2025-10-31,STR-LN-101062,TKN-SHA256-3015AAAA,Geoffrey Langat,ID-HASH-1FA6D6AA67,BOSA-EMG,Emergency Medical Facility,185000.00,45000.00,6500.00,0,STAGE_1_PERFORMING,0.79%,2.9x,NAKURU_BR
2025-10-31,STR-LN-101063,TKN-SHA256-5A94E112,Bernard Wambui,ID-HASH-114BB68599,MSME-WCP,Business Working Capital,1075000.00,809000.00,37500.00,0,STAGE_1_PERFORMING,0.86%,1.8x,NANDI_HILLS
2025-10-31,STR-LN-101064,TKN-SHA256-0CA7FD12,Catherine Wanjiku,ID-HASH-E182ED7572,FOSA-ADV,Salary Advance 30D,100000.00,25000.00,3500.00,0,STAGE_1_PERFORMING,0.51%,1.0x,MOMBASA_BR
2025-10-31,STR-LN-101065,TKN-SHA256-2E7116FA,Emmanuel Cheruiyot,ID-HASH-7E20FA4383,BOSA-EMG,Emergency Medical Facility,60000.00,23000.00,2000.00,0,STAGE_1_PERFORMING,0.43%,2.0x,NAKURU_BR
2025-10-31,STR-LN-101066,TKN-SHA256-A95B11A6,Fatuma Bett,ID-HASH-BB1BB4607B,MSME-WCP,Business Working Capital,990000.00,190000.00,34500.00,69,STAGE_2_UNDERPERFORMING,13.18%,1.5x,NANDI_HILLS
2025-10-31,STR-LN-101067,TKN-SHA256-B5A3EDBC,Philemon Wambui,ID-HASH-456D8AFD70,MSME-WCP,Business Working Capital,1510000.00,843000.00,53000.00,0,STAGE_1_PERFORMING,0.93%,1.9x,NAKURU_BR
2025-10-31,STR-LN-101068,TKN-SHA256-CE6EDC18,Kiprono Gitonga,ID-HASH-50BB0364CD,BOSA-SCH,School Fees Advance,170000.00,111000.00,6000.00,0,STAGE_1_PERFORMING,0.40%,3.5x,KERICHO_CENTRAL
2025-10-31,STR-LN-101069,TKN-SHA256-D838F9F4,Stephen Ochieng,ID-HASH-282B24115E,MSME-WCP,Business Working Capital,545000.00,193000.00,19000.00,0,STAGE_1_PERFORMING,0.35%,2.6x,WESTLANDS
2025-10-31,STR-LN-101070,TKN-SHA256-86606654,Peter Siele,ID-HASH-0229E9C8EE,BOSA-SCH,School Fees Advance,140000.00,84000.00,5000.00,72,STAGE_2_UNDERPERFORMING,8.03%,3.9x,NANDI_HILLS
2025-10-31,STR-LN-101071,TKN-SHA256-03E1C7EE,Gladys Wambui,ID-HASH-0E2FBE21CD,AGRI-TEA,Tea & Coffee Farm Development,940000.00,167000.00,33000.00,0,STAGE_1_PERFORMING,0.50%,2.5x,KERICHO_CENTRAL
2025-10-31,STR-LN-101072,TKN-SHA256-908E5AD3,Philemon Wambui,ID-HASH-0625A9CECD,FOSA-ADV,Salary Advance 30D,65000.00,44000.00,2500.00,0,STAGE_1_PERFORMING,0.16%,1.3x,MOMBASA_BR
2025-10-31,STR-LN-101073,TKN-SHA256-786C1744,Tabitha Kiptoo,ID-HASH-2197942E4A,ASSET-FIN,Vehicle & Asset Finance,2525000.00,497000.00,88500.00,0,STAGE_1_PERFORMING,0.78%,1.3x,WESTLANDS
2025-10-31,STR-LN-101074,TKN-SHA256-C937F042,Gladys Njoroge,ID-HASH-A9B4BEA785,BOSA-NRM,Development Loan Normal,635000.00,239000.00,22000.00,0,STAGE_1_PERFORMING,0.82%,4.2x,WESTLANDS
2025-10-31,STR-LN-101075,TKN-SHA256-C10703FB,Cosmas Sang,ID-HASH-8F46A0C823,ASSET-FIN,Vehicle & Asset Finance,1845000.00,1076000.00,64500.00,0,STAGE_1_PERFORMING,0.20%,1.9x,ELDORET_BR
2025-10-31,STR-LN-101076,TKN-SHA256-87D5C8CB,Peter Kiptoo,ID-HASH-6037EF2968,BOSA-SCH,School Fees Advance,145000.00,102000.00,5000.00,65,STAGE_2_UNDERPERFORMING,10.50%,4.9x,UPPER_HILL
2025-10-31,STR-LN-101077,TKN-SHA256-1C3E497C,Alice Achieng,ID-HASH-396E53BEB2,BOSA-NRM,Development Loan Normal,2170000.00,449000.00,76000.00,0,STAGE_1_PERFORMING,0.39%,3.4x,KERICHO_CENTRAL
2025-10-31,STR-LN-101078,TKN-SHA256-D33AD75D,Wesley Kiptoo,ID-HASH-6730526625,AGRI-TEA,Tea & Coffee Farm Development,970000.00,485000.00,34000.00,0,STAGE_1_PERFORMING,0.34%,2.5x,HQ_NAIROBI
2025-10-31,STR-LN-101079,TKN-SHA256-C688179C,Lucy Korir,ID-HASH-55FBCFBDA8,BOSA-NRM,Development Loan Normal,3470000.00,2512000.00,121500.00,0,STAGE_1_PERFORMING,0.81%,3.0x,BOMET_BRANCH
2025-10-31,STR-LN-101080,TKN-SHA256-008710C9,Mary Ruto,ID-HASH-8D40372569,AGRI-TEA,Tea & Coffee Farm Development,535000.00,408000.00,18500.00,0,STAGE_1_PERFORMING,0.17%,2.7x,NAKURU_BR
2025-10-31,STR-LN-101081,TKN-SHA256-BD79D641,Kiprono Langat,ID-HASH-F1D69BF64F,BOSA-SCH,School Fees Advance,120000.00,65000.00,4000.00,0,STAGE_1_PERFORMING,0.85%,3.0x,MOMBASA_BR
2025-10-31,STR-LN-101082,TKN-SHA256-A6CFD30F,Alice Mutua,ID-HASH-158D4A02B0,MSME-WCP,Business Working Capital,1460000.00,229000.00,51000.00,0,STAGE_1_PERFORMING,0.18%,1.7x,MOMBASA_BR
2025-10-31,STR-LN-101083,TKN-SHA256-A71500F4,Catherine Achieng,ID-HASH-3981C47C38,MSME-WCP,Business Working Capital,515000.00,111000.00,18000.00,0,STAGE_1_PERFORMING,0.33%,2.2x,NANDI_HILLS
2025-10-31,STR-LN-101084,TKN-SHA256-06406181,Grace Langat,ID-HASH-267CFFC71D,AGRI-TEA,Tea & Coffee Farm Development,165000.00,151000.00,6000.00,0,STAGE_1_PERFORMING,0.50%,3.1x,BOMET_BRANCH
2025-10-31,STR-LN-101085,TKN-SHA256-516850EC,Wesley Koech,ID-HASH-05BA9402DC,BOSA-SCH,School Fees Advance,165000.00,129000.00,6000.00,0,STAGE_1_PERFORMING,0.15%,3.6x,KERICHO_CENTRAL
2025-10-31,STR-LN-101086,TKN-SHA256-01398CB3,Mercy Hassan,ID-HASH-B1DE84FC40,BOSA-SCH,School Fees Advance,90000.00,37000.00,3000.00,0,STAGE_1_PERFORMING,0.93%,3.0x,NANDI_HILLS
2025-10-31,STR-LN-101087,TKN-SHA256-44324638,Beatrice Siele,ID-HASH-BDF0DC3EA6,ASSET-FIN,Vehicle & Asset Finance,4550000.00,1998000.00,159500.00,0,STAGE_1_PERFORMING,0.51%,1.5x,WESTLANDS
2025-10-31,STR-LN-101088,TKN-SHA256-DEBDFC63,Cosmas Omondi,ID-HASH-1F9D121CBB,BOSA-NRM,Development Loan Normal,1325000.00,368000.00,46500.00,0,STAGE_1_PERFORMING,0.87%,3.1x,ELDORET_BR
2025-10-31,STR-LN-101089,TKN-SHA256-7DE69E1A,Peter Chebet,ID-HASH-74A9CC10C7,BOSA-SCH,School Fees Advance,100000.00,43000.00,3500.00,0,STAGE_1_PERFORMING,0.91%,4.2x,KISUMU_BR
2025-10-31,STR-LN-101090,TKN-SHA256-70F445E4,Grace Ali,ID-HASH-473A3469F7,BOSA-NRM,Development Loan Normal,2820000.00,939000.00,98500.00,0,STAGE_1_PERFORMING,0.25%,3.0x,KERICHO_CENTRAL
2025-10-31,STR-LN-101091,TKN-SHA256-5E9BF1CF,Jane Omondi,ID-HASH-039999AF5D,BOSA-SCH,School Fees Advance,115000.00,31000.00,4000.00,0,STAGE_1_PERFORMING,0.88%,3.2x,MOMBASA_BR
2025-10-31,STR-LN-101092,TKN-SHA256-DC44BF2E,Grace Korir,ID-HASH-7F98B9AD0C,BOSA-SCH,School Fees Advance,55000.00,17000.00,2000.00,77,STAGE_2_UNDERPERFORMING,13.11%,4.8x,NANDI_HILLS
2025-10-31,STR-LN-101093,TKN-SHA256-D5675F7C,Jane Koech,ID-HASH-2D3470FB7F,BOSA-NRM,Development Loan Normal,1140000.00,247000.00,40000.00,64,STAGE_2_UNDERPERFORMING,13.77%,3.1x,HQ_NAIROBI
2025-10-31,STR-LN-101094,TKN-SHA256-898C1938,Dennis Kariuki,ID-HASH-492C03E579,MSME-WCP,Business Working Capital,280000.00,146000.00,10000.00,0,STAGE_1_PERFORMING,0.58%,1.8x,UPPER_HILL
2025-10-31,STR-LN-101095,TKN-SHA256-B3233CF3,Stephen Rono,ID-HASH-6F66312ECD,BOSA-EMG,Emergency Medical Facility,265000.00,248000.00,9500.00,9,STAGE_1_EARLY_WATCH,1.82%,2.4x,UPPER_HILL
2025-10-31,STR-LN-101096,TKN-SHA256-5536CF9C,Alice Sang,ID-HASH-38EFE229AB,BOSA-EMG,Emergency Medical Facility,280000.00,171000.00,10000.00,0,STAGE_1_PERFORMING,0.90%,2.2x,BOMET_BRANCH
2025-10-31,STR-LN-101097,TKN-SHA256-28E72915,Hassan Achieng,ID-HASH-5CCACDFEA0,BOSA-SCH,School Fees Advance,80000.00,40000.00,3000.00,0,STAGE_1_PERFORMING,0.29%,4.7x,KISUMU_BR
2025-10-31,STR-LN-101098,TKN-SHA256-A9B406C8,Jane Otieno,ID-HASH-487F02269F,BOSA-NRM,Development Loan Normal,1220000.00,186000.00,42500.00,0,STAGE_1_PERFORMING,0.33%,2.7x,HQ_NAIROBI
2025-10-31,STR-LN-101099,TKN-SHA256-CA43AC80,Tabitha Sang,ID-HASH-6AE34F9558,BOSA-SCH,School Fees Advance,125000.00,62000.00,4500.00,0,STAGE_1_PERFORMING,0.71%,4.5x,NANDI_HILLS
2025-10-31,STR-LN-101100,TKN-SHA256-08C5172C,Bernard Achieng,ID-HASH-A491F90CB7,ASSET-FIN,Vehicle & Asset Finance,2480000.00,1593000.00,87000.00,0,STAGE_1_PERFORMING,0.35%,1.9x,BOMET_BRANCH
2025-10-31,STR-LN-101101,TKN-SHA256-44A6AB67,Tabitha Kariuki,ID-HASH-4AED890083,FOSA-ADV,Salary Advance 30D,85000.00,79000.00,3000.00,0,STAGE_1_PERFORMING,0.53%,1.4x,KISUMU_BR
2025-10-31,STR-LN-101102,TKN-SHA256-EAD97B5F,Kiprono Omondi,ID-HASH-5C933A0CD6,BOSA-EMG,Emergency Medical Facility,160000.00,46000.00,5500.00,0,STAGE_1_PERFORMING,0.66%,2.5x,MOMBASA_BR
2025-10-31,STR-LN-101103,TKN-SHA256-F578E8D3,Peter Cheruiyot,ID-HASH-84B75DB9A0,BOSA-EMG,Emergency Medical Facility,100000.00,79000.00,3500.00,0,STAGE_1_PERFORMING,0.23%,2.3x,MOMBASA_BR
2025-10-31,STR-LN-101104,TKN-SHA256-680EB70B,Jane Ali,ID-HASH-8F7DDBBC6B,MSME-WCP,Business Working Capital,1675000.00,591000.00,58500.00,0,STAGE_1_PERFORMING,0.16%,2.3x,KISUMU_BR
2025-10-31,STR-LN-101105,TKN-SHA256-AF6EF8F3,Bernard Cheruiyot,ID-HASH-DFC0D0CC3C,FOSA-ADV,Salary Advance 30D,120000.00,105000.00,4000.00,0,STAGE_1_PERFORMING,0.36%,1.5x,MOMBASA_BR
2025-10-31,STR-LN-101106,TKN-SHA256-C59EE8F9,Jane Achieng,ID-HASH-F7DF27AB71,ASSET-FIN,Vehicle & Asset Finance,3280000.00,2469000.00,115000.00,155,STAGE_3_NON_PERFORMING,24.91%,2.0x,UPPER_HILL
2025-10-31,STR-LN-101107,TKN-SHA256-03E7E48E,Hassan Ali,ID-HASH-F2DE4D5198,AGRI-TEA,Tea & Coffee Farm Development,170000.00,116000.00,6000.00,23,STAGE_1_EARLY_WATCH,2.26%,2.9x,NANDI_HILLS
2025-10-31,STR-LN-101108,TKN-SHA256-90DD9D64,Lucy Koech,ID-HASH-19F9EE1C7D,ASSET-FIN,Vehicle & Asset Finance,4330000.00,1872000.00,151500.00,0,STAGE_1_PERFORMING,0.68%,1.9x,NAKURU_BR
2025-10-31,STR-LN-101109,TKN-SHA256-0AC3A9B4,Jane Kariuki,ID-HASH-2E8F26D6DC,ASSET-FIN,Vehicle & Asset Finance,4390000.00,3122000.00,153500.00,0,STAGE_1_PERFORMING,0.19%,1.3x,KISUMU_BR
2025-10-31,STR-LN-101110,TKN-SHA256-B89CAAB8,Emmanuel Siele,ID-HASH-D38D66D5CE,ASSET-FIN,Vehicle & Asset Finance,2060000.00,997000.00,72000.00,0,STAGE_1_PERFORMING,0.51%,1.8x,KISUMU_BR
2025-10-31,STR-LN-101111,TKN-SHA256-5211431F,Grace Omondi,ID-HASH-2423BD228F,MSME-WCP,Business Working Capital,1025000.00,769000.00,36000.00,0,STAGE_1_PERFORMING,0.22%,2.1x,KERICHO_CENTRAL
2025-10-31,STR-LN-101112,TKN-SHA256-73EA21D7,Lucy Achieng,ID-HASH-FAFF178EAC,AGRI-TEA,Tea & Coffee Farm Development,900000.00,555000.00,31500.00,0,STAGE_1_PERFORMING,0.37%,2.6x,KISUMU_BR
2025-10-31,STR-LN-101113,TKN-SHA256-3A551519,Fatuma Omondi,ID-HASH-A207391BFF,BOSA-EMG,Emergency Medical Facility,225000.00,199000.00,8000.00,0,STAGE_1_PERFORMING,0.37%,2.9x,KISUMU_BR
2025-10-31,STR-LN-101114,TKN-SHA256-6DE96709,Stephen Ochieng,ID-HASH-6154D87AF9,FOSA-ADV,Salary Advance 30D,125000.00,20000.00,4500.00,0,STAGE_1_PERFORMING,0.57%,1.1x,UPPER_HILL
2025-10-31,STR-LN-101115,TKN-SHA256-59C00635,David Chebet,ID-HASH-908BB81DB9,BOSA-EMG,Emergency Medical Facility,105000.00,88000.00,3500.00,0,STAGE_1_PERFORMING,0.42%,3.0x,KERICHO_CENTRAL
2025-10-31,STR-LN-101116,TKN-SHA256-4D3CBBFA,Philemon Langat,ID-HASH-9138B914A7,MSME-WCP,Business Working Capital,810000.00,280000.00,28500.00,0,STAGE_1_PERFORMING,0.78%,1.6x,NANDI_HILLS
2025-10-31,STR-LN-101117,TKN-SHA256-804F7D33,Beatrice Mwangi,ID-HASH-8FF2F9AA11,BOSA-NRM,Development Loan Normal,565000.00,501000.00,20000.00,0,STAGE_1_PERFORMING,0.39%,3.8x,KISUMU_BR
2025-10-31,STR-LN-101118,TKN-SHA256-3A673C08,Philemon Siele,ID-HASH-37CCDB5281,ASSET-FIN,Vehicle & Asset Finance,2950000.00,1372000.00,103500.00,0,STAGE_1_PERFORMING,0.32%,1.7x,KISUMU_BR
2025-10-31,STR-LN-101119,TKN-SHA256-14C403F3,Jane Korir,ID-HASH-5DEA6A0F52,AGRI-TEA,Tea & Coffee Farm Development,945000.00,849000.00,33000.00,0,STAGE_1_PERFORMING,0.42%,2.9x,UPPER_HILL
2025-10-31,STR-LN-101120,TKN-SHA256-0E3CC833,Jane Achieng,ID-HASH-BA8CABDD96,BOSA-EMG,Emergency Medical Facility,110000.00,88000.00,4000.00,0,STAGE_1_PERFORMING,0.65%,2.7x,KISUMU_BR
2025-10-31,STR-LN-101121,TKN-SHA256-9A207D9A,Alice Kariuki,ID-HASH-B7E81CBB84,BOSA-SCH,School Fees Advance,115000.00,105000.00,4000.00,127,STAGE_3_NON_PERFORMING,43.78%,4.6x,NANDI_HILLS
2025-10-31,STR-LN-101122,TKN-SHA256-4F9CAC76,James Kamau,ID-HASH-D57C450180,BOSA-SCH,School Fees Advance,210000.00,116000.00,7500.00,0,STAGE_1_PERFORMING,0.35%,4.1x,HQ_NAIROBI
2025-10-31,STR-LN-101123,TKN-SHA256-A9A01A73,Mary Gitonga,ID-HASH-2DB92E087E,ASSET-FIN,Vehicle & Asset Finance,2310000.00,467000.00,81000.00,6,STAGE_1_EARLY_WATCH,3.76%,1.6x,KERICHO_CENTRAL
2025-10-31,STR-LN-101124,TKN-SHA256-9550F833,Bernard Achieng,ID-HASH-4B6C7663F2,ASSET-FIN,Vehicle & Asset Finance,3300000.00,779000.00,115500.00,0,STAGE_1_PERFORMING,0.33%,1.8x,KERICHO_CENTRAL
2025-10-31,STR-LN-101125,TKN-SHA256-06BE36E1,Peter Ochieng,ID-HASH-9A68571631,MSME-WCP,Business Working Capital,1785000.00,1354000.00,62500.00,0,STAGE_1_PERFORMING,0.23%,2.2x,KERICHO_CENTRAL
2025-10-31,STR-LN-101126,TKN-SHA256-5451FA7A,Dennis Ruto,ID-HASH-2174D3EC35,AGRI-TEA,Tea & Coffee Farm Development,1170000.00,695000.00,41000.00,0,STAGE_1_PERFORMING,0.88%,3.6x,MOMBASA_BR
2025-10-31,STR-LN-101127,TKN-SHA256-F8D41EE9,Cosmas Omondi,ID-HASH-E6A0D1A144,FOSA-ADV,Salary Advance 30D,20000.00,8000.00,500.00,0,STAGE_1_PERFORMING,0.29%,1.4x,MOMBASA_BR
2025-10-31,STR-LN-101128,TKN-SHA256-33A44977,John Ruto,ID-HASH-89E322B929,BOSA-SCH,School Fees Advance,205000.00,153000.00,7000.00,0,STAGE_1_PERFORMING,0.42%,5.1x,MOMBASA_BR
2025-10-31,STR-LN-101129,TKN-SHA256-4F505E9A,Samuel Mutua,ID-HASH-9A765C6D28,MSME-WCP,Business Working Capital,1345000.00,682000.00,47000.00,0,STAGE_1_PERFORMING,0.68%,2.1x,KERICHO_CENTRAL
2025-10-31,STR-LN-101130,TKN-SHA256-F7B889BA,Emmanuel Omondi,ID-HASH-8C666D4F7E,ASSET-FIN,Vehicle & Asset Finance,3585000.00,2596000.00,125500.00,0,STAGE_1_PERFORMING,0.70%,1.2x,NAKURU_BR
2025-10-31,STR-LN-101131,TKN-SHA256-DA5206C0,Hassan Mwangi,ID-HASH-E34E7DCC7C,BOSA-NRM,Development Loan Normal,2850000.00,2368000.00,100000.00,0,STAGE_1_PERFORMING,0.80%,2.9x,ELDORET_BR
2025-10-31,STR-LN-101132,TKN-SHA256-CAFB08D4,Wesley Bett,ID-HASH-6B27000650,BOSA-NRM,Development Loan Normal,1155000.00,799000.00,40500.00,0,STAGE_1_PERFORMING,0.64%,3.7x,NAKURU_BR
2025-10-31,STR-LN-101133,TKN-SHA256-63FA8995,John Wanjiku,ID-HASH-9326891342,BOSA-SCH,School Fees Advance,175000.00,124000.00,6000.00,0,STAGE_1_PERFORMING,0.54%,4.9x,WESTLANDS
2025-10-31,STR-LN-101134,TKN-SHA256-0DDC65C8,Wesley Mutua,ID-HASH-8D1A424764,ASSET-FIN,Vehicle & Asset Finance,3185000.00,1688000.00,111500.00,0,STAGE_1_PERFORMING,0.46%,2.0x,KERICHO_CENTRAL
2025-10-31,STR-LN-101135,TKN-SHA256-47FD821C,Lucy Kariuki,ID-HASH-05D58D46CF,BOSA-EMG,Emergency Medical Facility,195000.00,173000.00,7000.00,0,STAGE_1_PERFORMING,0.29%,3.0x,BOMET_BRANCH
2025-10-31,STR-LN-101136,TKN-SHA256-58775567,Lucy Siele,ID-HASH-D0B03229D6,ASSET-FIN,Vehicle & Asset Finance,3735000.00,1266000.00,130500.00,17,STAGE_1_EARLY_WATCH,3.32%,1.7x,KISUMU_BR
2025-10-31,STR-LN-101137,TKN-SHA256-0949B805,Jane Sang,ID-HASH-8EE2255CB1,ASSET-FIN,Vehicle & Asset Finance,3310000.00,845000.00,116000.00,0,STAGE_1_PERFORMING,0.71%,1.7x,UPPER_HILL
2025-10-31,STR-LN-101138,TKN-SHA256-D2130685,Mary Omondi,ID-HASH-D1387788FE,BOSA-EMG,Emergency Medical Facility,195000.00,162000.00,7000.00,0,STAGE_1_PERFORMING,0.24%,2.5x,UPPER_HILL
2025-10-31,STR-LN-101139,TKN-SHA256-098C8923,Lucy Achieng,ID-HASH-08E6A5BF86,MSME-WCP,Business Working Capital,1350000.00,830000.00,47500.00,0,STAGE_1_PERFORMING,0.38%,1.6x,UPPER_HILL
2025-10-31,STR-LN-101140,TKN-SHA256-6FC352A1,James Hassan,ID-HASH-073D21B491,MSME-WCP,Business Working Capital,370000.00,175000.00,13000.00,1,STAGE_1_EARLY_WATCH,2.92%,2.4x,UPPER_HILL
2025-10-31,STR-LN-101141,TKN-SHA256-7A52C8EC,David Wambui,ID-HASH-3AE1831B37,BOSA-SCH,School Fees Advance,125000.00,114000.00,4500.00,0,STAGE_1_PERFORMING,0.69%,5.1x,NAKURU_BR
2025-10-31,STR-LN-101142,TKN-SHA256-B4F4C42D,Samuel Sang,ID-HASH-2A7D2F0366,MSME-WCP,Business Working Capital,1685000.00,1528000.00,59000.00,0,STAGE_1_PERFORMING,0.44%,2.2x,BOMET_BRANCH
2025-10-31,STR-LN-101143,TKN-SHA256-62F344CB,Hassan Kiptoo,ID-HASH-EF8792007A,AGRI-TEA,Tea & Coffee Farm Development,865000.00,387000.00,30500.00,0,STAGE_1_PERFORMING,0.22%,3.2x,WESTLANDS
2025-10-31,STR-LN-101144,TKN-SHA256-5EF107EC,Samuel Kiptoo,ID-HASH-0D637C2BE6,AGRI-TEA,Tea & Coffee Farm Development,715000.00,456000.00,25000.00,56,STAGE_2_UNDERPERFORMING,10.12%,2.5x,NANDI_HILLS
2025-10-31,STR-LN-101145,TKN-SHA256-8D497E1A,Dennis Mutua,ID-HASH-2900A9A9F8,AGRI-TEA,Tea & Coffee Farm Development,1165000.00,218000.00,41000.00,0,STAGE_1_PERFORMING,0.81%,3.6x,KISUMU_BR
2025-10-31,STR-LN-101146,TKN-SHA256-1CACD767,John Chebet,ID-HASH-7F6891CEDB,FOSA-ADV,Salary Advance 30D,45000.00,38000.00,1500.00,0,STAGE_1_PERFORMING,0.70%,1.4x,KERICHO_CENTRAL
2025-10-31,STR-LN-101147,TKN-SHA256-828BA94E,Geoffrey Wanjiku,ID-HASH-B474DEF42E,FOSA-ADV,Salary Advance 30D,135000.00,65000.00,4500.00,28,STAGE_1_EARLY_WATCH,3.90%,1.6x,HQ_NAIROBI
2025-10-31,STR-LN-101148,TKN-SHA256-F6C1F493,Mercy Otieno,ID-HASH-3BF62A4F48,BOSA-NRM,Development Loan Normal,2475000.00,571000.00,86500.00,0,STAGE_1_PERFORMING,0.82%,4.3x,UPPER_HILL
2025-10-31,STR-LN-101149,TKN-SHA256-60CCC178,Hassan Mutua,ID-HASH-664F3730B1,BOSA-EMG,Emergency Medical Facility,230000.00,142000.00,8000.00,28,STAGE_1_EARLY_WATCH,3.62%,2.4x,WESTLANDS
2025-10-31,STR-LN-101150,TKN-SHA256-B79CFA78,Beatrice Mutua,ID-HASH-A754FCA1BA,MSME-WCP,Business Working Capital,1490000.00,1119000.00,52000.00,0,STAGE_1_PERFORMING,0.26%,2.6x,MOMBASA_BR
2025-10-31,STR-LN-101151,TKN-SHA256-71D7902C,Bernard Ochieng,ID-HASH-AD926045A9,MSME-WCP,Business Working Capital,1525000.00,1310000.00,53500.00,0,STAGE_1_PERFORMING,0.75%,2.5x,NANDI_HILLS
2025-10-31,STR-LN-101152,TKN-SHA256-CC9656C3,Mary Achieng,ID-HASH-4011F42FE5,AGRI-TEA,Tea & Coffee Farm Development,555000.00,267000.00,19500.00,0,STAGE_1_PERFORMING,0.35%,3.2x,ELDORET_BR
2025-10-31,STR-LN-101153,TKN-SHA256-68BDE2E8,Catherine Bett,ID-HASH-22363CDFDE,AGRI-TEA,Tea & Coffee Farm Development,470000.00,232000.00,16500.00,0,STAGE_1_PERFORMING,0.40%,2.7x,HQ_NAIROBI
2025-10-31,STR-LN-101154,TKN-SHA256-F4ADB835,Tabitha Chebet,ID-HASH-B9A8F6590B,BOSA-SCH,School Fees Advance,135000.00,77000.00,4500.00,0,STAGE_1_PERFORMING,0.68%,4.0x,BOMET_BRANCH
2025-10-31,STR-LN-101155,TKN-SHA256-D0A6B584,Cosmas Kamau,ID-HASH-F9F61D4D73,ASSET-FIN,Vehicle & Asset Finance,3425000.00,724000.00,120000.00,0,STAGE_1_PERFORMING,0.24%,1.4x,NANDI_HILLS
2025-10-31,STR-LN-101156,TKN-SHA256-748E7599,Kiprono Chebet,ID-HASH-FE9989F252,AGRI-TEA,Tea & Coffee Farm Development,1045000.00,926000.00,36500.00,0,STAGE_1_PERFORMING,0.25%,2.4x,MOMBASA_BR
2025-10-31,STR-LN-101157,TKN-SHA256-F1DE5B24,Cosmas Korir,ID-HASH-C9AB44F343,ASSET-FIN,Vehicle & Asset Finance,4705000.00,938000.00,164500.00,0,STAGE_1_PERFORMING,0.48%,1.6x,NAKURU_BR
2025-10-31,STR-LN-101158,TKN-SHA256-77FF0368,Samuel Gitonga,ID-HASH-43AF3BB480,BOSA-SCH,School Fees Advance,240000.00,94000.00,8500.00,0,STAGE_1_PERFORMING,0.60%,4.2x,KISUMU_BR
2025-10-31,STR-LN-101159,TKN-SHA256-2A277889,Kiprono Ruto,ID-HASH-B3591B0B9A,BOSA-NRM,Development Loan Normal,2710000.00,561000.00,95000.00,40,STAGE_2_UNDERPERFORMING,13.36%,3.9x,NANDI_HILLS
2025-10-31,STR-LN-101160,TKN-SHA256-98C70752,Alice Omondi,ID-HASH-75A58D72DC,BOSA-NRM,Development Loan Normal,1035000.00,585000.00,36000.00,0,STAGE_1_PERFORMING,0.39%,3.5x,HQ_NAIROBI
2025-10-31,STR-LN-101161,TKN-SHA256-054B003B,Mary Cheruiyot,ID-HASH-FD131CA1F7,MSME-WCP,Business Working Capital,1590000.00,648000.00,55500.00,36,STAGE_2_UNDERPERFORMING,12.40%,2.7x,NANDI_HILLS
2025-10-31,STR-LN-101162,TKN-SHA256-D2919C7E,Geoffrey Kimani,ID-HASH-04D3F49CBD,FOSA-ADV,Salary Advance 30D,75000.00,15000.00,2500.00,0,STAGE_1_PERFORMING,0.73%,1.5x,HQ_NAIROBI
2025-10-31,STR-LN-101163,TKN-SHA256-600C7272,Mary Wambui,ID-HASH-6F997A1A0F,BOSA-SCH,School Fees Advance,110000.00,101000.00,4000.00,0,STAGE_1_PERFORMING,0.68%,3.3x,NAKURU_BR
2025-10-31,STR-LN-101164,TKN-SHA256-48EB2310,John Kariuki,ID-HASH-769114B24D,MSME-WCP,Business Working Capital,775000.00,390000.00,27000.00,0,STAGE_1_PERFORMING,0.88%,2.1x,UPPER_HILL
2025-10-31,STR-LN-101165,TKN-SHA256-978FD7E1,Lucy Mutua,ID-HASH-180042D0C7,ASSET-FIN,Vehicle & Asset Finance,4765000.00,3385000.00,167000.00,0,STAGE_1_PERFORMING,0.27%,1.3x,ELDORET_BR
2025-10-31,STR-LN-101166,TKN-SHA256-5698C21C,Kiprono Wambui,ID-HASH-EB6342CDFF,BOSA-NRM,Development Loan Normal,1270000.00,645000.00,44500.00,0,STAGE_1_PERFORMING,0.93%,2.5x,BOMET_BRANCH
2025-10-31,STR-LN-101167,TKN-SHA256-2A305702,Wesley Korir,ID-HASH-55736D8BA8,FOSA-ADV,Salary Advance 30D,135000.00,77000.00,4500.00,0,STAGE_1_PERFORMING,0.39%,1.0x,WESTLANDS
2025-10-31,STR-LN-101168,TKN-SHA256-05281A70,Jane Ali,ID-HASH-4762B73DB7,BOSA-NRM,Development Loan Normal,1015000.00,928000.00,35500.00,0,STAGE_1_PERFORMING,0.90%,4.2x,NANDI_HILLS
2025-10-31,STR-LN-101169,TKN-SHA256-3F4ECE08,Emmanuel Hassan,ID-HASH-6C4AC013EA,BOSA-EMG,Emergency Medical Facility,295000.00,55000.00,10500.00,0,STAGE_1_PERFORMING,0.65%,2.0x,NAKURU_BR
2025-10-31,STR-LN-101170,TKN-SHA256-AA9D2B63,Mary Ruto,ID-HASH-3CA500D32D,MSME-WCP,Business Working Capital,515000.00,221000.00,18000.00,0,STAGE_1_PERFORMING,0.23%,2.4x,NAKURU_BR
2025-10-31,STR-LN-101171,TKN-SHA256-074180BC,Hassan Njoroge,ID-HASH-AD43F3CD5A,AGRI-TEA,Tea & Coffee Farm Development,215000.00,42000.00,7500.00,0,STAGE_1_PERFORMING,0.39%,2.4x,BOMET_BRANCH
2025-10-31,STR-LN-101172,TKN-SHA256-72B77666,Alice Mwangi,ID-HASH-9A9075C7B6,BOSA-EMG,Emergency Medical Facility,240000.00,168000.00,8500.00,18,STAGE_1_EARLY_WATCH,2.47%,2.5x,MOMBASA_BR
2025-10-31,STR-LN-101173,TKN-SHA256-B4E835D2,Wesley Otieno,ID-HASH-9BEC049EF1,AGRI-TEA,Tea & Coffee Farm Development,810000.00,554000.00,28500.00,9,STAGE_1_EARLY_WATCH,2.56%,2.2x,NAKURU_BR
2025-10-31,STR-LN-101174,TKN-SHA256-2815CEEE,Bernard Kimani,ID-HASH-45EC8D095F,BOSA-SCH,School Fees Advance,95000.00,36000.00,3500.00,0,STAGE_1_PERFORMING,0.22%,3.4x,NAKURU_BR
2025-10-31,STR-LN-101175,TKN-SHA256-83671375,John Sang,ID-HASH-8764AED218,BOSA-NRM,Development Loan Normal,3460000.00,1486000.00,121000.00,24,STAGE_1_EARLY_WATCH,1.95%,3.9x,NANDI_HILLS
2025-10-31,STR-LN-101176,TKN-SHA256-80EA7F07,Alice Gitonga,ID-HASH-3D92113D3F,BOSA-EMG,Emergency Medical Facility,95000.00,65000.00,3500.00,0,STAGE_1_PERFORMING,0.89%,2.3x,ELDORET_BR
2025-10-31,STR-LN-101177,TKN-SHA256-5399B440,Stephen Otieno,ID-HASH-E0741FFB1A,BOSA-SCH,School Fees Advance,170000.00,59000.00,6000.00,0,STAGE_1_PERFORMING,0.85%,3.5x,NAKURU_BR
2025-10-31,STR-LN-101178,TKN-SHA256-EC23B1FD,Geoffrey Cheruiyot,ID-HASH-DAF0E1D885,ASSET-FIN,Vehicle & Asset Finance,1595000.00,1007000.00,56000.00,0,STAGE_1_PERFORMING,0.51%,1.9x,NANDI_HILLS
2025-10-31,STR-LN-101179,TKN-SHA256-F4A5FBBE,Mary Siele,ID-HASH-C8004C245E,BOSA-EMG,Emergency Medical Facility,180000.00,49000.00,6500.00,0,STAGE_1_PERFORMING,0.40%,2.3x,KERICHO_CENTRAL
2025-10-31,STR-LN-101180,TKN-SHA256-7178EBAD,Samuel Mutua,ID-HASH-B81AE2500A,AGRI-TEA,Tea & Coffee Farm Development,930000.00,386000.00,32500.00,0,STAGE_1_PERFORMING,0.78%,2.6x,WESTLANDS
2025-10-31,STR-LN-101181,TKN-SHA256-4ED226C6,Jane Wanjiku,ID-HASH-38BDE27A70,BOSA-NRM,Development Loan Normal,3215000.00,605000.00,112500.00,0,STAGE_1_PERFORMING,0.91%,3.9x,UPPER_HILL
2025-10-31,STR-LN-101182,TKN-SHA256-18C89DB2,Lucy Njoroge,ID-HASH-700FC003F4,BOSA-SCH,School Fees Advance,85000.00,22000.00,3000.00,0,STAGE_1_PERFORMING,0.36%,4.3x,HQ_NAIROBI
2025-10-31,STR-LN-101183,TKN-SHA256-FA84A0BC,Geoffrey Hassan,ID-HASH-A466C3C31A,FOSA-ADV,Salary Advance 30D,130000.00,84000.00,4500.00,18,STAGE_1_EARLY_WATCH,3.35%,1.5x,BOMET_BRANCH
2025-10-31,STR-LN-101184,TKN-SHA256-8DC61726,John Sang,ID-HASH-C132FC015B,BOSA-EMG,Emergency Medical Facility,150000.00,64000.00,5500.00,87,STAGE_2_UNDERPERFORMING,9.67%,2.5x,WESTLANDS
2025-10-31,STR-LN-101185,TKN-SHA256-94B0AFCD,Grace Kamau,ID-HASH-CC5E96043E,FOSA-ADV,Salary Advance 30D,100000.00,70000.00,3500.00,0,STAGE_1_PERFORMING,0.50%,0.9x,KERICHO_CENTRAL
2025-10-31,STR-LN-101186,TKN-SHA256-2765AD9C,Philemon Bett,ID-HASH-8DC05E6AF1,BOSA-EMG,Emergency Medical Facility,180000.00,140000.00,6500.00,0,STAGE_1_PERFORMING,0.57%,3.3x,BOMET_BRANCH
2025-10-31,STR-LN-101187,TKN-SHA256-F87343EB,David Njoroge,ID-HASH-617FBBCD2C,BOSA-NRM,Development Loan Normal,1550000.00,1259000.00,54500.00,0,STAGE_1_PERFORMING,0.27%,3.8x,MOMBASA_BR
2025-10-31,STR-LN-101188,TKN-SHA256-DE234FA5,John Gitonga,ID-HASH-778355E469,ASSET-FIN,Vehicle & Asset Finance,2905000.00,2452000.00,101500.00,0,STAGE_1_PERFORMING,0.88%,1.4x,NANDI_HILLS
2025-10-31,STR-LN-101189,TKN-SHA256-11297452,Catherine Kariuki,ID-HASH-BE72E3574A,FOSA-ADV,Salary Advance 30D,100000.00,19000.00,3500.00,0,STAGE_1_PERFORMING,0.16%,1.5x,NANDI_HILLS
2025-10-31,STR-LN-101190,TKN-SHA256-E81F8F80,David Chebet,ID-HASH-3EAA0A1DE3,MSME-WCP,Business Working Capital,1590000.00,1495000.00,55500.00,0,STAGE_1_PERFORMING,0.54%,2.7x,WESTLANDS
2025-10-31,STR-LN-101191,TKN-SHA256-8086BC73,Kiprono Wanjiku,ID-HASH-E8CF5D58AF,BOSA-NRM,Development Loan Normal,1860000.00,1751000.00,65000.00,0,STAGE_1_PERFORMING,0.79%,3.6x,KISUMU_BR
2025-10-31,STR-LN-101192,TKN-SHA256-9C1FB9BA,Bernard Ruto,ID-HASH-11CE5678CE,ASSET-FIN,Vehicle & Asset Finance,2470000.00,704000.00,86500.00,0,STAGE_1_PERFORMING,0.22%,1.1x,NAKURU_BR
2025-10-31,STR-LN-101193,TKN-SHA256-EE6A820E,Beatrice Mwangi,ID-HASH-6198209B18,AGRI-TEA,Tea & Coffee Farm Development,305000.00,123000.00,10500.00,0,STAGE_1_PERFORMING,0.28%,2.1x,HQ_NAIROBI
2025-10-31,STR-LN-101194,TKN-SHA256-D0EEB92E,Wesley Kimani,ID-HASH-35A92B1777,AGRI-TEA,Tea & Coffee Farm Development,895000.00,721000.00,31500.00,0,STAGE_1_PERFORMING,0.28%,3.5x,WESTLANDS
2025-10-31,STR-LN-101195,TKN-SHA256-29808417,Philemon Kimani,ID-HASH-27D4EC74A4,BOSA-NRM,Development Loan Normal,1460000.00,249000.00,51000.00,0,STAGE_1_PERFORMING,0.92%,4.2x,MOMBASA_BR
2025-10-31,STR-LN-101196,TKN-SHA256-8C402BC7,Bernard Wambui,ID-HASH-B25F4D3991,FOSA-ADV,Salary Advance 30D,90000.00,18000.00,3000.00,0,STAGE_1_PERFORMING,0.64%,1.4x,MOMBASA_BR
2025-10-31,STR-LN-101197,TKN-SHA256-4460E1A0,Mercy Achieng,ID-HASH-D2FFD7545E,FOSA-ADV,Salary Advance 30D,50000.00,35000.00,2000.00,0,STAGE_1_PERFORMING,0.93%,1.1x,NAKURU_BR
2025-10-31,STR-LN-101198,TKN-SHA256-07258A97,Emmanuel Korir,ID-HASH-E72584D45F,ASSET-FIN,Vehicle & Asset Finance,3450000.00,1478000.00,121000.00,0,STAGE_1_PERFORMING,0.60%,1.4x,KERICHO_CENTRAL
2025-10-31,STR-LN-101199,TKN-SHA256-0BAEAF92,Peter Chebet,ID-HASH-499145973C,BOSA-NRM,Development Loan Normal,1190000.00,652000.00,41500.00,23,STAGE_1_EARLY_WATCH,4.41%,2.5x,MOMBASA_BR
2025-10-31,STR-LN-101200,TKN-SHA256-22F424E1,Wesley Sang,ID-HASH-9DDAD8FE0D,MSME-WCP,Business Working Capital,1255000.00,882000.00,44000.00,0,STAGE_1_PERFORMING,0.68%,1.7x,KISUMU_BR
2025-10-31,STR-LN-101201,TKN-SHA256-FC39DFE9,Alice Mutua,ID-HASH-1D5B5F1EF6,ASSET-FIN,Vehicle & Asset Finance,3040000.00,1470000.00,106500.00,0,STAGE_1_PERFORMING,0.90%,1.2x,NAKURU_BR
2025-10-31,STR-LN-101202,TKN-SHA256-A2C34E53,Samuel Hassan,ID-HASH-134CE551D2,ASSET-FIN,Vehicle & Asset Finance,2830000.00,2251000.00,99000.00,128,STAGE_3_NON_PERFORMING,27.27%,1.3x,HQ_NAIROBI
2025-10-31,STR-LN-101203,TKN-SHA256-E194362A,John Gitonga,ID-HASH-921CAA22F0,BOSA-SCH,School Fees Advance,95000.00,65000.00,3500.00,0,STAGE_1_PERFORMING,0.43%,4.1x,KISUMU_BR
2025-10-31,STR-LN-101204,TKN-SHA256-C1F88C53,David Gitonga,ID-HASH-AD89C2AF9B,BOSA-NRM,Development Loan Normal,1845000.00,826000.00,64500.00,0,STAGE_1_PERFORMING,0.20%,4.0x,NAKURU_BR
2025-10-31,STR-LN-101205,TKN-SHA256-CD2D7807,Beatrice Langat,ID-HASH-743414AE03,BOSA-EMG,Emergency Medical Facility,220000.00,112000.00,7500.00,0,STAGE_1_PERFORMING,0.20%,3.2x,WESTLANDS
2025-10-31,STR-LN-101206,TKN-SHA256-995F10E3,Grace Gitonga,ID-HASH-B7EBB82D11,BOSA-EMG,Emergency Medical Facility,75000.00,59000.00,2500.00,0,STAGE_1_PERFORMING,0.39%,2.1x,NAKURU_BR
2025-10-31,STR-LN-101207,TKN-SHA256-FC6B1983,David Achieng,ID-HASH-C584565B03,AGRI-TEA,Tea & Coffee Farm Development,385000.00,59000.00,13500.00,0,STAGE_1_PERFORMING,0.83%,2.9x,KISUMU_BR
2025-10-31,STR-LN-101208,TKN-SHA256-8411DA95,Fatuma Korir,ID-HASH-60F85A6C0A,BOSA-NRM,Development Loan Normal,2325000.00,1258000.00,81500.00,0,STAGE_1_PERFORMING,0.37%,3.9x,BOMET_BRANCH
2025-10-31,STR-LN-101209,TKN-SHA256-8E43F4BE,Lucy Mutua,ID-HASH-5E68F9CE25,AGRI-TEA,Tea & Coffee Farm Development,425000.00,356000.00,15000.00,0,STAGE_1_PERFORMING,0.27%,3.0x,KISUMU_BR
2025-10-31,STR-LN-101210,TKN-SHA256-58CF0BEC,Geoffrey Sang,ID-HASH-C66BF7A6D5,MSME-WCP,Business Working Capital,1615000.00,644000.00,56500.00,0,STAGE_1_PERFORMING,0.42%,2.4x,BOMET_BRANCH
2025-10-31,STR-LN-101211,TKN-SHA256-0FE43258,Grace Hassan,ID-HASH-4DF48D7620,FOSA-ADV,Salary Advance 30D,120000.00,83000.00,4000.00,0,STAGE_1_PERFORMING,0.94%,1.4x,KERICHO_CENTRAL
2025-10-31,STR-LN-101212,TKN-SHA256-2F75F7B9,Bernard Ruto,ID-HASH-58F3A8B9E5,FOSA-ADV,Salary Advance 30D,140000.00,69000.00,5000.00,0,STAGE_1_PERFORMING,0.22%,1.1x,NANDI_HILLS
2025-10-31,STR-LN-101213,TKN-SHA256-B151DFC3,Hassan Bett,ID-HASH-A062BA8600,AGRI-TEA,Tea & Coffee Farm Development,430000.00,90000.00,15000.00,0,STAGE_1_PERFORMING,0.85%,3.0x,ELDORET_BR
2025-10-31,STR-LN-101214,TKN-SHA256-9195D122,Fatuma Mutua,ID-HASH-61E606FB78,BOSA-EMG,Emergency Medical Facility,95000.00,78000.00,3500.00,41,STAGE_2_UNDERPERFORMING,7.80%,2.0x,NANDI_HILLS
2025-10-31,STR-LN-101215,TKN-SHA256-3B5B614A,Geoffrey Siele,ID-HASH-F955D6DD76,BOSA-EMG,Emergency Medical Facility,290000.00,86000.00,10000.00,0,STAGE_1_PERFORMING,0.92%,2.5x,NAKURU_BR
2025-10-31,STR-LN-101216,TKN-SHA256-0FDC1FF4,Peter Koech,ID-HASH-0F8A2A4022,ASSET-FIN,Vehicle & Asset Finance,3765000.00,850000.00,132000.00,0,STAGE_1_PERFORMING,0.65%,1.3x,WESTLANDS
2025-10-31,STR-LN-101217,TKN-SHA256-77BFA2A2,Samuel Kiptoo,ID-HASH-4B04F4B262,MSME-WCP,Business Working Capital,1660000.00,924000.00,58000.00,0,STAGE_1_PERFORMING,0.59%,1.6x,NAKURU_BR
2025-10-31,STR-LN-101218,TKN-SHA256-68C0811C,Grace Wambui,ID-HASH-DEBD18BA9B,AGRI-TEA,Tea & Coffee Farm Development,1135000.00,1077000.00,39500.00,0,STAGE_1_PERFORMING,0.78%,3.5x,NANDI_HILLS
2025-10-31,STR-LN-101219,TKN-SHA256-6980FC2E,Tabitha Omondi,ID-HASH-0C2AEF36E0,BOSA-EMG,Emergency Medical Facility,135000.00,48000.00,4500.00,0,STAGE_1_PERFORMING,0.67%,2.8x,ELDORET_BR
2025-10-31,STR-LN-101220,TKN-SHA256-F91BFBCA,Alice Koech,ID-HASH-DB69F06A2B,FOSA-ADV,Salary Advance 30D,35000.00,21000.00,1000.00,0,STAGE_1_PERFORMING,0.58%,1.5x,KISUMU_BR
2025-10-31,STR-LN-101221,TKN-SHA256-65731ED4,Bernard Koech,ID-HASH-02A6C07438,BOSA-NRM,Development Loan Normal,1950000.00,1030000.00,68000.00,19,STAGE_1_EARLY_WATCH,2.48%,4.3x,KISUMU_BR
2025-10-31,STR-LN-101222,TKN-SHA256-14B2B855,Hassan Kimani,ID-HASH-0D88FC4B52,BOSA-SCH,School Fees Advance,210000.00,159000.00,7500.00,0,STAGE_1_PERFORMING,0.47%,3.4x,KERICHO_CENTRAL
2025-10-31,STR-LN-101223,TKN-SHA256-5887E185,Catherine Hassan,ID-HASH-56DDEBEEF8,BOSA-NRM,Development Loan Normal,2380000.00,1447000.00,83500.00,0,STAGE_1_PERFORMING,0.81%,3.4x,NAKURU_BR
2025-10-31,STR-LN-101224,TKN-SHA256-8F2B49DC,Stephen Ochieng,ID-HASH-859637426D,FOSA-ADV,Salary Advance 30D,95000.00,45000.00,3500.00,0,STAGE_1_PERFORMING,0.85%,1.1x,BOMET_BRANCH
2025-10-31,STR-LN-101225,TKN-SHA256-242BC9E6,Dennis Chebet,ID-HASH-1E99B8FCB1,ASSET-FIN,Vehicle & Asset Finance,2620000.00,1377000.00,91500.00,0,STAGE_1_PERFORMING,0.33%,1.4x,BOMET_BRANCH
2025-10-31,STR-LN-101226,TKN-SHA256-1B277833,David Omondi,ID-HASH-B91636FFBB,BOSA-SCH,School Fees Advance,150000.00,118000.00,5500.00,0,STAGE_1_PERFORMING,0.23%,3.7x,MOMBASA_BR
2025-10-31,STR-LN-101227,TKN-SHA256-3DEF2033,Tabitha Kiptoo,ID-HASH-A3C58E0981,BOSA-SCH,School Fees Advance,215000.00,55000.00,7500.00,0,STAGE_1_PERFORMING,0.56%,3.5x,MOMBASA_BR
2025-10-31,STR-LN-101228,TKN-SHA256-C0A5F02A,Lucy Njoroge,ID-HASH-EE46A2C9C5,FOSA-ADV,Salary Advance 30D,70000.00,64000.00,2500.00,0,STAGE_1_PERFORMING,0.55%,1.6x,NAKURU_BR
2025-10-31,STR-LN-101229,TKN-SHA256-CB1E5234,Alice Mwangi,ID-HASH-FB1146C894,BOSA-EMG,Emergency Medical Facility,260000.00,123000.00,9000.00,0,STAGE_1_PERFORMING,0.64%,2.0x,UPPER_HILL
2025-10-31,STR-LN-101230,TKN-SHA256-31570B9D,Mary Mutua,ID-HASH-4BC5238D14,MSME-WCP,Business Working Capital,470000.00,294000.00,16500.00,0,STAGE_1_PERFORMING,0.82%,2.3x,NANDI_HILLS
2025-10-31,STR-LN-101231,TKN-SHA256-492A012C,Hassan Njoroge,ID-HASH-659D4D120F,BOSA-EMG,Emergency Medical Facility,180000.00,89000.00,6500.00,4,STAGE_1_EARLY_WATCH,1.82%,2.8x,HQ_NAIROBI
2025-10-31,STR-LN-101232,TKN-SHA256-E4AA8B43,Catherine Cheruiyot,ID-HASH-B71A209C02,AGRI-TEA,Tea & Coffee Farm Development,220000.00,133000.00,7500.00,0,STAGE_1_PERFORMING,0.40%,3.7x,KISUMU_BR
2025-10-31,STR-LN-101233,TKN-SHA256-057156B1,Dennis Njoroge,ID-HASH-0346EE6C8E,BOSA-SCH,School Fees Advance,140000.00,130000.00,5000.00,0,STAGE_1_PERFORMING,0.69%,3.9x,NANDI_HILLS
2025-10-31,STR-LN-101234,TKN-SHA256-90FDB68A,Gladys Koech,ID-HASH-9619451A4B,BOSA-NRM,Development Loan Normal,2980000.00,1207000.00,104500.00,0,STAGE_1_PERFORMING,0.18%,2.4x,NAKURU_BR
2025-10-31,STR-LN-101235,TKN-SHA256-81A7DAEA,Samuel Kariuki,ID-HASH-A39F37BC76,FOSA-ADV,Salary Advance 30D,85000.00,41000.00,3000.00,0,STAGE_1_PERFORMING,0.74%,1.5x,UPPER_HILL
2025-10-31,STR-LN-101236,TKN-SHA256-1C9F0C7D,Hassan Njoroge,ID-HASH-4271EB791F,BOSA-SCH,School Fees Advance,245000.00,47000.00,8500.00,0,STAGE_1_PERFORMING,0.23%,4.8x,KISUMU_BR
2025-10-31,STR-LN-101237,TKN-SHA256-E17648B1,Fatuma Langat,ID-HASH-AB7F957076,FOSA-ADV,Salary Advance 30D,75000.00,49000.00,2500.00,0,STAGE_1_PERFORMING,0.72%,1.6x,WESTLANDS
2025-10-31,STR-LN-101238,TKN-SHA256-E087B6F8,Geoffrey Koech,ID-HASH-6D2E2EA8B0,BOSA-SCH,School Fees Advance,120000.00,52000.00,4000.00,0,STAGE_1_PERFORMING,0.20%,3.4x,KERICHO_CENTRAL
2025-10-31,STR-LN-101239,TKN-SHA256-8F2835AB,Peter Sang,ID-HASH-BDDDF1A6AB,BOSA-SCH,School Fees Advance,85000.00,69000.00,3000.00,0,STAGE_1_PERFORMING,0.78%,3.9x,BOMET_BRANCH
2025-10-31,STR-LN-101240,TKN-SHA256-1DA8739D,Stephen Bett,ID-HASH-358F1DC73D,BOSA-SCH,School Fees Advance,170000.00,72000.00,6000.00,0,STAGE_1_PERFORMING,0.33%,3.0x,UPPER_HILL
2025-10-31,STR-LN-101241,TKN-SHA256-79F3FFFD,Geoffrey Sang,ID-HASH-1B809BBAC3,ASSET-FIN,Vehicle & Asset Finance,3290000.00,2558000.00,115000.00,0,STAGE_1_PERFORMING,0.37%,1.9x,BOMET_BRANCH
2025-10-31,STR-LN-101242,TKN-SHA256-719FC9BF,Mercy Kimani,ID-HASH-8A558F7D39,AGRI-TEA,Tea & Coffee Farm Development,1015000.00,270000.00,35500.00,0,STAGE_1_PERFORMING,0.41%,2.4x,WESTLANDS
2025-10-31,STR-LN-101243,TKN-SHA256-0A593753,Catherine Kamau,ID-HASH-F6D6F2AC71,ASSET-FIN,Vehicle & Asset Finance,1865000.00,307000.00,65500.00,0,STAGE_1_PERFORMING,0.57%,1.2x,UPPER_HILL
2025-10-31,STR-LN-101244,TKN-SHA256-05F5DA12,James Rono,ID-HASH-461A0160C8,FOSA-ADV,Salary Advance 30D,35000.00,27000.00,1000.00,0,STAGE_1_PERFORMING,0.24%,1.1x,WESTLANDS
2025-10-31,STR-LN-101245,TKN-SHA256-E6725B55,Peter Mutua,ID-HASH-5EA57461CB,BOSA-SCH,School Fees Advance,220000.00,131000.00,7500.00,0,STAGE_1_PERFORMING,0.19%,4.8x,WESTLANDS
2025-10-31,STR-LN-101246,TKN-SHA256-9942A0FB,John Ali,ID-HASH-4FAA5E8489,FOSA-ADV,Salary Advance 30D,130000.00,67000.00,4500.00,21,STAGE_1_EARLY_WATCH,4.43%,1.3x,BOMET_BRANCH
2025-10-31,STR-LN-101247,TKN-SHA256-5B6CF5D3,Emmanuel Kimani,ID-HASH-100E3CB19E,ASSET-FIN,Vehicle & Asset Finance,3840000.00,2767000.00,134500.00,0,STAGE_1_PERFORMING,0.26%,1.5x,WESTLANDS
2025-10-31,STR-LN-101248,TKN-SHA256-BE803641,Peter Bett,ID-HASH-F9FC9679D0,MSME-WCP,Business Working Capital,720000.00,180000.00,25000.00,0,STAGE_1_PERFORMING,0.84%,2.6x,KERICHO_CENTRAL
2025-10-31,STR-LN-101249,TKN-SHA256-CE31291B,John Bett,ID-HASH-4D7DD271B5,BOSA-SCH,School Fees Advance,55000.00,18000.00,2000.00,0,STAGE_1_PERFORMING,0.34%,3.4x,UPPER_HILL
2025-10-31,STR-LN-101250,TKN-SHA256-228860A5,Catherine Ali,ID-HASH-B89998C5A1,BOSA-SCH,School Fees Advance,250000.00,40000.00,9000.00,0,STAGE_1_PERFORMING,0.42%,3.0x,BOMET_BRANCH
2025-10-31,STR-LN-101251,TKN-SHA256-3F6750C3,Stephen Siele,ID-HASH-3D13ABFF1C,BOSA-SCH,School Fees Advance,235000.00,217000.00,8000.00,0,STAGE_1_PERFORMING,0.29%,3.3x,KERICHO_CENTRAL
2025-10-31,STR-LN-101252,TKN-SHA256-0187E640,Mary Wanjiku,ID-HASH-2C2BE347A6,AGRI-TEA,Tea & Coffee Farm Development,360000.00,119000.00,12500.00,0,STAGE_1_PERFORMING,0.86%,2.9x,NANDI_HILLS
2025-10-31,STR-LN-101253,TKN-SHA256-B7A1B345,Catherine Bett,ID-HASH-B1FC1702CA,ASSET-FIN,Vehicle & Asset Finance,2885000.00,1831000.00,101000.00,0,STAGE_1_PERFORMING,0.90%,2.0x,UPPER_HILL
2025-10-31,STR-LN-101254,TKN-SHA256-F9859C65,Jane Wanjiku,ID-HASH-B1608F6590,ASSET-FIN,Vehicle & Asset Finance,4645000.00,3545000.00,162500.00,0,STAGE_1_PERFORMING,0.25%,1.8x,BOMET_BRANCH
2025-10-31,STR-LN-101255,TKN-SHA256-243B5BC0,Emmanuel Wambui,ID-HASH-4F342DAEF0,BOSA-EMG,Emergency Medical Facility,90000.00,30000.00,3000.00,0,STAGE_1_PERFORMING,0.28%,2.9x,UPPER_HILL
2025-10-31,STR-LN-101256,TKN-SHA256-04A85F45,Samuel Sang,ID-HASH-7D89B27013,FOSA-ADV,Salary Advance 30D,45000.00,13000.00,1500.00,0,STAGE_1_PERFORMING,0.52%,1.2x,NANDI_HILLS
2025-10-31,STR-LN-101257,TKN-SHA256-1A627E75,Fatuma Langat,ID-HASH-BA4CF4978F,BOSA-NRM,Development Loan Normal,1520000.00,765000.00,53000.00,7,STAGE_1_EARLY_WATCH,4.15%,2.7x,HQ_NAIROBI
2025-10-31,STR-LN-101258,TKN-SHA256-31132287,Mercy Kamau,ID-HASH-96A238A036,ASSET-FIN,Vehicle & Asset Finance,4015000.00,2545000.00,140500.00,0,STAGE_1_PERFORMING,0.53%,1.3x,WESTLANDS
2025-10-31,STR-LN-101259,TKN-SHA256-635FABE2,Grace Wambui,ID-HASH-E6974C0D2A,ASSET-FIN,Vehicle & Asset Finance,3790000.00,1229000.00,132500.00,0,STAGE_1_PERFORMING,0.75%,2.0x,UPPER_HILL
2025-10-31,STR-LN-101260,TKN-SHA256-5B5AD58D,John Achieng,ID-HASH-ECE18FBC07,BOSA-NRM,Development Loan Normal,1015000.00,168000.00,35500.00,0,STAGE_1_PERFORMING,0.50%,2.9x,KERICHO_CENTRAL
2025-10-31,STR-LN-101261,TKN-SHA256-6F621AE8,Emmanuel Bett,ID-HASH-E68249B34D,AGRI-TEA,Tea & Coffee Farm Development,480000.00,138000.00,17000.00,31,STAGE_2_UNDERPERFORMING,5.54%,3.3x,KERICHO_CENTRAL
2025-10-31,STR-LN-101262,TKN-SHA256-1C60FDBF,Samuel Achieng,ID-HASH-06867E95E5,BOSA-SCH,School Fees Advance,90000.00,50000.00,3000.00,0,STAGE_1_PERFORMING,0.74%,2.9x,ELDORET_BR
2025-10-31,STR-LN-101263,TKN-SHA256-B229D35B,Dennis Korir,ID-HASH-9D4F26FA77,AGRI-TEA,Tea & Coffee Farm Development,1080000.00,356000.00,38000.00,0,STAGE_1_PERFORMING,0.36%,3.5x,KISUMU_BR
2025-10-31,STR-LN-101264,TKN-SHA256-0B7FF25F,Wesley Rono,ID-HASH-8E7FE591CD,BOSA-NRM,Development Loan Normal,1845000.00,1592000.00,64500.00,0,STAGE_1_PERFORMING,0.62%,3.7x,KERICHO_CENTRAL
2025-10-31,STR-LN-101265,TKN-SHA256-7BCF1838,Geoffrey Sang,ID-HASH-131CEDA05B,FOSA-ADV,Salary Advance 30D,125000.00,59000.00,4500.00,0,STAGE_1_PERFORMING,0.49%,1.3x,HQ_NAIROBI
2025-10-31,STR-LN-101266,TKN-SHA256-8F720DBF,Mary Otieno,ID-HASH-567D867784,BOSA-NRM,Development Loan Normal,2825000.00,518000.00,99000.00,0,STAGE_1_PERFORMING,0.51%,3.4x,KISUMU_BR
2025-10-31,STR-LN-101267,TKN-SHA256-17C0C36F,Cosmas Omondi,ID-HASH-685DB4F9C3,BOSA-EMG,Emergency Medical Facility,125000.00,51000.00,4500.00,0,STAGE_1_PERFORMING,0.27%,3.1x,KERICHO_CENTRAL
2025-10-31,STR-LN-101268,TKN-SHA256-DD8AC3F9,Jane Kamau,ID-HASH-57E3AF22CD,ASSET-FIN,Vehicle & Asset Finance,2750000.00,873000.00,96500.00,18,STAGE_1_EARLY_WATCH,2.29%,1.9x,HQ_NAIROBI
2025-10-31,STR-LN-101269,TKN-SHA256-B15784FD,John Siele,ID-HASH-E18DA73132,ASSET-FIN,Vehicle & Asset Finance,1295000.00,665000.00,45500.00,0,STAGE_1_PERFORMING,0.88%,1.1x,BOMET_BRANCH
2025-10-31,STR-LN-101270,TKN-SHA256-CE5B36DD,James Wambui,ID-HASH-AAAE3587AE,BOSA-NRM,Development Loan Normal,3050000.00,2137000.00,107000.00,0,STAGE_1_PERFORMING,0.74%,3.8x,UPPER_HILL
2025-10-31,STR-LN-101271,TKN-SHA256-65E79C5B,Fatuma Wanjiku,ID-HASH-A99FDF0EB2,MSME-WCP,Business Working Capital,760000.00,282000.00,26500.00,0,STAGE_1_PERFORMING,0.39%,1.7x,NANDI_HILLS
2025-10-31,STR-LN-101272,TKN-SHA256-1B13A1CD,Emmanuel Hassan,ID-HASH-371C9C75C5,AGRI-TEA,Tea & Coffee Farm Development,765000.00,629000.00,27000.00,74,STAGE_2_UNDERPERFORMING,14.19%,3.4x,KISUMU_BR
2025-10-31,STR-LN-101273,TKN-SHA256-5D5B87BC,Philemon Kiptoo,ID-HASH-B2FD92CB79,BOSA-NRM,Development Loan Normal,3080000.00,2411000.00,108000.00,0,STAGE_1_PERFORMING,0.67%,3.0x,MOMBASA_BR
2025-10-31,STR-LN-101274,TKN-SHA256-A113C4AC,Jane Hassan,ID-HASH-1B2C69ED1F,MSME-WCP,Business Working Capital,720000.00,250000.00,25000.00,0,STAGE_1_PERFORMING,0.66%,2.5x,MOMBASA_BR
2025-10-31,STR-LN-101275,TKN-SHA256-46C434C0,Catherine Otieno,ID-HASH-6807C9EB59,BOSA-EMG,Emergency Medical Facility,205000.00,70000.00,7000.00,0,STAGE_1_PERFORMING,0.30%,3.0x,KISUMU_BR
2025-10-31,STR-LN-101276,TKN-SHA256-60C34304,Peter Wambui,ID-HASH-D9668CC205,MSME-WCP,Business Working Capital,1240000.00,413000.00,43500.00,0,STAGE_1_PERFORMING,0.43%,1.6x,MOMBASA_BR
2025-10-31,STR-LN-101277,TKN-SHA256-2DDC5C20,Peter Bett,ID-HASH-5CDEECE5B2,BOSA-EMG,Emergency Medical Facility,245000.00,106000.00,8500.00,0,STAGE_1_PERFORMING,0.46%,2.0x,BOMET_BRANCH
2025-10-31,STR-LN-101278,TKN-SHA256-BEB3E586,Jane Korir,ID-HASH-37238C3DE7,FOSA-ADV,Salary Advance 30D,120000.00,51000.00,4000.00,0,STAGE_1_PERFORMING,0.24%,1.2x,MOMBASA_BR
2025-10-31,STR-LN-101279,TKN-SHA256-4969C7A7,Lucy Wambui,ID-HASH-DBF0F9B5C4,FOSA-ADV,Salary Advance 30D,55000.00,41000.00,2000.00,27,STAGE_1_EARLY_WATCH,3.96%,1.4x,BOMET_BRANCH
2025-10-31,STR-LN-101280,TKN-SHA256-D30CD7A6,Gladys Bett,ID-HASH-7A1E460B52,MSME-WCP,Business Working Capital,1000000.00,722000.00,35000.00,0,STAGE_1_PERFORMING,0.42%,1.8x,HQ_NAIROBI
2025-10-31,STR-LN-101281,TKN-SHA256-4492F7D2,Gladys Mutua,ID-HASH-49F6D413C8,BOSA-NRM,Development Loan Normal,3340000.00,709000.00,117000.00,0,STAGE_1_PERFORMING,0.65%,4.0x,UPPER_HILL
2025-10-31,STR-LN-101282,TKN-SHA256-E4A48500,Bernard Korir,ID-HASH-B965B93FE6,ASSET-FIN,Vehicle & Asset Finance,3550000.00,1024000.00,124500.00,0,STAGE_1_PERFORMING,0.40%,1.8x,HQ_NAIROBI
2025-10-31,STR-LN-101283,TKN-SHA256-03E9EFED,Mercy Ruto,ID-HASH-DC58BF4122,FOSA-ADV,Salary Advance 30D,85000.00,69000.00,3000.00,0,STAGE_1_PERFORMING,0.37%,1.3x,UPPER_HILL
2025-10-31,STR-LN-101284,TKN-SHA256-C3CBC69A,James Ali,ID-HASH-AAF5832D4C,MSME-WCP,Business Working Capital,215000.00,86000.00,7500.00,0,STAGE_1_PERFORMING,0.26%,1.7x,NANDI_HILLS
2025-10-31,STR-LN-101285,TKN-SHA256-B316F428,Kiprono Korir,ID-HASH-E9FFB8AC7C,BOSA-EMG,Emergency Medical Facility,135000.00,101000.00,4500.00,0,STAGE_1_PERFORMING,0.75%,2.3x,ELDORET_BR
2025-10-31,STR-LN-101286,TKN-SHA256-941D309A,David Koech,ID-HASH-9D29E7B8F7,BOSA-SCH,School Fees Advance,230000.00,158000.00,8000.00,0,STAGE_1_PERFORMING,0.46%,3.4x,KERICHO_CENTRAL
2025-10-31,STR-LN-101287,TKN-SHA256-F2867956,Wesley Achieng,ID-HASH-D7CBEF177B,BOSA-EMG,Emergency Medical Facility,265000.00,203000.00,9500.00,0,STAGE_1_PERFORMING,0.58%,3.2x,KISUMU_BR
2025-10-31,STR-LN-101288,TKN-SHA256-84C2CCBF,Beatrice Kimani,ID-HASH-A25CF6759E,AGRI-TEA,Tea & Coffee Farm Development,320000.00,221000.00,11000.00,0,STAGE_1_PERFORMING,0.58%,3.7x,NANDI_HILLS
2025-10-31,STR-LN-101289,TKN-SHA256-943653E8,Cosmas Kariuki,ID-HASH-28E3827F52,AGRI-TEA,Tea & Coffee Farm Development,1070000.00,324000.00,37500.00,0,STAGE_1_PERFORMING,0.47%,2.2x,UPPER_HILL
2025-10-31,STR-LN-101290,TKN-SHA256-82ABD36D,Beatrice Achieng,ID-HASH-CB0B660927,BOSA-SCH,School Fees Advance,215000.00,198000.00,7500.00,180,STAGE_3_NON_PERFORMING,18.85%,4.1x,HQ_NAIROBI
2025-10-31,STR-LN-101291,TKN-SHA256-60AAE6F0,Kiprono Wambui,ID-HASH-C45B22DBCB,AGRI-TEA,Tea & Coffee Farm Development,985000.00,186000.00,34500.00,0,STAGE_1_PERFORMING,0.38%,3.4x,KISUMU_BR
2025-10-31,STR-LN-101292,TKN-SHA256-1D5980A4,Cosmas Bett,ID-HASH-D71A8D1D1E,ASSET-FIN,Vehicle & Asset Finance,3115000.00,2768000.00,109000.00,41,STAGE_2_UNDERPERFORMING,10.31%,1.9x,NAKURU_BR
2025-10-31,STR-LN-101293,TKN-SHA256-B1F82FD0,John Kariuki,ID-HASH-1F29ECDF67,BOSA-NRM,Development Loan Normal,790000.00,690000.00,27500.00,0,STAGE_1_PERFORMING,0.32%,3.7x,NANDI_HILLS
2025-10-31,STR-LN-101294,TKN-SHA256-449594DC,Peter Ochieng,ID-HASH-9365C41C87,AGRI-TEA,Tea & Coffee Farm Development,1105000.00,400000.00,38500.00,0,STAGE_1_PERFORMING,0.91%,2.9x,NAKURU_BR
2025-10-31,STR-LN-101295,TKN-SHA256-AB4B6D2D,Hassan Njoroge,ID-HASH-4516806C38,BOSA-EMG,Emergency Medical Facility,245000.00,140000.00,8500.00,0,STAGE_1_PERFORMING,0.35%,2.8x,KERICHO_CENTRAL
2025-10-31,STR-LN-101296,TKN-SHA256-7C428CFC,Cosmas Achieng,ID-HASH-2210A7EF14,BOSA-NRM,Development Loan Normal,2165000.00,895000.00,76000.00,0,STAGE_1_PERFORMING,0.15%,3.4x,KISUMU_BR
2025-10-31,STR-LN-101297,TKN-SHA256-8C7AB6AB,Lucy Mutua,ID-HASH-B11228EDAA,BOSA-NRM,Development Loan Normal,3435000.00,2520000.00,120000.00,0,STAGE_1_PERFORMING,0.52%,3.4x,BOMET_BRANCH
2025-10-31,STR-LN-101298,TKN-SHA256-F157B1D2,David Bett,ID-HASH-50B18B72F1,AGRI-TEA,Tea & Coffee Farm Development,930000.00,630000.00,32500.00,0,STAGE_1_PERFORMING,0.89%,2.2x,UPPER_HILL
2025-10-31,STR-LN-101299,TKN-SHA256-5840B421,Jane Bett,ID-HASH-8EE3009909,BOSA-NRM,Development Loan Normal,2810000.00,625000.00,98500.00,0,STAGE_1_PERFORMING,0.75%,2.8x,ELDORET_BR
2025-10-31,STR-LN-101300,TKN-SHA256-C894E950,Fatuma Korir,ID-HASH-008C56B1F8,ASSET-FIN,Vehicle & Asset Finance,2135000.00,739000.00,74500.00,0,STAGE_1_PERFORMING,0.58%,1.3x,UPPER_HILL
2025-10-31,STR-LN-101301,TKN-SHA256-C5C81231,Fatuma Hassan,ID-HASH-A792819C57,FOSA-ADV,Salary Advance 30D,35000.00,26000.00,1000.00,0,STAGE_1_PERFORMING,0.41%,1.1x,WESTLANDS
2025-10-31,STR-LN-101302,TKN-SHA256-2BB6D154,Mercy Ochieng,ID-HASH-BA537B98CE,AGRI-TEA,Tea & Coffee Farm Development,485000.00,236000.00,17000.00,0,STAGE_1_PERFORMING,0.20%,3.4x,ELDORET_BR
2025-10-31,STR-LN-101303,TKN-SHA256-BCCC2566,Wesley Chebet,ID-HASH-53D810B1A1,MSME-WCP,Business Working Capital,1395000.00,988000.00,49000.00,167,STAGE_3_NON_PERFORMING,39.11%,2.2x,KISUMU_BR
2025-10-31,STR-LN-101304,TKN-SHA256-B0D0ACA9,Alice Kiptoo,ID-HASH-905212D0B1,BOSA-SCH,School Fees Advance,110000.00,61000.00,4000.00,0,STAGE_1_PERFORMING,0.59%,3.0x,ELDORET_BR
2025-10-31,STR-LN-101305,TKN-SHA256-B3522CD5,Cosmas Ruto,ID-HASH-5DE5CCDE67,BOSA-NRM,Development Loan Normal,2960000.00,1606000.00,103500.00,0,STAGE_1_PERFORMING,0.58%,2.6x,ELDORET_BR
2025-10-31,STR-LN-101306,TKN-SHA256-37EA5E57,Samuel Wanjiku,ID-HASH-CE157A8EB0,AGRI-TEA,Tea & Coffee Farm Development,1125000.00,950000.00,39500.00,0,STAGE_1_PERFORMING,0.92%,2.2x,WESTLANDS
2025-10-31,STR-LN-101307,TKN-SHA256-7E1A55CD,Catherine Ruto,ID-HASH-4DABF2712C,BOSA-NRM,Development Loan Normal,2400000.00,1957000.00,84000.00,0,STAGE_1_PERFORMING,0.20%,2.5x,HQ_NAIROBI
2025-10-31,STR-LN-101308,TKN-SHA256-827AA564,Mercy Achieng,ID-HASH-90A917A23F,ASSET-FIN,Vehicle & Asset Finance,4345000.00,2561000.00,152000.00,0,STAGE_1_PERFORMING,0.82%,1.6x,KERICHO_CENTRAL
2025-10-31,STR-LN-101309,TKN-SHA256-72839EEB,Jane Kimani,ID-HASH-2A235B4A4A,BOSA-EMG,Emergency Medical Facility,185000.00,112000.00,6500.00,0,STAGE_1_PERFORMING,0.53%,3.1x,UPPER_HILL
2025-10-31,STR-LN-101310,TKN-SHA256-BFA9F965,Wesley Mwangi,ID-HASH-23D31BF65B,MSME-WCP,Business Working Capital,800000.00,491000.00,28000.00,11,STAGE_1_EARLY_WATCH,2.62%,1.7x,UPPER_HILL
2025-10-31,STR-LN-101311,TKN-SHA256-A15CF7FE,Fatuma Omondi,ID-HASH-351A5781CE,AGRI-TEA,Tea & Coffee Farm Development,1035000.00,248000.00,36000.00,0,STAGE_1_PERFORMING,0.81%,2.5x,BOMET_BRANCH
2025-10-31,STR-LN-101312,TKN-SHA256-1C76EF94,Beatrice Langat,ID-HASH-2591B1A91A,ASSET-FIN,Vehicle & Asset Finance,3075000.00,1464000.00,107500.00,0,STAGE_1_PERFORMING,0.83%,1.5x,ELDORET_BR
2025-10-31,STR-LN-101313,TKN-SHA256-9B9E201C,Bernard Kimani,ID-HASH-DC547AE5A4,BOSA-SCH,School Fees Advance,185000.00,87000.00,6500.00,0,STAGE_1_PERFORMING,0.73%,3.0x,KISUMU_BR
2025-10-31,STR-LN-101314,TKN-SHA256-9CE13642,Catherine Omondi,ID-HASH-9D0B190198,AGRI-TEA,Tea & Coffee Farm Development,435000.00,160000.00,15000.00,6,STAGE_1_EARLY_WATCH,2.83%,3.5x,WESTLANDS
2025-10-31,STR-LN-101315,TKN-SHA256-1CC72649,Kiprono Siele,ID-HASH-EC3409486E,BOSA-SCH,School Fees Advance,130000.00,21000.00,4500.00,0,STAGE_1_PERFORMING,0.22%,5.0x,ELDORET_BR
2025-10-31,STR-LN-101316,TKN-SHA256-CCF3F55A,Emmanuel Chebet,ID-HASH-BFEC670C6D,BOSA-EMG,Emergency Medical Facility,70000.00,64000.00,2500.00,0,STAGE_1_PERFORMING,0.36%,2.4x,KERICHO_CENTRAL
2025-10-31,STR-LN-101317,TKN-SHA256-6159C260,Peter Wanjiku,ID-HASH-E0E4610999,FOSA-ADV,Salary Advance 30D,35000.00,24000.00,1000.00,0,STAGE_1_PERFORMING,0.68%,1.5x,KERICHO_CENTRAL
2025-10-31,STR-LN-101318,TKN-SHA256-A03E673D,Cosmas Achieng,ID-HASH-D0DFFF3665,ASSET-FIN,Vehicle & Asset Finance,1615000.00,470000.00,56500.00,0,STAGE_1_PERFORMING,0.85%,1.6x,NANDI_HILLS
2025-10-31,STR-LN-101319,TKN-SHA256-6A65549A,John Kamau,ID-HASH-8BFFA6CEF1,AGRI-TEA,Tea & Coffee Farm Development,575000.00,493000.00,20000.00,0,STAGE_1_PERFORMING,0.75%,3.7x,BOMET_BRANCH
2025-10-31,STR-LN-101320,TKN-SHA256-BC56EAD0,Lucy Njoroge,ID-HASH-6BA36FF4CD,ASSET-FIN,Vehicle & Asset Finance,2560000.00,1162000.00,89500.00,0,STAGE_1_PERFORMING,0.75%,2.0x,NAKURU_BR
2025-10-31,STR-LN-101321,TKN-SHA256-C84F6442,Grace Kamau,ID-HASH-A5FF253B12,ASSET-FIN,Vehicle & Asset Finance,3480000.00,1960000.00,122000.00,0,STAGE_1_PERFORMING,0.60%,1.2x,MOMBASA_BR
2025-10-31,STR-LN-101322,TKN-SHA256-DF6FEB3E,John Ochieng,ID-HASH-0B9BB6CB31,AGRI-TEA,Tea & Coffee Farm Development,1115000.00,357000.00,39000.00,0,STAGE_1_PERFORMING,0.27%,3.8x,ELDORET_BR
2025-10-31,STR-LN-101323,TKN-SHA256-9D39C30D,Fatuma Chebet,ID-HASH-F353AA478E,BOSA-SCH,School Fees Advance,55000.00,30000.00,2000.00,0,STAGE_1_PERFORMING,0.32%,4.6x,BOMET_BRANCH
2025-10-31,STR-LN-101324,TKN-SHA256-E9E620B9,James Otieno,ID-HASH-86DA491A20,BOSA-EMG,Emergency Medical Facility,295000.00,68000.00,10500.00,0,STAGE_1_PERFORMING,0.59%,1.9x,HQ_NAIROBI
2025-10-31,STR-LN-101325,TKN-SHA256-9AEDB91E,Catherine Rono,ID-HASH-3FD4338F60,BOSA-NRM,Development Loan Normal,2905000.00,872000.00,101500.00,0,STAGE_1_PERFORMING,0.59%,4.1x,NANDI_HILLS
2025-10-31,STR-LN-101326,TKN-SHA256-0EFE16BA,David Wambui,ID-HASH-6F02AD9C8F,FOSA-ADV,Salary Advance 30D,145000.00,78000.00,5000.00,0,STAGE_1_PERFORMING,0.34%,1.1x,MOMBASA_BR
2025-10-31,STR-LN-101327,TKN-SHA256-94F0E2A6,Samuel Kiptoo,ID-HASH-EBAB428FEA,AGRI-TEA,Tea & Coffee Farm Development,575000.00,363000.00,20000.00,163,STAGE_3_NON_PERFORMING,37.59%,2.1x,NANDI_HILLS
2025-10-31,STR-LN-101328,TKN-SHA256-CD3C03F8,Gladys Hassan,ID-HASH-B900469313,BOSA-SCH,School Fees Advance,60000.00,13000.00,2000.00,19,STAGE_1_EARLY_WATCH,3.15%,4.2x,KISUMU_BR
2025-10-31,STR-LN-101329,TKN-SHA256-E4B72D04,Cosmas Njoroge,ID-HASH-CE43F30827,BOSA-EMG,Emergency Medical Facility,230000.00,168000.00,8000.00,0,STAGE_1_PERFORMING,0.84%,2.0x,HQ_NAIROBI
2025-10-31,STR-LN-101330,TKN-SHA256-B316127C,Kiprono Kiptoo,ID-HASH-F9C4B27CEE,MSME-WCP,Business Working Capital,860000.00,261000.00,30000.00,0,STAGE_1_PERFORMING,0.70%,2.6x,NAKURU_BR
2025-10-31,STR-LN-101331,TKN-SHA256-23190BF7,Jane Otieno,ID-HASH-70692CF2BC,BOSA-EMG,Emergency Medical Facility,210000.00,189000.00,7500.00,0,STAGE_1_PERFORMING,0.55%,1.9x,NAKURU_BR
2025-10-31,STR-LN-101332,TKN-SHA256-AE1C941F,Catherine Chebet,ID-HASH-4FCD0CD54D,ASSET-FIN,Vehicle & Asset Finance,1415000.00,475000.00,49500.00,0,STAGE_1_PERFORMING,0.22%,1.1x,WESTLANDS
2025-10-31,STR-LN-101333,TKN-SHA256-F18385FF,Mary Sang,ID-HASH-9E2A91E343,AGRI-TEA,Tea & Coffee Farm Development,935000.00,735000.00,32500.00,0,STAGE_1_PERFORMING,0.60%,3.1x,MOMBASA_BR
2025-10-31,STR-LN-101334,TKN-SHA256-83309F61,Dennis Cheruiyot,ID-HASH-EE67A898BA,MSME-WCP,Business Working Capital,1545000.00,523000.00,54000.00,21,STAGE_1_EARLY_WATCH,4.01%,2.6x,NANDI_HILLS
2025-10-31,STR-LN-101335,TKN-SHA256-A59F9002,Beatrice Wanjiku,ID-HASH-852376FF63,ASSET-FIN,Vehicle & Asset Finance,4655000.00,3923000.00,163000.00,0,STAGE_1_PERFORMING,0.68%,1.3x,BOMET_BRANCH
2025-10-31,STR-LN-101336,TKN-SHA256-0BDF4C5D,Emmanuel Otieno,ID-HASH-384C9B04F0,AGRI-TEA,Tea & Coffee Farm Development,285000.00,189000.00,10000.00,0,STAGE_1_PERFORMING,0.51%,3.1x,KERICHO_CENTRAL
2025-10-31,STR-LN-101337,TKN-SHA256-4303AFEC,Stephen Ali,ID-HASH-E9BB0CE51B,FOSA-ADV,Salary Advance 30D,140000.00,24000.00,5000.00,0,STAGE_1_PERFORMING,0.52%,1.6x,NAKURU_BR
2025-10-31,STR-LN-101338,TKN-SHA256-BFE5BE45,Kiprono Kiptoo,ID-HASH-AC2897A64F,MSME-WCP,Business Working Capital,1035000.00,983000.00,36000.00,0,STAGE_1_PERFORMING,0.54%,1.7x,KISUMU_BR
2025-10-31,STR-LN-101339,TKN-SHA256-EB54CB5C,Hassan Kariuki,ID-HASH-518425AB9D,BOSA-EMG,Emergency Medical Facility,85000.00,41000.00,3000.00,0,STAGE_1_PERFORMING,0.49%,3.0x,KISUMU_BR
2025-10-31,STR-LN-101340,TKN-SHA256-AFFE169C,Hassan Langat,ID-HASH-C61EE85058,AGRI-TEA,Tea & Coffee Farm Development,435000.00,375000.00,15000.00,0,STAGE_1_PERFORMING,0.84%,3.1x,BOMET_BRANCH
2025-10-31,STR-LN-101341,TKN-SHA256-039BF7A1,Hassan Hassan,ID-HASH-E6C03ED6EB,BOSA-EMG,Emergency Medical Facility,55000.00,44000.00,2000.00,0,STAGE_1_PERFORMING,0.51%,1.9x,KERICHO_CENTRAL
2025-10-31,STR-LN-101342,TKN-SHA256-ECD766F8,Emmanuel Ali,ID-HASH-21119B5025,MSME-WCP,Business Working Capital,980000.00,609000.00,34500.00,13,STAGE_1_EARLY_WATCH,2.77%,2.3x,UPPER_HILL
2025-10-31,STR-LN-101343,TKN-SHA256-9B3B50FD,Lucy Kariuki,ID-HASH-A93EAF425F,ASSET-FIN,Vehicle & Asset Finance,1695000.00,1506000.00,59500.00,0,STAGE_1_PERFORMING,0.51%,1.4x,NANDI_HILLS
2025-10-31,STR-LN-101344,TKN-SHA256-F16D1FEF,David Gitonga,ID-HASH-918B19A236,FOSA-ADV,Salary Advance 30D,140000.00,89000.00,5000.00,0,STAGE_1_PERFORMING,0.17%,1.5x,MOMBASA_BR
2025-10-31,STR-LN-101345,TKN-SHA256-EDF0B623,Bernard Chebet,ID-HASH-54A68B3EF9,BOSA-NRM,Development Loan Normal,2615000.00,1945000.00,91500.00,0,STAGE_1_PERFORMING,0.34%,3.3x,UPPER_HILL
2025-10-31,STR-LN-101346,TKN-SHA256-A78E1A7C,Beatrice Koech,ID-HASH-E64555D65B,FOSA-ADV,Salary Advance 30D,80000.00,45000.00,3000.00,0,STAGE_1_PERFORMING,0.82%,1.5x,ELDORET_BR
2025-10-31,STR-LN-101347,TKN-SHA256-2FC12946,Cosmas Kamau,ID-HASH-F3E2A86714,ASSET-FIN,Vehicle & Asset Finance,2055000.00,1242000.00,72000.00,0,STAGE_1_PERFORMING,0.94%,1.9x,KERICHO_CENTRAL
2025-10-31,STR-LN-101348,TKN-SHA256-5D26E69E,Alice Wambui,ID-HASH-72B31C2A53,AGRI-TEA,Tea & Coffee Farm Development,670000.00,329000.00,23500.00,0,STAGE_1_PERFORMING,0.71%,3.5x,UPPER_HILL
2025-10-31,STR-LN-101349,TKN-SHA256-1E629E5C,Jane Otieno,ID-HASH-03E67A7D65,BOSA-NRM,Development Loan Normal,2155000.00,1686000.00,75500.00,0,STAGE_1_PERFORMING,0.62%,4.1x,KISUMU_BR
2025-10-31,STR-LN-101350,TKN-SHA256-0F4A36E5,Lucy Kimani,ID-HASH-ED9C01528B,FOSA-ADV,Salary Advance 30D,50000.00,30000.00,2000.00,0,STAGE_1_PERFORMING,0.18%,1.5x,ELDORET_BR
2025-10-31,STR-LN-101351,TKN-SHA256-AEB09B50,Bernard Achieng,ID-HASH-0C63CE64EF,BOSA-NRM,Development Loan Normal,1705000.00,1588000.00,59500.00,0,STAGE_1_PERFORMING,0.63%,3.8x,NANDI_HILLS
2025-10-31,STR-LN-101352,TKN-SHA256-46C94426,Hassan Kamau,ID-HASH-F1719A4CB8,BOSA-EMG,Emergency Medical Facility,105000.00,98000.00,3500.00,0,STAGE_1_PERFORMING,0.46%,2.5x,HQ_NAIROBI
2025-10-31,STR-LN-101353,TKN-SHA256-8B1C8B4E,Fatuma Omondi,ID-HASH-BF6697494D,AGRI-TEA,Tea & Coffee Farm Development,895000.00,676000.00,31500.00,0,STAGE_1_PERFORMING,0.42%,3.4x,NAKURU_BR
2025-10-31,STR-LN-101354,TKN-SHA256-B73F2123,David Sang,ID-HASH-72AAB77B7B,BOSA-NRM,Development Loan Normal,3130000.00,527000.00,109500.00,0,STAGE_1_PERFORMING,0.24%,4.0x,WESTLANDS
2025-10-31,STR-LN-101355,TKN-SHA256-94704B6D,Mercy Mutua,ID-HASH-EAE48D72C7,AGRI-TEA,Tea & Coffee Farm Development,805000.00,295000.00,28000.00,0,STAGE_1_PERFORMING,0.48%,2.5x,ELDORET_BR
2025-10-31,STR-LN-101356,TKN-SHA256-3858BD68,Cosmas Siele,ID-HASH-B504B87BC6,MSME-WCP,Business Working Capital,1245000.00,335000.00,43500.00,0,STAGE_1_PERFORMING,0.72%,2.6x,NAKURU_BR
2025-10-31,STR-LN-101357,TKN-SHA256-0DBC968B,Catherine Koech,ID-HASH-D4D1E33112,FOSA-ADV,Salary Advance 30D,70000.00,34000.00,2500.00,0,STAGE_1_PERFORMING,0.39%,1.1x,ELDORET_BR
2025-10-31,STR-LN-101358,TKN-SHA256-107043AF,Stephen Langat,ID-HASH-FBAE78A6AD,MSME-WCP,Business Working Capital,355000.00,111000.00,12500.00,3,STAGE_1_EARLY_WATCH,1.99%,2.1x,NANDI_HILLS
2025-10-31,STR-LN-101359,TKN-SHA256-64C1EDF4,Mary Njoroge,ID-HASH-423114B074,AGRI-TEA,Tea & Coffee Farm Development,365000.00,321000.00,13000.00,0,STAGE_1_PERFORMING,0.66%,3.6x,WESTLANDS
2025-10-31,STR-LN-101360,TKN-SHA256-88B47B5D,Geoffrey Kariuki,ID-HASH-EE23D2118B,MSME-WCP,Business Working Capital,1095000.00,679000.00,38500.00,0,STAGE_1_PERFORMING,0.82%,1.6x,MOMBASA_BR
2025-10-31,STR-LN-101361,TKN-SHA256-792B3064,Fatuma Achieng,ID-HASH-CC45026562,BOSA-EMG,Emergency Medical Facility,85000.00,68000.00,3000.00,0,STAGE_1_PERFORMING,0.34%,3.3x,UPPER_HILL
2025-10-31,STR-LN-101362,TKN-SHA256-E4D8C8EE,Samuel Njoroge,ID-HASH-ACB8195429,FOSA-ADV,Salary Advance 30D,140000.00,82000.00,5000.00,0,STAGE_1_PERFORMING,0.47%,1.1x,NANDI_HILLS
2025-10-31,STR-LN-101363,TKN-SHA256-BDC7201B,Hassan Korir,ID-HASH-7276988A41,MSME-WCP,Business Working Capital,845000.00,509000.00,29500.00,0,STAGE_1_PERFORMING,0.53%,1.9x,ELDORET_BR
2025-10-31,STR-LN-101364,TKN-SHA256-A3406BBF,Gladys Otieno,ID-HASH-A49CFDAA88,MSME-WCP,Business Working Capital,820000.00,596000.00,28500.00,74,STAGE_2_UNDERPERFORMING,9.64%,2.3x,NAKURU_BR
2025-10-31,STR-LN-101365,TKN-SHA256-711CD878,Wesley Koech,ID-HASH-C42BE3F0B7,BOSA-EMG,Emergency Medical Facility,60000.00,54000.00,2000.00,0,STAGE_1_PERFORMING,0.42%,2.0x,UPPER_HILL
2025-10-31,STR-LN-101366,TKN-SHA256-9C94DB1E,Cosmas Rono,ID-HASH-9B8140FD11,ASSET-FIN,Vehicle & Asset Finance,4100000.00,3338000.00,143500.00,0,STAGE_1_PERFORMING,0.47%,1.8x,ELDORET_BR
2025-10-31,STR-LN-101367,TKN-SHA256-7AA973DA,Jane Mutua,ID-HASH-376DCBC3DD,ASSET-FIN,Vehicle & Asset Finance,3865000.00,596000.00,135500.00,0,STAGE_1_PERFORMING,0.92%,1.5x,KISUMU_BR
2025-10-31,STR-LN-101368,TKN-SHA256-60BFB479,Bernard Rono,ID-HASH-FB474BE413,BOSA-EMG,Emergency Medical Facility,55000.00,38000.00,2000.00,0,STAGE_1_PERFORMING,0.50%,3.2x,KERICHO_CENTRAL
2025-10-31,STR-LN-101369,TKN-SHA256-23A8923B,Geoffrey Omondi,ID-HASH-4FDD3C4335,ASSET-FIN,Vehicle & Asset Finance,4240000.00,2895000.00,148500.00,0,STAGE_1_PERFORMING,0.62%,1.6x,HQ_NAIROBI
2025-10-31,STR-LN-101370,TKN-SHA256-DCCB4898,Emmanuel Mutua,ID-HASH-4C243DC521,BOSA-NRM,Development Loan Normal,710000.00,407000.00,25000.00,0,STAGE_1_PERFORMING,0.48%,2.7x,UPPER_HILL
2025-10-31,STR-LN-101371,TKN-SHA256-3592E02C,Wesley Omondi,ID-HASH-188858D974,BOSA-NRM,Development Loan Normal,1940000.00,976000.00,68000.00,22,STAGE_1_EARLY_WATCH,2.71%,4.1x,WESTLANDS
2025-10-31,STR-LN-101372,TKN-SHA256-7280ED13,Samuel Mutua,ID-HASH-95D42C84CC,FOSA-ADV,Salary Advance 30D,140000.00,59000.00,5000.00,0,STAGE_1_PERFORMING,0.30%,1.3x,KISUMU_BR
2025-10-31,STR-LN-101373,TKN-SHA256-6945568A,Lucy Chebet,ID-HASH-D4B907A16E,BOSA-NRM,Development Loan Normal,2030000.00,1641000.00,71000.00,23,STAGE_1_EARLY_WATCH,2.36%,3.1x,NANDI_HILLS
2025-10-31,STR-LN-101374,TKN-SHA256-7976F08B,Grace Kamau,ID-HASH-F826C5FEBA,BOSA-NRM,Development Loan Normal,1980000.00,471000.00,69500.00,0,STAGE_1_PERFORMING,0.64%,2.7x,NAKURU_BR
2025-10-31,STR-LN-101375,TKN-SHA256-479114EE,Fatuma Bett,ID-HASH-A3AE68C41A,ASSET-FIN,Vehicle & Asset Finance,3510000.00,2328000.00,123000.00,0,STAGE_1_PERFORMING,0.68%,1.2x,BOMET_BRANCH
2025-10-31,STR-LN-101376,TKN-SHA256-1C4AC335,Peter Wanjiku,ID-HASH-9AEB36FC77,BOSA-SCH,School Fees Advance,135000.00,50000.00,4500.00,0,STAGE_1_PERFORMING,0.94%,3.8x,ELDORET_BR
2025-10-31,STR-LN-101377,TKN-SHA256-C867F452,James Chebet,ID-HASH-85A496AEF9,AGRI-TEA,Tea & Coffee Farm Development,165000.00,45000.00,6000.00,0,STAGE_1_PERFORMING,0.61%,3.2x,BOMET_BRANCH
2025-10-31,STR-LN-101378,TKN-SHA256-7F25784C,Lucy Kamau,ID-HASH-41D9C8B07E,BOSA-NRM,Development Loan Normal,2205000.00,1503000.00,77000.00,0,STAGE_1_PERFORMING,0.46%,4.2x,NANDI_HILLS
2025-10-31,STR-LN-101379,TKN-SHA256-A4E54926,James Mwangi,ID-HASH-E39B1EF5B5,ASSET-FIN,Vehicle & Asset Finance,4410000.00,3690000.00,154500.00,0,STAGE_1_PERFORMING,0.41%,1.7x,NANDI_HILLS
2025-10-31,STR-LN-101380,TKN-SHA256-CA949C41,Wesley Korir,ID-HASH-FE22408A53,FOSA-ADV,Salary Advance 30D,145000.00,131000.00,5000.00,99,STAGE_3_NON_PERFORMING,18.82%,1.4x,ELDORET_BR
2025-10-31,STR-LN-101381,TKN-SHA256-2492A560,Cosmas Korir,ID-HASH-CF8C4E5086,BOSA-NRM,Development Loan Normal,1075000.00,713000.00,37500.00,12,STAGE_1_EARLY_WATCH,3.68%,3.2x,NAKURU_BR
2025-10-31,STR-LN-101382,TKN-SHA256-C86E0B90,Wesley Hassan,ID-HASH-FE9F25B693,BOSA-SCH,School Fees Advance,45000.00,36000.00,1500.00,59,STAGE_2_UNDERPERFORMING,14.28%,3.5x,KERICHO_CENTRAL
2025-10-31,STR-LN-101383,TKN-SHA256-D85FF9A8,Cosmas Kariuki,ID-HASH-1C75BA7184,BOSA-NRM,Development Loan Normal,2325000.00,1309000.00,81500.00,0,STAGE_1_PERFORMING,0.85%,3.5x,HQ_NAIROBI
2025-10-31,STR-LN-101384,TKN-SHA256-58B5BFEF,Tabitha Njoroge,ID-HASH-00D8E0BA22,BOSA-SCH,School Fees Advance,40000.00,26000.00,1500.00,0,STAGE_1_PERFORMING,0.85%,4.2x,KISUMU_BR
2025-10-31,STR-LN-101385,TKN-SHA256-7EADF779,Gladys Ochieng,ID-HASH-CC4EC06F4D,ASSET-FIN,Vehicle & Asset Finance,3935000.00,3105000.00,137500.00,0,STAGE_1_PERFORMING,0.47%,1.3x,BOMET_BRANCH
2025-10-31,STR-LN-101386,TKN-SHA256-E85580E0,Samuel Langat,ID-HASH-D3E6BDDB2A,BOSA-EMG,Emergency Medical Facility,225000.00,146000.00,8000.00,0,STAGE_1_PERFORMING,0.37%,2.5x,NANDI_HILLS
2025-10-31,STR-LN-101387,TKN-SHA256-24954B36,Stephen Mutua,ID-HASH-30F071C7CF,ASSET-FIN,Vehicle & Asset Finance,4745000.00,3149000.00,166000.00,0,STAGE_1_PERFORMING,0.28%,2.0x,NAKURU_BR
2025-10-31,STR-LN-101388,TKN-SHA256-80B84780,Samuel Omondi,ID-HASH-E0CBD91083,FOSA-ADV,Salary Advance 30D,140000.00,72000.00,5000.00,0,STAGE_1_PERFORMING,0.83%,1.3x,UPPER_HILL
2025-10-31,STR-LN-101389,TKN-SHA256-2912257B,Geoffrey Otieno,ID-HASH-CACC35A94B,BOSA-EMG,Emergency Medical Facility,100000.00,79000.00,3500.00,26,STAGE_1_EARLY_WATCH,3.38%,2.0x,UPPER_HILL
2025-10-31,STR-LN-101390,TKN-SHA256-AB7352A0,Samuel Gitonga,ID-HASH-48465EF177,BOSA-EMG,Emergency Medical Facility,115000.00,107000.00,4000.00,0,STAGE_1_PERFORMING,0.58%,2.3x,HQ_NAIROBI
2025-10-31,STR-LN-101391,TKN-SHA256-8B6EEFAA,David Hassan,ID-HASH-DEC32C603E,BOSA-SCH,School Fees Advance,180000.00,140000.00,6500.00,0,STAGE_1_PERFORMING,0.75%,3.5x,NAKURU_BR
2025-10-31,STR-LN-101392,TKN-SHA256-8A94BC3E,Dennis Bett,ID-HASH-DFD1BC1A10,ASSET-FIN,Vehicle & Asset Finance,3685000.00,2845000.00,129000.00,0,STAGE_1_PERFORMING,0.43%,1.9x,ELDORET_BR
2025-10-31,STR-LN-101393,TKN-SHA256-CE4E4A50,Lucy Hassan,ID-HASH-2E8A14A391,BOSA-EMG,Emergency Medical Facility,195000.00,41000.00,7000.00,0,STAGE_1_PERFORMING,0.30%,2.3x,HQ_NAIROBI
2025-10-31,STR-LN-101394,TKN-SHA256-6D14141D,Mercy Ali,ID-HASH-0F2A28DE02,BOSA-EMG,Emergency Medical Facility,210000.00,125000.00,7500.00,0,STAGE_1_PERFORMING,0.15%,2.5x,NAKURU_BR
2025-10-31,STR-LN-101395,TKN-SHA256-0CAC96FD,Catherine Njoroge,ID-HASH-443EEF656A,BOSA-EMG,Emergency Medical Facility,145000.00,23000.00,5000.00,30,STAGE_2_UNDERPERFORMING,8.64%,2.1x,NANDI_HILLS
2025-10-31,STR-LN-101396,TKN-SHA256-FDBA2596,Beatrice Omondi,ID-HASH-97E7B82F40,BOSA-NRM,Development Loan Normal,3100000.00,1456000.00,108500.00,0,STAGE_1_PERFORMING,0.42%,4.2x,BOMET_BRANCH
2025-10-31,STR-LN-101397,TKN-SHA256-B879CF9A,Catherine Hassan,ID-HASH-4F6DB0823F,AGRI-TEA,Tea & Coffee Farm Development,390000.00,291000.00,13500.00,0,STAGE_1_PERFORMING,0.60%,2.3x,HQ_NAIROBI
2025-10-31,STR-LN-101398,TKN-SHA256-A1B62951,Beatrice Njoroge,ID-HASH-26F12574E3,BOSA-SCH,School Fees Advance,205000.00,181000.00,7000.00,0,STAGE_1_PERFORMING,0.82%,3.7x,ELDORET_BR
2025-10-31,STR-LN-101399,TKN-SHA256-0C834D4C,Peter Ruto,ID-HASH-15FDE3C7C7,BOSA-EMG,Emergency Medical Facility,80000.00,65000.00,3000.00,0,STAGE_1_PERFORMING,0.21%,2.8x,NANDI_HILLS
2025-10-31,STR-LN-101400,TKN-SHA256-9A33C93F,Wesley Wanjiku,ID-HASH-712CB958AA,BOSA-NRM,Development Loan Normal,1425000.00,316000.00,50000.00,75,STAGE_2_UNDERPERFORMING,13.16%,3.7x,UPPER_HILL
2025-10-31,STR-LN-101401,TKN-SHA256-EE139C29,Stephen Ochieng,ID-HASH-CFAEDEFE84,BOSA-EMG,Emergency Medical Facility,145000.00,116000.00,5000.00,0,STAGE_1_PERFORMING,0.50%,3.4x,HQ_NAIROBI
2025-10-31,STR-LN-101402,TKN-SHA256-839318D6,Catherine Ruto,ID-HASH-BF8FEEB5BF,BOSA-EMG,Emergency Medical Facility,195000.00,137000.00,7000.00,0,STAGE_1_PERFORMING,0.29%,2.2x,KISUMU_BR
2025-10-31,STR-LN-101403,TKN-SHA256-15D5D9D6,Alice Sang,ID-HASH-2115B9FE43,BOSA-SCH,School Fees Advance,150000.00,118000.00,5500.00,49,STAGE_2_UNDERPERFORMING,14.66%,3.5x,NANDI_HILLS
2025-10-31,STR-LN-101404,TKN-SHA256-9191D29E,Stephen Ali,ID-HASH-45FFEBF59D,BOSA-NRM,Development Loan Normal,1355000.00,646000.00,47500.00,0,STAGE_1_PERFORMING,0.81%,2.7x,ELDORET_BR
2025-10-31,STR-LN-101405,TKN-SHA256-A7702C2F,Stephen Rono,ID-HASH-2275C27A84,MSME-WCP,Business Working Capital,895000.00,656000.00,31500.00,0,STAGE_1_PERFORMING,0.85%,2.0x,MOMBASA_BR
2025-10-31,STR-LN-101406,TKN-SHA256-14EA9EC2,Philemon Kariuki,ID-HASH-35A26BA3F0,BOSA-NRM,Development Loan Normal,2970000.00,1523000.00,104000.00,0,STAGE_1_PERFORMING,0.85%,2.8x,UPPER_HILL
2025-10-31,STR-LN-101407,TKN-SHA256-D5FAD5A0,Mercy Chebet,ID-HASH-DA89131B03,BOSA-SCH,School Fees Advance,225000.00,208000.00,8000.00,0,STAGE_1_PERFORMING,0.17%,3.0x,HQ_NAIROBI
2025-10-31,STR-LN-101408,TKN-SHA256-B38EF708,Mercy Ruto,ID-HASH-331443F422,BOSA-EMG,Emergency Medical Facility,115000.00,78000.00,4000.00,0,STAGE_1_PERFORMING,0.91%,2.6x,UPPER_HILL
2025-10-31,STR-LN-101409,TKN-SHA256-264ED6C5,Hassan Siele,ID-HASH-49D0BA2C90,BOSA-SCH,School Fees Advance,185000.00,40000.00,6500.00,0,STAGE_1_PERFORMING,0.18%,4.4x,UPPER_HILL
2025-10-31,STR-LN-101410,TKN-SHA256-E3D7AD64,Samuel Kamau,ID-HASH-17A9135A54,MSME-WCP,Business Working Capital,970000.00,792000.00,34000.00,0,STAGE_1_PERFORMING,0.64%,2.4x,BOMET_BRANCH
2025-10-31,STR-LN-101411,TKN-SHA256-C6178C46,Bernard Koech,ID-HASH-3C3F5CE9F5,AGRI-TEA,Tea & Coffee Farm Development,770000.00,292000.00,27000.00,0,STAGE_1_PERFORMING,0.42%,2.2x,WESTLANDS
2025-10-31,STR-LN-101412,TKN-SHA256-C7A8A8F9,Bernard Mutua,ID-HASH-457BBCE34B,BOSA-SCH,School Fees Advance,240000.00,154000.00,8500.00,0,STAGE_1_PERFORMING,0.74%,4.8x,KISUMU_BR
2025-10-31,STR-LN-101413,TKN-SHA256-34662ACA,Philemon Gitonga,ID-HASH-E3D4C07A4F,BOSA-EMG,Emergency Medical Facility,230000.00,213000.00,8000.00,0,STAGE_1_PERFORMING,0.74%,2.6x,WESTLANDS
2025-10-31,STR-LN-101414,TKN-SHA256-ACC7E862,Catherine Gitonga,ID-HASH-4E73CB406C,BOSA-NRM,Development Loan Normal,3190000.00,1368000.00,111500.00,0,STAGE_1_PERFORMING,0.90%,2.9x,UPPER_HILL
2025-10-31,STR-LN-101415,TKN-SHA256-EC30DBBC,Jane Ali,ID-HASH-57D7F99826,BOSA-NRM,Development Loan Normal,2260000.00,777000.00,79000.00,24,STAGE_1_EARLY_WATCH,3.22%,3.2x,UPPER_HILL
2025-10-31,STR-LN-101416,TKN-SHA256-3E332AB4,Alice Sang,ID-HASH-C540892B61,AGRI-TEA,Tea & Coffee Farm Development,605000.00,453000.00,21000.00,28,STAGE_1_EARLY_WATCH,3.05%,3.6x,BOMET_BRANCH
2025-10-31,STR-LN-101417,TKN-SHA256-A30C3121,Samuel Bett,ID-HASH-3DBF09C6C0,BOSA-NRM,Development Loan Normal,3090000.00,1790000.00,108000.00,0,STAGE_1_PERFORMING,0.42%,3.2x,BOMET_BRANCH
2025-10-31,STR-LN-101418,TKN-SHA256-8B1AC7E9,Philemon Langat,ID-HASH-D330DD17A2,MSME-WCP,Business Working Capital,235000.00,216000.00,8000.00,0,STAGE_1_PERFORMING,0.86%,2.5x,NAKURU_BR
2025-10-31,STR-LN-101419,TKN-SHA256-ABA69D5C,Geoffrey Koech,ID-HASH-6CDC0783EE,BOSA-NRM,Development Loan Normal,2860000.00,2323000.00,100000.00,0,STAGE_1_PERFORMING,0.55%,2.9x,ELDORET_BR
2025-10-31,STR-LN-101420,TKN-SHA256-AD1C616D,James Korir,ID-HASH-231603CC5A,BOSA-NRM,Development Loan Normal,1320000.00,490000.00,46000.00,0,STAGE_1_PERFORMING,0.55%,2.8x,WESTLANDS
2025-10-31,STR-LN-101421,TKN-SHA256-FD9DBEC5,Samuel Gitonga,ID-HASH-1CBDE2868C,BOSA-EMG,Emergency Medical Facility,130000.00,97000.00,4500.00,0,STAGE_1_PERFORMING,0.37%,2.5x,BOMET_BRANCH
2025-10-31,STR-LN-101422,TKN-SHA256-2FCCF800,Bernard Rono,ID-HASH-5A5CC2D9DF,AGRI-TEA,Tea & Coffee Farm Development,465000.00,84000.00,16500.00,0,STAGE_1_PERFORMING,0.31%,3.3x,NAKURU_BR
2025-10-31,STR-LN-101423,TKN-SHA256-0C15A21D,Tabitha Mwangi,ID-HASH-99703FB70F,AGRI-TEA,Tea & Coffee Farm Development,1170000.00,806000.00,41000.00,0,STAGE_1_PERFORMING,0.78%,2.4x,KERICHO_CENTRAL
2025-10-31,STR-LN-101424,TKN-SHA256-56C3C8F2,Alice Njoroge,ID-HASH-8F57CC492F,BOSA-EMG,Emergency Medical Facility,185000.00,77000.00,6500.00,11,STAGE_1_EARLY_WATCH,3.48%,2.9x,KERICHO_CENTRAL
2025-10-31,STR-LN-101425,TKN-SHA256-E5B579B6,Mary Sang,ID-HASH-62BE851C99,BOSA-EMG,Emergency Medical Facility,180000.00,45000.00,6500.00,0,STAGE_1_PERFORMING,0.94%,2.9x,BOMET_BRANCH
2025-10-31,STR-LN-101426,TKN-SHA256-F871C952,Geoffrey Mwangi,ID-HASH-C7AB12CD29,BOSA-NRM,Development Loan Normal,2740000.00,816000.00,96000.00,0,STAGE_1_PERFORMING,0.56%,3.7x,HQ_NAIROBI
2025-10-31,STR-LN-101427,TKN-SHA256-6698624F,Dennis Korir,ID-HASH-EEFE5EDFED,MSME-WCP,Business Working Capital,1070000.00,965000.00,37500.00,0,STAGE_1_PERFORMING,0.33%,2.5x,BOMET_BRANCH
2025-10-31,STR-LN-101428,TKN-SHA256-57D9F671,Stephen Korir,ID-HASH-393462BAF7,AGRI-TEA,Tea & Coffee Farm Development,235000.00,65000.00,8000.00,0,STAGE_1_PERFORMING,0.25%,2.7x,UPPER_HILL
2025-10-31,STR-LN-101429,TKN-SHA256-439AA30C,Emmanuel Gitonga,ID-HASH-89AC4CAD32,AGRI-TEA,Tea & Coffee Farm Development,745000.00,334000.00,26000.00,10,STAGE_1_EARLY_WATCH,3.96%,3.2x,NAKURU_BR
2025-10-31,STR-LN-101430,TKN-SHA256-CCED7D38,Mercy Chebet,ID-HASH-7D73751284,BOSA-NRM,Development Loan Normal,1250000.00,196000.00,44000.00,0,STAGE_1_PERFORMING,0.89%,4.0x,HQ_NAIROBI
2025-10-31,STR-LN-101431,TKN-SHA256-4B5B72A3,Jane Kiptoo,ID-HASH-C6A8D481BC,FOSA-ADV,Salary Advance 30D,80000.00,37000.00,3000.00,0,STAGE_1_PERFORMING,0.85%,1.2x,BOMET_BRANCH
2025-10-31,STR-LN-101432,TKN-SHA256-89889419,Alice Achieng,ID-HASH-0832A652C9,BOSA-SCH,School Fees Advance,180000.00,122000.00,6500.00,0,STAGE_1_PERFORMING,0.76%,4.0x,WESTLANDS
2025-10-31,STR-LN-101433,TKN-SHA256-D4D93441,Emmanuel Ali,ID-HASH-5CF48B78A9,AGRI-TEA,Tea & Coffee Farm Development,1100000.00,487000.00,38500.00,0,STAGE_1_PERFORMING,0.48%,2.5x,NANDI_HILLS
2025-10-31,STR-LN-101434,TKN-SHA256-DD63430C,David Sang,ID-HASH-9962468A4F,ASSET-FIN,Vehicle & Asset Finance,2155000.00,1822000.00,75500.00,0,STAGE_1_PERFORMING,0.62%,1.6x,MOMBASA_BR
2025-10-31,STR-LN-101435,TKN-SHA256-BD921DA8,Wesley Kariuki,ID-HASH-B716A3524A,AGRI-TEA,Tea & Coffee Farm Development,440000.00,243000.00,15500.00,0,STAGE_1_PERFORMING,0.68%,3.3x,BOMET_BRANCH
2025-10-31,STR-LN-101436,TKN-SHA256-28FB68D0,Gladys Mwangi,ID-HASH-78A8F302C6,BOSA-SCH,School Fees Advance,190000.00,123000.00,6500.00,0,STAGE_1_PERFORMING,0.37%,3.6x,NANDI_HILLS
2025-10-31,STR-LN-101437,TKN-SHA256-0FC7B6DC,Bernard Korir,ID-HASH-B3D892C0BB,BOSA-EMG,Emergency Medical Facility,105000.00,76000.00,3500.00,110,STAGE_3_NON_PERFORMING,19.80%,1.9x,KERICHO_CENTRAL
2025-10-31,STR-LN-101438,TKN-SHA256-72706F3C,Catherine Ali,ID-HASH-92FEB15A52,FOSA-ADV,Salary Advance 30D,110000.00,74000.00,4000.00,0,STAGE_1_PERFORMING,0.82%,1.0x,WESTLANDS
2025-10-31,STR-LN-101439,TKN-SHA256-1F09347D,Gladys Sang,ID-HASH-D75627C0E4,FOSA-ADV,Salary Advance 30D,100000.00,60000.00,3500.00,0,STAGE_1_PERFORMING,0.45%,1.1x,HQ_NAIROBI
2025-10-31,STR-LN-101440,TKN-SHA256-087BFDF0,Hassan Rono,ID-HASH-1F6D95DC87,AGRI-TEA,Tea & Coffee Farm Development,1140000.00,420000.00,40000.00,0,STAGE_1_PERFORMING,0.71%,3.2x,KERICHO_CENTRAL
2025-10-31,STR-LN-101441,TKN-SHA256-1D2DD49A,Beatrice Rono,ID-HASH-21898E9726,ASSET-FIN,Vehicle & Asset Finance,4850000.00,1058000.00,170000.00,0,STAGE_1_PERFORMING,0.62%,1.2x,HQ_NAIROBI
2025-10-31,STR-LN-101442,TKN-SHA256-8F7F22AC,Gladys Njoroge,ID-HASH-D1F247DFFE,BOSA-EMG,Emergency Medical Facility,130000.00,61000.00,4500.00,175,STAGE_3_NON_PERFORMING,28.64%,2.2x,BOMET_BRANCH
2025-10-31,STR-LN-101443,TKN-SHA256-4996A102,Jane Mutua,ID-HASH-04C78C429E,ASSET-FIN,Vehicle & Asset Finance,2545000.00,1233000.00,89000.00,0,STAGE_1_PERFORMING,0.27%,2.0x,HQ_NAIROBI
2025-10-31,STR-LN-101444,TKN-SHA256-9DDFDE15,Grace Njoroge,ID-HASH-E1293AD0F5,AGRI-TEA,Tea & Coffee Farm Development,975000.00,580000.00,34000.00,0,STAGE_1_PERFORMING,0.89%,2.4x,NAKURU_BR
2025-10-31,STR-LN-101445,TKN-SHA256-8C2BDF0E,Mercy Kimani,ID-HASH-5EFADB711F,BOSA-SCH,School Fees Advance,70000.00,33000.00,2500.00,0,STAGE_1_PERFORMING,0.36%,4.4x,NAKURU_BR
2025-10-31,STR-LN-101446,TKN-SHA256-65998544,Emmanuel Sang,ID-HASH-15F88DF980,ASSET-FIN,Vehicle & Asset Finance,2415000.00,1403000.00,84500.00,0,STAGE_1_PERFORMING,0.78%,1.5x,ELDORET_BR
2025-10-31,STR-LN-101447,TKN-SHA256-D5B447B3,Philemon Rono,ID-HASH-0304C5B714,BOSA-NRM,Development Loan Normal,755000.00,558000.00,26500.00,0,STAGE_1_PERFORMING,0.22%,2.9x,HQ_NAIROBI
2025-10-31,STR-LN-101448,TKN-SHA256-D70CB73B,Tabitha Korir,ID-HASH-BEFD136599,BOSA-NRM,Development Loan Normal,2330000.00,1972000.00,81500.00,0,STAGE_1_PERFORMING,0.88%,3.2x,WESTLANDS
2025-10-31,STR-LN-101449,TKN-SHA256-A74852A9,Catherine Cheruiyot,ID-HASH-D1E445D0BE,BOSA-NRM,Development Loan Normal,765000.00,115000.00,27000.00,0,STAGE_1_PERFORMING,0.66%,4.3x,WESTLANDS
2025-10-31,STR-LN-101450,TKN-SHA256-EA4E8F81,Cosmas Kariuki,ID-HASH-F7DDF26779,BOSA-EMG,Emergency Medical Facility,205000.00,183000.00,7000.00,70,STAGE_2_UNDERPERFORMING,14.00%,3.3x,BOMET_BRANCH
2025-10-31,STR-LN-101451,TKN-SHA256-92869E92,Dennis Wanjiku,ID-HASH-49F3362A9B,ASSET-FIN,Vehicle & Asset Finance,3125000.00,1516000.00,109500.00,0,STAGE_1_PERFORMING,0.74%,1.6x,WESTLANDS
2025-10-31,STR-LN-101452,TKN-SHA256-9564EE47,David Omondi,ID-HASH-9F68EB2502,MSME-WCP,Business Working Capital,1140000.00,592000.00,40000.00,0,STAGE_1_PERFORMING,0.21%,2.2x,KERICHO_CENTRAL
2025-10-31,STR-LN-101453,TKN-SHA256-7787BECC,Cosmas Kimani,ID-HASH-F1A3B68B78,BOSA-NRM,Development Loan Normal,3280000.00,2915000.00,115000.00,0,STAGE_1_PERFORMING,0.58%,2.6x,BOMET_BRANCH
2025-10-31,STR-LN-101454,TKN-SHA256-8D12CEF2,Cosmas Kiptoo,ID-HASH-91461E4D09,BOSA-EMG,Emergency Medical Facility,160000.00,50000.00,5500.00,0,STAGE_1_PERFORMING,0.19%,2.0x,KISUMU_BR
2025-10-31,STR-LN-101455,TKN-SHA256-0C85BEC0,Mercy Ruto,ID-HASH-2DD1FDF3F6,MSME-WCP,Business Working Capital,560000.00,274000.00,19500.00,20,STAGE_1_EARLY_WATCH,2.38%,1.8x,KERICHO_CENTRAL
2025-10-31,STR-LN-101456,TKN-SHA256-FE97D210,Catherine Achieng,ID-HASH-9F28821BB9,BOSA-SCH,School Fees Advance,160000.00,131000.00,5500.00,0,STAGE_1_PERFORMING,0.72%,4.9x,WESTLANDS
2025-10-31,STR-LN-101457,TKN-SHA256-1B3F3853,Samuel Cheruiyot,ID-HASH-C11D98FCF5,FOSA-ADV,Salary Advance 30D,110000.00,85000.00,4000.00,0,STAGE_1_PERFORMING,0.55%,1.6x,NAKURU_BR
2025-10-31,STR-LN-101458,TKN-SHA256-7D3F58F2,Stephen Langat,ID-HASH-A5752F4F46,BOSA-EMG,Emergency Medical Facility,230000.00,61000.00,8000.00,9,STAGE_1_EARLY_WATCH,2.79%,2.2x,BOMET_BRANCH
2025-10-31,STR-LN-101459,TKN-SHA256-A1B1A69F,Jane Rono,ID-HASH-BD7EC71271,FOSA-ADV,Salary Advance 30D,115000.00,43000.00,4000.00,0,STAGE_1_PERFORMING,0.81%,1.3x,HQ_NAIROBI
2025-10-31,STR-LN-101460,TKN-SHA256-847D2844,Kiprono Achieng,ID-HASH-06D7FEC8F1,BOSA-SCH,School Fees Advance,165000.00,134000.00,6000.00,0,STAGE_1_PERFORMING,0.64%,4.2x,NAKURU_BR
2025-10-31,STR-LN-101461,TKN-SHA256-9E69E33E,Grace Wanjiku,ID-HASH-A2028A475D,BOSA-EMG,Emergency Medical Facility,95000.00,42000.00,3500.00,43,STAGE_2_UNDERPERFORMING,9.96%,2.2x,NANDI_HILLS
2025-10-31,STR-LN-101462,TKN-SHA256-2BA570D6,Gladys Gitonga,ID-HASH-94CE8C51DE,MSME-WCP,Business Working Capital,1190000.00,782000.00,41500.00,0,STAGE_1_PERFORMING,0.65%,1.6x,ELDORET_BR
2025-10-31,STR-LN-101463,TKN-SHA256-221A7B4B,Tabitha Njoroge,ID-HASH-7D244CF029,FOSA-ADV,Salary Advance 30D,80000.00,25000.00,3000.00,0,STAGE_1_PERFORMING,0.56%,1.0x,HQ_NAIROBI
2025-10-31,STR-LN-101464,TKN-SHA256-9BE8A09C,David Cheruiyot,ID-HASH-1F9BB1439C,BOSA-NRM,Development Loan Normal,1445000.00,1102000.00,50500.00,0,STAGE_1_PERFORMING,0.28%,3.2x,UPPER_HILL
2025-10-31,STR-LN-101465,TKN-SHA256-05A37D6F,Emmanuel Bett,ID-HASH-D81A6020BA,FOSA-ADV,Salary Advance 30D,130000.00,37000.00,4500.00,0,STAGE_1_PERFORMING,0.44%,1.1x,NANDI_HILLS
2025-10-31,STR-LN-101466,TKN-SHA256-4B0C825C,Peter Ochieng,ID-HASH-D5FE2ABFBB,BOSA-EMG,Emergency Medical Facility,135000.00,60000.00,4500.00,27,STAGE_1_EARLY_WATCH,2.29%,2.3x,HQ_NAIROBI
2025-10-31,STR-LN-101467,TKN-SHA256-DED5A94F,Bernard Wanjiku,ID-HASH-195754C37E,BOSA-EMG,Emergency Medical Facility,245000.00,128000.00,8500.00,0,STAGE_1_PERFORMING,0.38%,2.1x,NANDI_HILLS
2025-10-31,STR-LN-101468,TKN-SHA256-4B1AB20C,Alice Kiptoo,ID-HASH-C8D9C37058,ASSET-FIN,Vehicle & Asset Finance,2195000.00,465000.00,77000.00,0,STAGE_1_PERFORMING,0.53%,1.2x,KISUMU_BR
2025-10-31,STR-LN-101469,TKN-SHA256-0435C036,Catherine Sang,ID-HASH-F0054A9D62,FOSA-ADV,Salary Advance 30D,120000.00,112000.00,4000.00,88,STAGE_2_UNDERPERFORMING,5.59%,1.6x,WESTLANDS
2025-10-31,STR-LN-101470,TKN-SHA256-3DF020A2,Gladys Kariuki,ID-HASH-AC5F6DDCFD,ASSET-FIN,Vehicle & Asset Finance,4150000.00,1169000.00,145000.00,0,STAGE_1_PERFORMING,0.89%,1.7x,NAKURU_BR
2025-10-31,STR-LN-101471,TKN-SHA256-F4D82553,Gladys Hassan,ID-HASH-E3D9B1B69A,AGRI-TEA,Tea & Coffee Farm Development,685000.00,573000.00,24000.00,0,STAGE_1_PERFORMING,0.58%,3.5x,MOMBASA_BR
2025-10-31,STR-LN-101472,TKN-SHA256-ECA561B9,Fatuma Otieno,ID-HASH-41068F574F,BOSA-NRM,Development Loan Normal,3200000.00,876000.00,112000.00,0,STAGE_1_PERFORMING,0.76%,3.9x,WESTLANDS
2025-10-31,STR-LN-101473,TKN-SHA256-9E5E2300,Mary Chebet,ID-HASH-834C65695D,ASSET-FIN,Vehicle & Asset Finance,1415000.00,1109000.00,49500.00,0,STAGE_1_PERFORMING,0.23%,1.4x,ELDORET_BR
2025-10-31,STR-LN-101474,TKN-SHA256-D01666CB,Samuel Korir,ID-HASH-766F3E9949,BOSA-SCH,School Fees Advance,185000.00,102000.00,6500.00,0,STAGE_1_PERFORMING,0.72%,4.9x,KERICHO_CENTRAL
2025-10-31,STR-LN-101475,TKN-SHA256-CCD448AA,James Koech,ID-HASH-FE3E72B1F3,FOSA-ADV,Salary Advance 30D,115000.00,40000.00,4000.00,0,STAGE_1_PERFORMING,0.18%,1.1x,NANDI_HILLS
2025-10-31,STR-LN-101476,TKN-SHA256-75DDCD97,Lucy Hassan,ID-HASH-5B0E6CF2D0,BOSA-NRM,Development Loan Normal,615000.00,443000.00,21500.00,0,STAGE_1_PERFORMING,0.18%,3.5x,NANDI_HILLS
2025-10-31,STR-LN-101477,TKN-SHA256-CBE78B08,Mercy Kimani,ID-HASH-B428BDFA89,ASSET-FIN,Vehicle & Asset Finance,2370000.00,1816000.00,83000.00,0,STAGE_1_PERFORMING,0.65%,1.2x,UPPER_HILL
2025-10-31,STR-LN-101478,TKN-SHA256-1042CBFF,Emmanuel Ali,ID-HASH-BD11857DB7,BOSA-EMG,Emergency Medical Facility,195000.00,149000.00,7000.00,0,STAGE_1_PERFORMING,0.86%,2.6x,ELDORET_BR
2025-10-31,STR-LN-101479,TKN-SHA256-9013508B,Catherine Wanjiku,ID-HASH-63A0F84394,BOSA-SCH,School Fees Advance,135000.00,127000.00,4500.00,0,STAGE_1_PERFORMING,0.25%,4.3x,MOMBASA_BR
2025-10-31,STR-LN-101480,TKN-SHA256-76F9582A,Hassan Bett,ID-HASH-938C1741FF,BOSA-SCH,School Fees Advance,230000.00,132000.00,8000.00,0,STAGE_1_PERFORMING,0.64%,4.7x,KERICHO_CENTRAL
2025-10-31,STR-LN-101481,TKN-SHA256-FD2B6600,Wesley Chebet,ID-HASH-A7FA4F56D6,ASSET-FIN,Vehicle & Asset Finance,3375000.00,575000.00,118000.00,0,STAGE_1_PERFORMING,0.63%,1.2x,HQ_NAIROBI
2025-10-31,STR-LN-101482,TKN-SHA256-4CD690F0,Hassan Kimani,ID-HASH-3502D06207,MSME-WCP,Business Working Capital,860000.00,334000.00,30000.00,63,STAGE_2_UNDERPERFORMING,12.62%,1.8x,ELDORET_BR
2025-10-31,STR-LN-101483,TKN-SHA256-C16CA265,Dennis Chebet,ID-HASH-8EEA2C791B,BOSA-SCH,School Fees Advance,210000.00,94000.00,7500.00,0,STAGE_1_PERFORMING,0.63%,5.0x,KISUMU_BR
2025-10-31,STR-LN-101484,TKN-SHA256-6B0C2DE4,Cosmas Njoroge,ID-HASH-5B6E6BAE4F,MSME-WCP,Business Working Capital,325000.00,112000.00,11500.00,0,STAGE_1_PERFORMING,0.27%,1.9x,KISUMU_BR
2025-10-31,STR-LN-101485,TKN-SHA256-89ACC740,Catherine Mwangi,ID-HASH-33B72D5DDC,AGRI-TEA,Tea & Coffee Farm Development,1105000.00,203000.00,38500.00,5,STAGE_1_EARLY_WATCH,4.01%,2.8x,ELDORET_BR
2025-10-31,STR-LN-101486,TKN-SHA256-907D08E5,Dennis Mutua,ID-HASH-40D56BE050,MSME-WCP,Business Working Capital,680000.00,202000.00,24000.00,0,STAGE_1_PERFORMING,0.28%,2.1x,NAKURU_BR
2025-10-31,STR-LN-101487,TKN-SHA256-4B823F9B,Tabitha Wanjiku,ID-HASH-BE7DC1CBEF,BOSA-SCH,School Fees Advance,45000.00,18000.00,1500.00,0,STAGE_1_PERFORMING,0.89%,3.9x,NANDI_HILLS
2025-10-31,STR-LN-101488,TKN-SHA256-736DE998,James Kiptoo,ID-HASH-2A2BB1D585,BOSA-NRM,Development Loan Normal,2030000.00,883000.00,71000.00,0,STAGE_1_PERFORMING,0.72%,3.9x,KERICHO_CENTRAL
2025-10-31,STR-LN-101489,TKN-SHA256-EBD821DF,Catherine Omondi,ID-HASH-323C5FA117,MSME-WCP,Business Working Capital,790000.00,138000.00,27500.00,0,STAGE_1_PERFORMING,0.50%,1.9x,UPPER_HILL
2025-10-31,STR-LN-101490,TKN-SHA256-A8101AEE,Tabitha Langat,ID-HASH-835E6A9DAA,BOSA-NRM,Development Loan Normal,2750000.00,1752000.00,96500.00,0,STAGE_1_PERFORMING,0.35%,4.1x,KERICHO_CENTRAL
2025-10-31,STR-LN-101491,TKN-SHA256-59543CAF,Tabitha Kariuki,ID-HASH-9F2CE07877,AGRI-TEA,Tea & Coffee Farm Development,1020000.00,709000.00,35500.00,0,STAGE_1_PERFORMING,0.20%,2.7x,NANDI_HILLS
2025-10-31,STR-LN-101492,TKN-SHA256-D9BF9515,Fatuma Sang,ID-HASH-C34286D374,BOSA-SCH,School Fees Advance,70000.00,47000.00,2500.00,32,STAGE_2_UNDERPERFORMING,14.64%,5.1x,MOMBASA_BR
2025-10-31,STR-LN-101493,TKN-SHA256-9EA2E30E,John Langat,ID-HASH-C411CD0464,ASSET-FIN,Vehicle & Asset Finance,3085000.00,1009000.00,108000.00,0,STAGE_1_PERFORMING,0.78%,1.2x,BOMET_BRANCH
2025-10-31,STR-LN-101494,TKN-SHA256-7F5ED96C,Beatrice Mutua,ID-HASH-39F58E3D7A,BOSA-EMG,Emergency Medical Facility,235000.00,120000.00,8000.00,0,STAGE_1_PERFORMING,0.88%,2.7x,KISUMU_BR
2025-10-31,STR-LN-101495,TKN-SHA256-6AAFF213,Beatrice Kariuki,ID-HASH-D466237977,BOSA-EMG,Emergency Medical Facility,250000.00,161000.00,9000.00,0,STAGE_1_PERFORMING,0.68%,2.5x,KISUMU_BR
2025-10-31,STR-LN-101496,TKN-SHA256-E2736438,Samuel Omondi,ID-HASH-F594B236E9,BOSA-EMG,Emergency Medical Facility,60000.00,22000.00,2000.00,0,STAGE_1_PERFORMING,0.46%,2.3x,WESTLANDS
2025-10-31,STR-LN-101497,TKN-SHA256-161C1B30,Jane Korir,ID-HASH-148CE490EA,ASSET-FIN,Vehicle & Asset Finance,1345000.00,1165000.00,47000.00,0,STAGE_1_PERFORMING,0.72%,1.7x,BOMET_BRANCH
2025-10-31,STR-LN-101498,TKN-SHA256-0F0D6820,Beatrice Koech,ID-HASH-38426B0817,FOSA-ADV,Salary Advance 30D,45000.00,27000.00,1500.00,0,STAGE_1_PERFORMING,0.43%,1.1x,BOMET_BRANCH
2025-10-31,STR-LN-101499,TKN-SHA256-244DBB30,John Mwangi,ID-HASH-B31D7471C7,BOSA-NRM,Development Loan Normal,510000.00,342000.00,18000.00,0,STAGE_1_PERFORMING,0.42%,2.9x,WESTLANDS
2025-10-31,STR-LN-101500,TKN-SHA256-C9E1607A,Jane Ruto,ID-HASH-CA998FD072,FOSA-ADV,Salary Advance 30D,135000.00,124000.00,4500.00,0,STAGE_1_PERFORMING,0.63%,1.3x,NANDI_HILLS
2025-10-31,STR-LN-101501,TKN-SHA256-80F6CC5E,Catherine Hassan,ID-HASH-A0F4F7013A,FOSA-ADV,Salary Advance 30D,40000.00,37000.00,1500.00,0,STAGE_1_PERFORMING,0.46%,1.3x,WESTLANDS
2025-10-31,STR-LN-101502,TKN-SHA256-486B8159,Dennis Gitonga,ID-HASH-4A91A97346,FOSA-ADV,Salary Advance 30D,95000.00,40000.00,3500.00,0,STAGE_1_PERFORMING,0.44%,0.9x,HQ_NAIROBI
2025-10-31,STR-LN-101503,TKN-SHA256-08FE6FF0,Grace Bett,ID-HASH-1AFF939D0B,ASSET-FIN,Vehicle & Asset Finance,4090000.00,2200000.00,143000.00,0,STAGE_1_PERFORMING,0.36%,2.0x,MOMBASA_BR
2025-10-31,STR-LN-101504,TKN-SHA256-3F7A78A6,Gladys Langat,ID-HASH-7AED83D990,BOSA-EMG,Emergency Medical Facility,160000.00,116000.00,5500.00,0,STAGE_1_PERFORMING,0.25%,2.8x,KERICHO_CENTRAL
2025-10-31,STR-LN-101505,TKN-SHA256-CAAAD4A0,Wesley Rono,ID-HASH-9AC4AFCF00,AGRI-TEA,Tea & Coffee Farm Development,1080000.00,960000.00,38000.00,0,STAGE_1_PERFORMING,0.26%,3.3x,KISUMU_BR
2025-10-31,STR-LN-101506,TKN-SHA256-E6F09B26,Hassan Ruto,ID-HASH-2FD6B33F0D,AGRI-TEA,Tea & Coffee Farm Development,1170000.00,209000.00,41000.00,0,STAGE_1_PERFORMING,0.34%,2.6x,ELDORET_BR
2025-10-31,STR-LN-101507,TKN-SHA256-856F6622,David Otieno,ID-HASH-DC9402F66B,BOSA-EMG,Emergency Medical Facility,160000.00,109000.00,5500.00,0,STAGE_1_PERFORMING,0.36%,2.7x,WESTLANDS
2025-10-31,STR-LN-101508,TKN-SHA256-862CC423,Kiprono Wanjiku,ID-HASH-1B43D254D6,BOSA-EMG,Emergency Medical Facility,240000.00,76000.00,8500.00,86,STAGE_2_UNDERPERFORMING,7.48%,3.1x,MOMBASA_BR
2025-10-31,STR-LN-101509,TKN-SHA256-31992E35,Hassan Bett,ID-HASH-63BD473B92,FOSA-ADV,Salary Advance 30D,125000.00,117000.00,4500.00,0,STAGE_1_PERFORMING,0.69%,1.0x,BOMET_BRANCH
2025-10-31,STR-LN-101510,TKN-SHA256-C743D619,Alice Bett,ID-HASH-1ABB254F8F,MSME-WCP,Business Working Capital,880000.00,248000.00,31000.00,0,STAGE_1_PERFORMING,0.75%,2.2x,KERICHO_CENTRAL
2025-10-31,STR-LN-101511,TKN-SHA256-0F972349,Wesley Ochieng,ID-HASH-1597BCF79C,BOSA-SCH,School Fees Advance,245000.00,196000.00,8500.00,0,STAGE_1_PERFORMING,0.17%,3.3x,KISUMU_BR
2025-10-31,STR-LN-101512,TKN-SHA256-2232BB72,Lucy Achieng,ID-HASH-FD32E13BF4,BOSA-EMG,Emergency Medical Facility,255000.00,134000.00,9000.00,0,STAGE_1_PERFORMING,0.55%,2.3x,HQ_NAIROBI
2025-10-31,STR-LN-101513,TKN-SHA256-E0D3C785,Hassan Gitonga,ID-HASH-448AE0CA6D,MSME-WCP,Business Working Capital,820000.00,604000.00,28500.00,27,STAGE_1_EARLY_WATCH,4.37%,1.7x,UPPER_HILL
2025-10-31,STR-LN-101514,TKN-SHA256-182E6E4D,Beatrice Wanjiku,ID-HASH-CA5C552653,AGRI-TEA,Tea & Coffee Farm Development,405000.00,66000.00,14000.00,0,STAGE_1_PERFORMING,0.57%,2.2x,KERICHO_CENTRAL
2025-10-31,STR-LN-101515,TKN-SHA256-096E7E40,Mercy Njoroge,ID-HASH-3AF86D51B4,BOSA-NRM,Development Loan Normal,1740000.00,1281000.00,61000.00,0,STAGE_1_PERFORMING,0.32%,2.9x,UPPER_HILL
2025-10-31,STR-LN-101516,TKN-SHA256-C7687D8D,Jane Korir,ID-HASH-AC76A078A0,BOSA-SCH,School Fees Advance,220000.00,187000.00,7500.00,0,STAGE_1_PERFORMING,0.76%,4.5x,HQ_NAIROBI
2025-10-31,STR-LN-101517,TKN-SHA256-E4C69784,Jane Sang,ID-HASH-B6234281C5,BOSA-EMG,Emergency Medical Facility,70000.00,22000.00,2500.00,0,STAGE_1_PERFORMING,0.36%,3.2x,KISUMU_BR
2025-10-31,STR-LN-101518,TKN-SHA256-00AAABBB,Jane Achieng,ID-HASH-A8BA6B8680,BOSA-EMG,Emergency Medical Facility,150000.00,79000.00,5500.00,0,STAGE_1_PERFORMING,0.65%,2.6x,KERICHO_CENTRAL
2025-10-31,STR-LN-101519,TKN-SHA256-139E20B1,Philemon Mwangi,ID-HASH-16131E5DED,AGRI-TEA,Tea & Coffee Farm Development,925000.00,201000.00,32500.00,0,STAGE_1_PERFORMING,0.70%,3.4x,KERICHO_CENTRAL
2025-10-31,STR-LN-101520,TKN-SHA256-C07CB9F6,Alice Kariuki,ID-HASH-431AD737D0,FOSA-ADV,Salary Advance 30D,65000.00,28000.00,2500.00,0,STAGE_1_PERFORMING,0.68%,1.5x,WESTLANDS
2025-10-31,STR-LN-101521,TKN-SHA256-9DDF2C8F,Lucy Wanjiku,ID-HASH-9A14456FFC,BOSA-NRM,Development Loan Normal,1020000.00,887000.00,35500.00,0,STAGE_1_PERFORMING,0.50%,4.2x,ELDORET_BR
2025-10-31,STR-LN-101522,TKN-SHA256-5B48F5D3,Geoffrey Otieno,ID-HASH-1BA51CE59B,AGRI-TEA,Tea & Coffee Farm Development,910000.00,155000.00,32000.00,40,STAGE_2_UNDERPERFORMING,10.98%,3.7x,HQ_NAIROBI
2025-10-31,STR-LN-101523,TKN-SHA256-5BA7C4F8,Jane Bett,ID-HASH-7E3493DC79,AGRI-TEA,Tea & Coffee Farm Development,160000.00,94000.00,5500.00,0,STAGE_1_PERFORMING,0.70%,2.3x,KISUMU_BR
2025-10-31,STR-LN-101524,TKN-SHA256-67906BB8,John Wanjiku,ID-HASH-230E4DB315,AGRI-TEA,Tea & Coffee Farm Development,410000.00,343000.00,14500.00,57,STAGE_2_UNDERPERFORMING,7.40%,3.7x,WESTLANDS
2025-10-31,STR-LN-101525,TKN-SHA256-90408F80,Hassan Kamau,ID-HASH-F44914D41B,BOSA-NRM,Development Loan Normal,1705000.00,1469000.00,59500.00,0,STAGE_1_PERFORMING,0.79%,2.9x,NAKURU_BR
2025-10-31,STR-LN-101526,TKN-SHA256-7D370BF9,Cosmas Achieng,ID-HASH-C156036D29,AGRI-TEA,Tea & Coffee Farm Development,945000.00,319000.00,33000.00,0,STAGE_1_PERFORMING,0.71%,3.7x,KERICHO_CENTRAL
2025-10-31,STR-LN-101527,TKN-SHA256-7707FB6B,Fatuma Cheruiyot,ID-HASH-826DD4F3A2,ASSET-FIN,Vehicle & Asset Finance,4900000.00,3177000.00,171500.00,0,STAGE_1_PERFORMING,0.70%,1.6x,NAKURU_BR
2025-10-31,STR-LN-101528,TKN-SHA256-D559B191,Dennis Sang,ID-HASH-FEED9B7740,BOSA-NRM,Development Loan Normal,3030000.00,1847000.00,106000.00,0,STAGE_1_PERFORMING,0.43%,3.7x,WESTLANDS
2025-10-31,STR-LN-101529,TKN-SHA256-26A6E14A,Emmanuel Kiptoo,ID-HASH-958AF19965,BOSA-NRM,Development Loan Normal,2005000.00,1567000.00,70000.00,0,STAGE_1_PERFORMING,0.38%,4.0x,KERICHO_CENTRAL
2025-10-31,STR-LN-101530,TKN-SHA256-0A21C9A0,Catherine Ali,ID-HASH-731DB1F791,BOSA-NRM,Development Loan Normal,1400000.00,257000.00,49000.00,0,STAGE_1_PERFORMING,0.37%,4.1x,BOMET_BRANCH
2025-10-31,STR-LN-101531,TKN-SHA256-50E155F9,Philemon Njoroge,ID-HASH-8E5201DCD0,BOSA-EMG,Emergency Medical Facility,275000.00,110000.00,9500.00,0,STAGE_1_PERFORMING,0.18%,2.8x,WESTLANDS
2025-10-31,STR-LN-101532,TKN-SHA256-E9360174,Stephen Korir,ID-HASH-948525CE35,BOSA-EMG,Emergency Medical Facility,245000.00,45000.00,8500.00,0,STAGE_1_PERFORMING,0.39%,2.6x,KISUMU_BR
2025-10-31,STR-LN-101533,TKN-SHA256-63CC93E4,Kiprono Gitonga,ID-HASH-52251D7413,ASSET-FIN,Vehicle & Asset Finance,2720000.00,1078000.00,95000.00,69,STAGE_2_UNDERPERFORMING,6.18%,1.9x,KERICHO_CENTRAL
2025-10-31,STR-LN-101534,TKN-SHA256-5E0B874A,Fatuma Wambui,ID-HASH-2EAE705ABB,FOSA-ADV,Salary Advance 30D,50000.00,26000.00,2000.00,0,STAGE_1_PERFORMING,0.65%,0.9x,NANDI_HILLS
2025-10-31,STR-LN-101535,TKN-SHA256-A200A9EA,Catherine Wambui,ID-HASH-080FE0ADD4,MSME-WCP,Business Working Capital,855000.00,801000.00,30000.00,0,STAGE_1_PERFORMING,0.26%,2.5x,UPPER_HILL
2025-10-31,STR-LN-101536,TKN-SHA256-DC94514C,Tabitha Ochieng,ID-HASH-DFD1C9170C,BOSA-EMG,Emergency Medical Facility,225000.00,145000.00,8000.00,0,STAGE_1_PERFORMING,0.63%,3.3x,UPPER_HILL
2025-10-31,STR-LN-101537,TKN-SHA256-CB44051C,Fatuma Wanjiku,ID-HASH-8C40C21518,BOSA-SCH,School Fees Advance,80000.00,35000.00,3000.00,10,STAGE_1_EARLY_WATCH,2.48%,3.1x,NANDI_HILLS
2025-10-31,STR-LN-101538,TKN-SHA256-2B087E69,Philemon Kiptoo,ID-HASH-0F813AF706,MSME-WCP,Business Working Capital,1350000.00,1118000.00,47500.00,20,STAGE_1_EARLY_WATCH,2.20%,1.8x,WESTLANDS
2025-10-31,STR-LN-101539,TKN-SHA256-986D2854,Fatuma Siele,ID-HASH-5A69FE0444,AGRI-TEA,Tea & Coffee Farm Development,770000.00,720000.00,27000.00,99,STAGE_3_NON_PERFORMING,26.05%,3.4x,HQ_NAIROBI
2025-10-31,STR-LN-101540,TKN-SHA256-AC1A2BD8,Mary Gitonga,ID-HASH-17824732F2,FOSA-ADV,Salary Advance 30D,30000.00,13000.00,1000.00,0,STAGE_1_PERFORMING,0.76%,1.3x,NAKURU_BR
2025-10-31,STR-LN-101541,TKN-SHA256-045B575A,Bernard Sang,ID-HASH-B699DD3145,MSME-WCP,Business Working Capital,985000.00,580000.00,34500.00,0,STAGE_1_PERFORMING,0.65%,1.5x,BOMET_BRANCH
2025-10-31,STR-LN-101542,TKN-SHA256-A68E7DA2,David Bett,ID-HASH-6D924C612D,MSME-WCP,Business Working Capital,200000.00,168000.00,7000.00,0,STAGE_1_PERFORMING,0.82%,2.6x,KISUMU_BR
2025-10-31,STR-LN-101543,TKN-SHA256-1BA53E2E,Gladys Wambui,ID-HASH-24EF7EADFF,MSME-WCP,Business Working Capital,350000.00,145000.00,12500.00,2,STAGE_1_EARLY_WATCH,3.86%,1.9x,HQ_NAIROBI
2025-10-31,STR-LN-101544,TKN-SHA256-F5F4EB8F,Wesley Langat,ID-HASH-383BB0C015,BOSA-EMG,Emergency Medical Facility,100000.00,61000.00,3500.00,0,STAGE_1_PERFORMING,0.39%,2.7x,BOMET_BRANCH
2025-10-31,STR-LN-101545,TKN-SHA256-F9AE08E0,Peter Omondi,ID-HASH-DE4E7B1475,ASSET-FIN,Vehicle & Asset Finance,4460000.00,1694000.00,156000.00,0,STAGE_1_PERFORMING,0.24%,1.2x,HQ_NAIROBI
2025-10-31,STR-LN-101546,TKN-SHA256-AB2D893E,Bernard Koech,ID-HASH-5E007FDC74,BOSA-EMG,Emergency Medical Facility,170000.00,78000.00,6000.00,0,STAGE_1_PERFORMING,0.64%,2.8x,MOMBASA_BR
2025-10-31,STR-LN-101547,TKN-SHA256-26BBF483,David Cheruiyot,ID-HASH-6C2AC3DE19,BOSA-SCH,School Fees Advance,175000.00,146000.00,6000.00,57,STAGE_2_UNDERPERFORMING,12.71%,4.6x,KISUMU_BR
2025-10-31,STR-LN-101548,TKN-SHA256-5C50B45B,Gladys Cheruiyot,ID-HASH-22D173AF27,AGRI-TEA,Tea & Coffee Farm Development,680000.00,444000.00,24000.00,0,STAGE_1_PERFORMING,0.94%,3.7x,KERICHO_CENTRAL
2025-10-31,STR-LN-101549,TKN-SHA256-B1CFCF77,James Siele,ID-HASH-FDFD31BABB,FOSA-ADV,Salary Advance 30D,145000.00,67000.00,5000.00,0,STAGE_1_PERFORMING,0.70%,1.5x,KERICHO_CENTRAL
2025-10-31,STR-LN-101550,TKN-SHA256-3FF576CB,Gladys Korir,ID-HASH-464FE67733,BOSA-SCH,School Fees Advance,175000.00,148000.00,6000.00,0,STAGE_1_PERFORMING,0.48%,3.3x,NANDI_HILLS
2025-10-31,STR-LN-101551,TKN-SHA256-FB46F3F2,Emmanuel Hassan,ID-HASH-E362F0DD4B,MSME-WCP,Business Working Capital,255000.00,100000.00,9000.00,0,STAGE_1_PERFORMING,0.41%,2.1x,NANDI_HILLS
2025-10-31,STR-LN-101552,TKN-SHA256-7E3F13FB,David Sang,ID-HASH-6DA0428A9C,MSME-WCP,Business Working Capital,745000.00,558000.00,26000.00,73,STAGE_2_UNDERPERFORMING,9.23%,1.6x,NANDI_HILLS
2025-10-31,STR-LN-101553,TKN-SHA256-CFBA25F5,Stephen Ali,ID-HASH-B9FE4613BF,BOSA-SCH,School Fees Advance,45000.00,30000.00,1500.00,71,STAGE_2_UNDERPERFORMING,9.89%,3.7x,KERICHO_CENTRAL
2025-10-31,STR-LN-101554,TKN-SHA256-828B462B,Grace Omondi,ID-HASH-3420704F03,AGRI-TEA,Tea & Coffee Farm Development,835000.00,231000.00,29000.00,16,STAGE_1_EARLY_WATCH,3.07%,2.9x,KERICHO_CENTRAL
2025-10-31,STR-LN-101555,TKN-SHA256-E6531E9F,Alice Korir,ID-HASH-199B37C201,BOSA-EMG,Emergency Medical Facility,130000.00,55000.00,4500.00,0,STAGE_1_PERFORMING,0.26%,3.3x,BOMET_BRANCH
2025-10-31,STR-LN-101556,TKN-SHA256-CDCA8EEC,Bernard Rono,ID-HASH-7BFBA99AF7,BOSA-NRM,Development Loan Normal,1145000.00,524000.00,40000.00,0,STAGE_1_PERFORMING,0.58%,2.6x,KISUMU_BR
2025-10-31,STR-LN-101557,TKN-SHA256-088C81CF,Emmanuel Omondi,ID-HASH-5E0DACF4AA,BOSA-NRM,Development Loan Normal,855000.00,648000.00,30000.00,9,STAGE_1_EARLY_WATCH,2.60%,3.9x,KISUMU_BR
2025-10-31,STR-LN-101558,TKN-SHA256-F8BF5CBF,Beatrice Otieno,ID-HASH-461F95FAE8,AGRI-TEA,Tea & Coffee Farm Development,1040000.00,560000.00,36500.00,0,STAGE_1_PERFORMING,0.76%,2.8x,NANDI_HILLS
2025-10-31,STR-LN-101559,TKN-SHA256-606593D4,Samuel Mwangi,ID-HASH-B7792D1EC7,ASSET-FIN,Vehicle & Asset Finance,1915000.00,708000.00,67000.00,0,STAGE_1_PERFORMING,0.58%,1.7x,KERICHO_CENTRAL
2025-10-31,STR-LN-101560,TKN-SHA256-EAE6A455,Emmanuel Njoroge,ID-HASH-747BD41904,BOSA-EMG,Emergency Medical Facility,265000.00,244000.00,9500.00,0,STAGE_1_PERFORMING,0.43%,2.5x,KISUMU_BR
2025-10-31,STR-LN-101561,TKN-SHA256-F0DFC350,Wesley Kariuki,ID-HASH-522E934540,BOSA-NRM,Development Loan Normal,2025000.00,1433000.00,71000.00,0,STAGE_1_PERFORMING,0.38%,2.7x,UPPER_HILL
2025-10-31,STR-LN-101562,TKN-SHA256-C7E63E69,Lucy Sang,ID-HASH-71843A2AFC,MSME-WCP,Business Working Capital,935000.00,680000.00,32500.00,0,STAGE_1_PERFORMING,0.53%,1.5x,ELDORET_BR
2025-10-31,STR-LN-101563,TKN-SHA256-FE42A6F4,Bernard Sang,ID-HASH-F1FD73D35D,BOSA-NRM,Development Loan Normal,3145000.00,2480000.00,110000.00,0,STAGE_1_PERFORMING,0.61%,3.3x,KERICHO_CENTRAL
2025-10-31,STR-LN-101564,TKN-SHA256-A25F581D,Cosmas Kiptoo,ID-HASH-AC5AFCFB75,FOSA-ADV,Salary Advance 30D,35000.00,27000.00,1000.00,76,STAGE_2_UNDERPERFORMING,7.92%,1.4x,BOMET_BRANCH
2025-10-31,STR-LN-101565,TKN-SHA256-720CE0D1,David Mwangi,ID-HASH-779B39A1F1,AGRI-TEA,Tea & Coffee Farm Development,935000.00,436000.00,32500.00,0,STAGE_1_PERFORMING,0.51%,2.7x,KISUMU_BR
2025-10-31,STR-LN-101566,TKN-SHA256-67748359,Dennis Ochieng,ID-HASH-F77900BC9B,MSME-WCP,Business Working Capital,1735000.00,1474000.00,60500.00,0,STAGE_1_PERFORMING,0.25%,1.9x,HQ_NAIROBI
2025-10-31,STR-LN-101567,TKN-SHA256-97C4A7EC,Peter Kamau,ID-HASH-627D69F194,BOSA-EMG,Emergency Medical Facility,120000.00,66000.00,4000.00,0,STAGE_1_PERFORMING,0.54%,2.0x,KISUMU_BR
2025-10-31,STR-LN-101568,TKN-SHA256-15A37589,Tabitha Wambui,ID-HASH-2D4F119B75,BOSA-EMG,Emergency Medical Facility,75000.00,17000.00,2500.00,0,STAGE_1_PERFORMING,0.36%,3.2x,WESTLANDS
2025-10-31,STR-LN-101569,TKN-SHA256-8CB71E28,Wesley Mutua,ID-HASH-14530FB613,FOSA-ADV,Salary Advance 30D,120000.00,105000.00,4000.00,0,STAGE_1_PERFORMING,0.71%,1.3x,BOMET_BRANCH
2025-10-31,STR-LN-101570,TKN-SHA256-FABF6BD9,Jane Chebet,ID-HASH-FE9031F526,BOSA-EMG,Emergency Medical Facility,295000.00,80000.00,10500.00,0,STAGE_1_PERFORMING,0.86%,2.5x,KISUMU_BR
2025-10-31,STR-LN-101571,TKN-SHA256-35EE54D3,Emmanuel Hassan,ID-HASH-492051D423,BOSA-SCH,School Fees Advance,55000.00,43000.00,2000.00,0,STAGE_1_PERFORMING,0.20%,3.8x,KISUMU_BR
2025-10-31,STR-LN-101572,TKN-SHA256-58EE71C1,Grace Bett,ID-HASH-463A2C1226,MSME-WCP,Business Working Capital,410000.00,139000.00,14500.00,0,STAGE_1_PERFORMING,0.49%,2.4x,UPPER_HILL
2025-10-31,STR-LN-101573,TKN-SHA256-9A9FA2DB,Catherine Korir,ID-HASH-781E980269,FOSA-ADV,Salary Advance 30D,135000.00,128000.00,4500.00,0,STAGE_1_PERFORMING,0.88%,1.0x,ELDORET_BR
2025-10-31,STR-LN-101574,TKN-SHA256-8AC4E713,Samuel Korir,ID-HASH-39F4082061,BOSA-EMG,Emergency Medical Facility,180000.00,88000.00,6500.00,0,STAGE_1_PERFORMING,0.24%,3.2x,WESTLANDS
2025-10-31,STR-LN-101575,TKN-SHA256-B6124E6D,Mercy Kimani,ID-HASH-FFF6AE1920,BOSA-SCH,School Fees Advance,205000.00,153000.00,7000.00,0,STAGE_1_PERFORMING,0.62%,4.1x,HQ_NAIROBI
2025-10-31,STR-LN-101576,TKN-SHA256-B58C3515,Grace Chebet,ID-HASH-1FE5B15C0A,FOSA-ADV,Salary Advance 30D,130000.00,62000.00,4500.00,0,STAGE_1_PERFORMING,0.51%,1.0x,KERICHO_CENTRAL
2025-10-31,STR-LN-101577,TKN-SHA256-33117CF0,Fatuma Cheruiyot,ID-HASH-BC38167B61,MSME-WCP,Business Working Capital,1795000.00,1703000.00,63000.00,27,STAGE_1_EARLY_WATCH,1.80%,2.1x,NAKURU_BR
2025-10-31,STR-LN-101578,TKN-SHA256-BF549FDA,Beatrice Achieng,ID-HASH-5E751328FB,FOSA-ADV,Salary Advance 30D,40000.00,37000.00,1500.00,0,STAGE_1_PERFORMING,0.95%,1.6x,WESTLANDS
2025-10-31,STR-LN-101579,TKN-SHA256-8777A8A9,Alice Bett,ID-HASH-F7711ABB4F,BOSA-SCH,School Fees Advance,250000.00,160000.00,9000.00,0,STAGE_1_PERFORMING,0.33%,3.1x,NAKURU_BR
2025-10-31,STR-LN-101580,TKN-SHA256-CD447A00,Peter Otieno,ID-HASH-4BD0868A91,ASSET-FIN,Vehicle & Asset Finance,2340000.00,1273000.00,82000.00,0,STAGE_1_PERFORMING,0.59%,1.8x,KISUMU_BR
2025-10-31,STR-LN-101581,TKN-SHA256-F34958AB,Cosmas Mutua,ID-HASH-1E3AD92FCE,FOSA-ADV,Salary Advance 30D,120000.00,83000.00,4000.00,0,STAGE_1_PERFORMING,0.93%,1.2x,NAKURU_BR
2025-10-31,STR-LN-101582,TKN-SHA256-E4FF0F49,Kiprono Sang,ID-HASH-D62046CD06,AGRI-TEA,Tea & Coffee Farm Development,645000.00,552000.00,22500.00,21,STAGE_1_EARLY_WATCH,3.07%,2.4x,KISUMU_BR
2025-10-31,STR-LN-101583,TKN-SHA256-763389D6,Mercy Sang,ID-HASH-46A423B7D8,BOSA-SCH,School Fees Advance,235000.00,157000.00,8000.00,22,STAGE_1_EARLY_WATCH,2.36%,3.6x,ELDORET_BR
2025-10-31,STR-LN-101584,TKN-SHA256-09A2D78E,Philemon Wanjiku,ID-HASH-6301317E66,BOSA-EMG,Emergency Medical Facility,100000.00,90000.00,3500.00,121,STAGE_3_NON_PERFORMING,39.30%,3.2x,MOMBASA_BR
2025-10-31,STR-LN-101585,TKN-SHA256-1054067C,Wesley Kimani,ID-HASH-006C6DA2F1,BOSA-NRM,Development Loan Normal,1200000.00,308000.00,42000.00,0,STAGE_1_PERFORMING,0.45%,4.1x,KISUMU_BR
2025-10-31,STR-LN-101586,TKN-SHA256-4067CA6D,Kiprono Cheruiyot,ID-HASH-858934B82C,MSME-WCP,Business Working Capital,980000.00,163000.00,34500.00,0,STAGE_1_PERFORMING,0.57%,1.7x,ELDORET_BR
2025-10-31,STR-LN-101587,TKN-SHA256-6F3FF714,Geoffrey Rono,ID-HASH-05CD0EDF5F,ASSET-FIN,Vehicle & Asset Finance,3040000.00,1074000.00,106500.00,0,STAGE_1_PERFORMING,0.42%,1.7x,NAKURU_BR
2025-10-31,STR-LN-101588,TKN-SHA256-1BB9E066,Samuel Rono,ID-HASH-D35F8B1D7B,AGRI-TEA,Tea & Coffee Farm Development,555000.00,153000.00,19500.00,0,STAGE_1_PERFORMING,0.89%,2.2x,UPPER_HILL
2025-10-31,STR-LN-101589,TKN-SHA256-CA536EB4,Catherine Omondi,ID-HASH-E39224B184,ASSET-FIN,Vehicle & Asset Finance,2200000.00,960000.00,77000.00,0,STAGE_1_PERFORMING,0.41%,1.9x,MOMBASA_BR
2025-10-31,STR-LN-101590,TKN-SHA256-1BDA9A43,James Hassan,ID-HASH-3CD373A16B,BOSA-NRM,Development Loan Normal,535000.00,144000.00,18500.00,17,STAGE_1_EARLY_WATCH,2.44%,2.5x,MOMBASA_BR
2025-10-31,STR-LN-101591,TKN-SHA256-2F30251E,Grace Langat,ID-HASH-0F3C433147,ASSET-FIN,Vehicle & Asset Finance,3330000.00,3005000.00,116500.00,0,STAGE_1_PERFORMING,0.80%,1.7x,NANDI_HILLS
2025-10-31,STR-LN-101592,TKN-SHA256-FA23BA14,James Omondi,ID-HASH-1C36A776B5,BOSA-SCH,School Fees Advance,230000.00,214000.00,8000.00,0,STAGE_1_PERFORMING,0.83%,3.3x,UPPER_HILL
2025-10-31,STR-LN-101593,TKN-SHA256-32B50AE7,James Ruto,ID-HASH-483464FFA8,AGRI-TEA,Tea & Coffee Farm Development,450000.00,162000.00,16000.00,176,STAGE_3_NON_PERFORMING,41.70%,3.4x,NANDI_HILLS
2025-10-31,STR-LN-101594,TKN-SHA256-D0AAF69F,Kiprono Kariuki,ID-HASH-265A3DAEC7,BOSA-EMG,Emergency Medical Facility,240000.00,168000.00,8500.00,0,STAGE_1_PERFORMING,0.38%,2.5x,WESTLANDS
2025-10-31,STR-LN-101595,TKN-SHA256-1E2848A4,Peter Wambui,ID-HASH-3C155C045C,ASSET-FIN,Vehicle & Asset Finance,4515000.00,947000.00,158000.00,0,STAGE_1_PERFORMING,0.91%,1.8x,ELDORET_BR
2025-10-31,STR-LN-101596,TKN-SHA256-ED3ED2E5,Hassan Wambui,ID-HASH-D200A31196,BOSA-NRM,Development Loan Normal,1000000.00,287000.00,35000.00,0,STAGE_1_PERFORMING,0.85%,2.4x,UPPER_HILL
2025-10-31,STR-LN-101597,TKN-SHA256-3F68E671,Geoffrey Rono,ID-HASH-A7F5F0945B,BOSA-NRM,Development Loan Normal,2450000.00,1915000.00,86000.00,38,STAGE_2_UNDERPERFORMING,12.53%,3.4x,UPPER_HILL
2025-10-31,STR-LN-101598,TKN-SHA256-F23FEB75,John Korir,ID-HASH-34CE736D7C,ASSET-FIN,Vehicle & Asset Finance,4540000.00,3417000.00,159000.00,0,STAGE_1_PERFORMING,0.19%,1.6x,KERICHO_CENTRAL
2025-10-31,STR-LN-101599,TKN-SHA256-C47E27D4,Fatuma Gitonga,ID-HASH-2DE2788C45,BOSA-NRM,Development Loan Normal,2245000.00,697000.00,78500.00,0,STAGE_1_PERFORMING,0.89%,3.0x,BOMET_BRANCH
2025-10-31,STR-LN-101600,TKN-SHA256-4C122535,Dennis Kiptoo,ID-HASH-C10C46350F,BOSA-NRM,Development Loan Normal,2045000.00,1228000.00,71500.00,0,STAGE_1_PERFORMING,0.66%,3.5x,BOMET_BRANCH
2025-10-31,STR-LN-101601,TKN-SHA256-3D7E3D63,David Koech,ID-HASH-D605DD471D,BOSA-NRM,Development Loan Normal,1130000.00,977000.00,39500.00,0,STAGE_1_PERFORMING,0.49%,4.0x,HQ_NAIROBI
2025-10-31,STR-LN-101602,TKN-SHA256-C94BA071,Emmanuel Kiptoo,ID-HASH-8E928340C5,AGRI-TEA,Tea & Coffee Farm Development,735000.00,323000.00,25500.00,0,STAGE_1_PERFORMING,0.92%,3.0x,WESTLANDS
2025-10-31,STR-LN-101603,TKN-SHA256-4842E9A2,Lucy Kiptoo,ID-HASH-797EDEEFE3,BOSA-NRM,Development Loan Normal,3430000.00,3220000.00,120000.00,0,STAGE_1_PERFORMING,0.57%,3.2x,HQ_NAIROBI
2025-10-31,STR-LN-101604,TKN-SHA256-FEBF8F62,Beatrice Mutua,ID-HASH-3B263BEEB2,AGRI-TEA,Tea & Coffee Farm Development,305000.00,287000.00,10500.00,0,STAGE_1_PERFORMING,0.54%,3.6x,BOMET_BRANCH
2025-10-31,STR-LN-101605,TKN-SHA256-72171DA6,James Bett,ID-HASH-525B678054,AGRI-TEA,Tea & Coffee Farm Development,935000.00,567000.00,32500.00,0,STAGE_1_PERFORMING,0.50%,2.3x,KISUMU_BR
2025-10-31,STR-LN-101606,TKN-SHA256-42EDCCAE,Peter Chebet,ID-HASH-E9314C6056,ASSET-FIN,Vehicle & Asset Finance,2915000.00,1302000.00,102000.00,0,STAGE_1_PERFORMING,0.48%,1.7x,MOMBASA_BR
2025-10-31,STR-LN-101607,TKN-SHA256-F04D0A7E,Bernard Wanjiku,ID-HASH-3FAD71DE01,BOSA-EMG,Emergency Medical Facility,180000.00,47000.00,6500.00,0,STAGE_1_PERFORMING,0.21%,2.6x,NANDI_HILLS
2025-10-31,STR-LN-101608,TKN-SHA256-2F4F33C4,Geoffrey Achieng,ID-HASH-E0170E4235,AGRI-TEA,Tea & Coffee Farm Development,1175000.00,260000.00,41000.00,0,STAGE_1_PERFORMING,0.24%,3.4x,UPPER_HILL
2025-10-31,STR-LN-101609,TKN-SHA256-5C095C2C,Tabitha Achieng,ID-HASH-74BB550F91,BOSA-SCH,School Fees Advance,165000.00,127000.00,6000.00,0,STAGE_1_PERFORMING,0.80%,4.4x,UPPER_HILL
2025-10-31,STR-LN-101610,TKN-SHA256-00694B18,Tabitha Siele,ID-HASH-9783336FB9,BOSA-EMG,Emergency Medical Facility,235000.00,168000.00,8000.00,0,STAGE_1_PERFORMING,0.16%,2.4x,MOMBASA_BR
2025-10-31,STR-LN-101611,TKN-SHA256-9C41F266,David Kariuki,ID-HASH-D5BE8C04A9,BOSA-SCH,School Fees Advance,75000.00,57000.00,2500.00,0,STAGE_1_PERFORMING,0.32%,4.1x,ELDORET_BR
2025-10-31,STR-LN-101612,TKN-SHA256-8996EE06,Kiprono Cheruiyot,ID-HASH-7AA13B8342,BOSA-NRM,Development Loan Normal,1445000.00,1351000.00,50500.00,0,STAGE_1_PERFORMING,0.57%,2.9x,MOMBASA_BR
2025-10-31,STR-LN-101613,TKN-SHA256-72EC81C4,Tabitha Koech,ID-HASH-CBC91BA4D0,BOSA-NRM,Development Loan Normal,2890000.00,2103000.00,101000.00,0,STAGE_1_PERFORMING,0.73%,2.8x,NANDI_HILLS
2025-10-31,STR-LN-101614,TKN-SHA256-538AC899,Kiprono Siele,ID-HASH-1C7F4234ED,AGRI-TEA,Tea & Coffee Farm Development,550000.00,338000.00,19500.00,0,STAGE_1_PERFORMING,0.49%,3.3x,HQ_NAIROBI
2025-10-31,STR-LN-101615,TKN-SHA256-2DEF9686,Lucy Achieng,ID-HASH-2B038C1BBD,ASSET-FIN,Vehicle & Asset Finance,4145000.00,3717000.00,145000.00,0,STAGE_1_PERFORMING,0.71%,1.8x,NAKURU_BR
2025-10-31,STR-LN-101616,TKN-SHA256-42015E3C,Geoffrey Mwangi,ID-HASH-8D35AED232,FOSA-ADV,Salary Advance 30D,75000.00,42000.00,2500.00,0,STAGE_1_PERFORMING,0.29%,1.0x,UPPER_HILL
2025-10-31,STR-LN-101617,TKN-SHA256-D127BAD5,Gladys Kamau,ID-HASH-047D84DD1D,BOSA-EMG,Emergency Medical Facility,200000.00,86000.00,7000.00,0,STAGE_1_PERFORMING,0.68%,2.0x,BOMET_BRANCH
2025-10-31,STR-LN-101618,TKN-SHA256-16AE3274,David Njoroge,ID-HASH-B05EF47A00,BOSA-EMG,Emergency Medical Facility,185000.00,32000.00,6500.00,0,STAGE_1_PERFORMING,0.22%,1.9x,ELDORET_BR
2025-10-31,STR-LN-101619,TKN-SHA256-CF0BA72E,Peter Achieng,ID-HASH-910C85D3C2,AGRI-TEA,Tea & Coffee Farm Development,420000.00,364000.00,14500.00,0,STAGE_1_PERFORMING,0.74%,2.7x,ELDORET_BR
2025-10-31,STR-LN-101620,TKN-SHA256-EFD52540,Stephen Kamau,ID-HASH-47F610DA60,BOSA-SCH,School Fees Advance,125000.00,48000.00,4500.00,7,STAGE_1_EARLY_WATCH,2.27%,4.2x,KISUMU_BR
2025-10-31,STR-LN-101621,TKN-SHA256-811E275D,Bernard Sang,ID-HASH-7162A64DBD,BOSA-NRM,Development Loan Normal,1490000.00,936000.00,52000.00,0,STAGE_1_PERFORMING,0.82%,4.0x,NANDI_HILLS
2025-10-31,STR-LN-101622,TKN-SHA256-474BE17F,Wesley Kiptoo,ID-HASH-4256D21373,ASSET-FIN,Vehicle & Asset Finance,4070000.00,2450000.00,142500.00,0,STAGE_1_PERFORMING,0.59%,1.2x,ELDORET_BR
2025-10-31,STR-LN-101623,TKN-SHA256-E8B252A6,Kiprono Mwangi,ID-HASH-30671379D3,BOSA-NRM,Development Loan Normal,2815000.00,605000.00,98500.00,0,STAGE_1_PERFORMING,0.38%,4.3x,KISUMU_BR
2025-10-31,STR-LN-101624,TKN-SHA256-B9E7578D,James Rono,ID-HASH-4A987F5CED,BOSA-NRM,Development Loan Normal,915000.00,239000.00,32000.00,0,STAGE_1_PERFORMING,0.66%,3.9x,KISUMU_BR
2025-10-31,STR-LN-101625,TKN-SHA256-A34F4B48,Tabitha Koech,ID-HASH-7676A2EE01,MSME-WCP,Business Working Capital,1060000.00,968000.00,37000.00,0,STAGE_1_PERFORMING,0.92%,2.5x,ELDORET_BR
2025-10-31,STR-LN-101626,TKN-SHA256-2FA8122B,David Sang,ID-HASH-01576CF123,AGRI-TEA,Tea & Coffee Farm Development,430000.00,149000.00,15000.00,0,STAGE_1_PERFORMING,0.79%,2.6x,KERICHO_CENTRAL
2025-10-31,STR-LN-101627,TKN-SHA256-BE88C72E,James Hassan,ID-HASH-2734369306,BOSA-EMG,Emergency Medical Facility,100000.00,52000.00,3500.00,0,STAGE_1_PERFORMING,0.17%,3.2x,NANDI_HILLS
2025-10-31,STR-LN-101628,TKN-SHA256-EADB315E,Bernard Ali,ID-HASH-D2DF301ACA,MSME-WCP,Business Working Capital,1785000.00,1491000.00,62500.00,0,STAGE_1_PERFORMING,0.59%,2.2x,KERICHO_CENTRAL
2025-10-31,STR-LN-101629,TKN-SHA256-9A99618B,Stephen Korir,ID-HASH-5D0FFC47FE,BOSA-SCH,School Fees Advance,115000.00,80000.00,4000.00,0,STAGE_1_PERFORMING,0.38%,3.6x,KERICHO_CENTRAL
2025-10-31,STR-LN-101630,TKN-SHA256-3EFB5040,Jane Ali,ID-HASH-EFA240F997,AGRI-TEA,Tea & Coffee Farm Development,980000.00,377000.00,34500.00,0,STAGE_1_PERFORMING,0.72%,2.4x,KERICHO_CENTRAL
2025-10-31,STR-LN-101631,TKN-SHA256-F4031430,Samuel Bett,ID-HASH-77EDB2A5BF,ASSET-FIN,Vehicle & Asset Finance,4710000.00,2823000.00,165000.00,0,STAGE_1_PERFORMING,0.51%,1.3x,NAKURU_BR
2025-10-31,STR-LN-101632,TKN-SHA256-3F43434B,Cosmas Rono,ID-HASH-7A90DB1E17,BOSA-SCH,School Fees Advance,105000.00,98000.00,3500.00,72,STAGE_2_UNDERPERFORMING,9.21%,3.8x,KISUMU_BR
2025-10-31,STR-LN-101633,TKN-SHA256-74CC3EF0,Emmanuel Mutua,ID-HASH-36670CAD9F,BOSA-SCH,School Fees Advance,210000.00,91000.00,7500.00,27,STAGE_1_EARLY_WATCH,2.58%,3.1x,BOMET_BRANCH
2025-10-31,STR-LN-101634,TKN-SHA256-7C6C69CA,Wesley Koech,ID-HASH-F1F2872FD2,BOSA-SCH,School Fees Advance,120000.00,102000.00,4000.00,0,STAGE_1_PERFORMING,0.43%,4.3x,KISUMU_BR
2025-10-31,STR-LN-101635,TKN-SHA256-D9DF50DE,Tabitha Koech,ID-HASH-A7128F92FD,AGRI-TEA,Tea & Coffee Farm Development,905000.00,147000.00,31500.00,0,STAGE_1_PERFORMING,0.48%,3.7x,UPPER_HILL
2025-10-31,STR-LN-101636,TKN-SHA256-62912700,Jane Ochieng,ID-HASH-7057250731,BOSA-EMG,Emergency Medical Facility,130000.00,73000.00,4500.00,0,STAGE_1_PERFORMING,0.91%,2.8x,UPPER_HILL
2025-10-31,STR-LN-101637,TKN-SHA256-EDB2FEB2,Jane Wambui,ID-HASH-1BD8EBAD1F,BOSA-SCH,School Fees Advance,240000.00,172000.00,8500.00,0,STAGE_1_PERFORMING,0.89%,3.8x,NAKURU_BR
2025-10-31,STR-LN-101638,TKN-SHA256-519443C5,Mercy Kiptoo,ID-HASH-726A226E46,FOSA-ADV,Salary Advance 30D,40000.00,31000.00,1500.00,0,STAGE_1_PERFORMING,0.55%,1.5x,NAKURU_BR
2025-10-31,STR-LN-101639,TKN-SHA256-3726DAD9,Grace Kiptoo,ID-HASH-79FB274ADF,ASSET-FIN,Vehicle & Asset Finance,1615000.00,306000.00,56500.00,58,STAGE_2_UNDERPERFORMING,8.96%,1.9x,NAKURU_BR
2025-10-31,STR-LN-101640,TKN-SHA256-02CCB958,Philemon Wambui,ID-HASH-D073D2ECA5,ASSET-FIN,Vehicle & Asset Finance,2545000.00,954000.00,89000.00,0,STAGE_1_PERFORMING,0.89%,1.5x,UPPER_HILL
2025-10-31,STR-LN-101641,TKN-SHA256-4701008B,Wesley Korir,ID-HASH-C604C67B25,ASSET-FIN,Vehicle & Asset Finance,4330000.00,2974000.00,151500.00,14,STAGE_1_EARLY_WATCH,1.79%,1.5x,ELDORET_BR
2025-10-31,STR-LN-101642,TKN-SHA256-E36B2892,Grace Ochieng,ID-HASH-620FA151B1,MSME-WCP,Business Working Capital,210000.00,125000.00,7500.00,0,STAGE_1_PERFORMING,0.76%,1.8x,HQ_NAIROBI
2025-10-31,STR-LN-101643,TKN-SHA256-B01CBAE0,Grace Langat,ID-HASH-3722D95755,MSME-WCP,Business Working Capital,1065000.00,334000.00,37500.00,31,STAGE_2_UNDERPERFORMING,14.25%,2.0x,NAKURU_BR
2025-10-31,STR-LN-101644,TKN-SHA256-6306C2F0,Hassan Kariuki,ID-HASH-F5B5D8FD33,FOSA-ADV,Salary Advance 30D,140000.00,110000.00,5000.00,0,STAGE_1_PERFORMING,0.74%,1.5x,NANDI_HILLS
2025-10-31,STR-LN-101645,TKN-SHA256-18CE9F7E,Fatuma Omondi,ID-HASH-985101C713,BOSA-EMG,Emergency Medical Facility,275000.00,202000.00,9500.00,0,STAGE_1_PERFORMING,0.73%,2.6x,WESTLANDS
2025-10-31,STR-LN-101646,TKN-SHA256-A0ABE35F,Lucy Cheruiyot,ID-HASH-E4F1F385FD,BOSA-EMG,Emergency Medical Facility,220000.00,42000.00,7500.00,0,STAGE_1_PERFORMING,0.34%,2.4x,NAKURU_BR
2025-10-31,STR-LN-101647,TKN-SHA256-EE992000,Dennis Kimani,ID-HASH-7EC1F515B0,BOSA-EMG,Emergency Medical Facility,145000.00,90000.00,5000.00,0,STAGE_1_PERFORMING,0.83%,2.4x,HQ_NAIROBI
2025-10-31,STR-LN-101648,TKN-SHA256-BF106593,David Kariuki,ID-HASH-FDC9288886,FOSA-ADV,Salary Advance 30D,85000.00,43000.00,3000.00,0,STAGE_1_PERFORMING,0.33%,1.5x,NANDI_HILLS
2025-10-31,STR-LN-101649,TKN-SHA256-DF2A2C96,Samuel Bett,ID-HASH-549ABD4D40,BOSA-SCH,School Fees Advance,50000.00,46000.00,2000.00,0,STAGE_1_PERFORMING,0.46%,3.9x,KISUMU_BR
2025-10-31,STR-LN-101650,TKN-SHA256-BDE5F08C,Alice Ali,ID-HASH-3371974EE1,BOSA-EMG,Emergency Medical Facility,275000.00,51000.00,9500.00,17,STAGE_1_EARLY_WATCH,2.90%,2.3x,MOMBASA_BR
2025-10-31,STR-LN-101651,TKN-SHA256-ADA406E8,Fatuma Langat,ID-HASH-7969CC592E,ASSET-FIN,Vehicle & Asset Finance,2675000.00,445000.00,93500.00,0,STAGE_1_PERFORMING,0.23%,2.0x,UPPER_HILL
2025-10-31,STR-LN-101652,TKN-SHA256-114BA616,James Wanjiku,ID-HASH-ABAC582F9F,MSME-WCP,Business Working Capital,545000.00,305000.00,19000.00,0,STAGE_1_PERFORMING,0.41%,2.5x,UPPER_HILL
2025-10-31,STR-LN-101653,TKN-SHA256-4BFB5774,Philemon Korir,ID-HASH-4391991788,AGRI-TEA,Tea & Coffee Farm Development,425000.00,215000.00,15000.00,0,STAGE_1_PERFORMING,0.94%,2.8x,NAKURU_BR
2025-10-31,STR-LN-101654,TKN-SHA256-408E7B93,Stephen Achieng,ID-HASH-61E858EC7D,BOSA-SCH,School Fees Advance,175000.00,127000.00,6000.00,0,STAGE_1_PERFORMING,0.69%,4.1x,ELDORET_BR
2025-10-31,STR-LN-101655,TKN-SHA256-6CE796CD,Hassan Chebet,ID-HASH-5614FD2BB6,FOSA-ADV,Salary Advance 30D,120000.00,97000.00,4000.00,105,STAGE_3_NON_PERFORMING,20.22%,1.5x,ELDORET_BR
2025-10-31,STR-LN-101656,TKN-SHA256-C8F889A5,Stephen Korir,ID-HASH-A941DE2A36,MSME-WCP,Business Working Capital,1455000.00,1095000.00,51000.00,0,STAGE_1_PERFORMING,0.61%,1.7x,KERICHO_CENTRAL
2025-10-31,STR-LN-101657,TKN-SHA256-4285F972,Fatuma Bett,ID-HASH-1066D8D4F3,MSME-WCP,Business Working Capital,400000.00,182000.00,14000.00,0,STAGE_1_PERFORMING,0.90%,2.0x,KERICHO_CENTRAL
2025-10-31,STR-LN-101658,TKN-SHA256-7CDF354C,Emmanuel Hassan,ID-HASH-C43B6C8303,ASSET-FIN,Vehicle & Asset Finance,2775000.00,1801000.00,97000.00,0,STAGE_1_PERFORMING,0.88%,1.6x,ELDORET_BR
2025-10-31,STR-LN-101659,TKN-SHA256-EE9A60B9,Catherine Korir,ID-HASH-01655DBD70,BOSA-EMG,Emergency Medical Facility,295000.00,122000.00,10500.00,0,STAGE_1_PERFORMING,0.33%,2.6x,HQ_NAIROBI
2025-10-31,STR-LN-101660,TKN-SHA256-DE8D41AF,Gladys Koech,ID-HASH-7A0FA6F68A,FOSA-ADV,Salary Advance 30D,30000.00,13000.00,1000.00,0,STAGE_1_PERFORMING,0.86%,1.1x,UPPER_HILL
2025-10-31,STR-LN-101661,TKN-SHA256-F2A39A87,Gladys Ruto,ID-HASH-525D23E9E0,BOSA-SCH,School Fees Advance,250000.00,61000.00,9000.00,0,STAGE_1_PERFORMING,0.65%,3.2x,BOMET_BRANCH
2025-10-31,STR-LN-101662,TKN-SHA256-F69CAC11,John Sang,ID-HASH-F7F69402C7,MSME-WCP,Business Working Capital,320000.00,247000.00,11000.00,0,STAGE_1_PERFORMING,0.60%,2.0x,NAKURU_BR
2025-10-31,STR-LN-101663,TKN-SHA256-13E4EAEC,Lucy Ali,ID-HASH-D526DA8D87,FOSA-ADV,Salary Advance 30D,35000.00,21000.00,1000.00,0,STAGE_1_PERFORMING,0.54%,1.0x,MOMBASA_BR
2025-10-31,STR-LN-101664,TKN-SHA256-40B1DF6D,Dennis Bett,ID-HASH-82A767177D,AGRI-TEA,Tea & Coffee Farm Development,250000.00,75000.00,9000.00,0,STAGE_1_PERFORMING,0.33%,3.6x,ELDORET_BR
2025-10-31,STR-LN-101665,TKN-SHA256-C3C10C14,Kiprono Sang,ID-HASH-23E3600603,BOSA-SCH,School Fees Advance,100000.00,62000.00,3500.00,0,STAGE_1_PERFORMING,0.75%,5.0x,MOMBASA_BR
2025-10-31,STR-LN-101666,TKN-SHA256-0375CA7A,Philemon Rono,ID-HASH-384905F1FE,BOSA-NRM,Development Loan Normal,1070000.00,313000.00,37500.00,0,STAGE_1_PERFORMING,0.78%,3.7x,WESTLANDS
2025-10-31,STR-LN-101667,TKN-SHA256-73577AFB,Fatuma Korir,ID-HASH-890868B783,FOSA-ADV,Salary Advance 30D,85000.00,15000.00,3000.00,0,STAGE_1_PERFORMING,0.56%,1.4x,MOMBASA_BR
2025-10-31,STR-LN-101668,TKN-SHA256-22023C4E,Tabitha Kamau,ID-HASH-59AA45020B,BOSA-EMG,Emergency Medical Facility,290000.00,177000.00,10000.00,0,STAGE_1_PERFORMING,0.83%,2.8x,KERICHO_CENTRAL
2025-10-31,STR-LN-101669,TKN-SHA256-2F25BF71,James Korir,ID-HASH-C3ADF04352,FOSA-ADV,Salary Advance 30D,120000.00,24000.00,4000.00,19,STAGE_1_EARLY_WATCH,2.98%,1.3x,NAKURU_BR
2025-10-31,STR-LN-101670,TKN-SHA256-049A9962,Tabitha Gitonga,ID-HASH-7AE0AC04B0,AGRI-TEA,Tea & Coffee Farm Development,1030000.00,427000.00,36000.00,0,STAGE_1_PERFORMING,0.32%,3.2x,BOMET_BRANCH
2025-10-31,STR-LN-101671,TKN-SHA256-0CC2FC1F,Philemon Gitonga,ID-HASH-DFB0B49B53,BOSA-EMG,Emergency Medical Facility,230000.00,203000.00,8000.00,0,STAGE_1_PERFORMING,0.50%,2.7x,BOMET_BRANCH
2025-10-31,STR-LN-101672,TKN-SHA256-D1831383,Wesley Ochieng,ID-HASH-A03DDAEE3A,AGRI-TEA,Tea & Coffee Farm Development,625000.00,480000.00,22000.00,0,STAGE_1_PERFORMING,0.23%,3.2x,KISUMU_BR
2025-10-31,STR-LN-101673,TKN-SHA256-92CC3B31,Catherine Siele,ID-HASH-404BB8D7B0,AGRI-TEA,Tea & Coffee Farm Development,435000.00,141000.00,15000.00,0,STAGE_1_PERFORMING,0.34%,2.9x,ELDORET_BR
2025-10-31,STR-LN-101674,TKN-SHA256-687C8A8B,John Kimani,ID-HASH-A2D2E0EEE1,AGRI-TEA,Tea & Coffee Farm Development,995000.00,787000.00,35000.00,0,STAGE_1_PERFORMING,0.90%,2.9x,WESTLANDS
2025-10-31,STR-LN-101675,TKN-SHA256-5F9CCD04,Bernard Bett,ID-HASH-B0337129B6,ASSET-FIN,Vehicle & Asset Finance,1650000.00,366000.00,58000.00,0,STAGE_1_PERFORMING,0.77%,1.7x,KERICHO_CENTRAL
2025-10-31,STR-LN-101676,TKN-SHA256-84902F67,John Wanjiku,ID-HASH-A28FFC5554,BOSA-NRM,Development Loan Normal,590000.00,440000.00,20500.00,0,STAGE_1_PERFORMING,0.71%,2.6x,NANDI_HILLS
2025-10-31,STR-LN-101677,TKN-SHA256-E751C88D,Alice Kariuki,ID-HASH-96325EA71D,ASSET-FIN,Vehicle & Asset Finance,4840000.00,1948000.00,169500.00,0,STAGE_1_PERFORMING,0.16%,1.8x,BOMET_BRANCH
2025-10-31,STR-LN-101678,TKN-SHA256-F10C9DEE,Samuel Wambui,ID-HASH-0C78052BED,BOSA-SCH,School Fees Advance,135000.00,37000.00,4500.00,0,STAGE_1_PERFORMING,0.30%,4.5x,HQ_NAIROBI
2025-10-31,STR-LN-101679,TKN-SHA256-A6DD39CF,Jane Chebet,ID-HASH-2EE0F3D5EA,MSME-WCP,Business Working Capital,515000.00,411000.00,18000.00,0,STAGE_1_PERFORMING,0.63%,1.7x,KERICHO_CENTRAL
2025-10-31,STR-LN-101680,TKN-SHA256-AF8112FC,Tabitha Wambui,ID-HASH-3863165444,BOSA-SCH,School Fees Advance,85000.00,30000.00,3000.00,0,STAGE_1_PERFORMING,0.37%,3.2x,HQ_NAIROBI
2025-10-31,STR-LN-101681,TKN-SHA256-EDD9C8F3,Dennis Ali,ID-HASH-D11FCB507A,ASSET-FIN,Vehicle & Asset Finance,1415000.00,329000.00,49500.00,0,STAGE_1_PERFORMING,0.92%,1.7x,NANDI_HILLS
2025-10-31,STR-LN-101682,TKN-SHA256-85D48490,Gladys Rono,ID-HASH-24C4897C1B,FOSA-ADV,Salary Advance 30D,35000.00,19000.00,1000.00,0,STAGE_1_PERFORMING,0.54%,1.4x,ELDORET_BR
2025-10-31,STR-LN-101683,TKN-SHA256-144A836E,Stephen Korir,ID-HASH-B35A99AB6E,FOSA-ADV,Salary Advance 30D,60000.00,14000.00,2000.00,0,STAGE_1_PERFORMING,0.61%,1.5x,NANDI_HILLS
2025-10-31,STR-LN-101684,TKN-SHA256-F887D984,Hassan Achieng,ID-HASH-33CBC628CD,BOSA-SCH,School Fees Advance,165000.00,118000.00,6000.00,0,STAGE_1_PERFORMING,0.59%,4.3x,ELDORET_BR
2025-10-31,STR-LN-101685,TKN-SHA256-F1219051,Kiprono Kamau,ID-HASH-31438B26AD,BOSA-SCH,School Fees Advance,100000.00,94000.00,3500.00,0,STAGE_1_PERFORMING,0.64%,4.5x,NAKURU_BR
2025-10-31,STR-LN-101686,TKN-SHA256-F0F9F9EC,Bernard Siele,ID-HASH-C2013403DE,AGRI-TEA,Tea & Coffee Farm Development,265000.00,92000.00,9500.00,0,STAGE_1_PERFORMING,0.37%,3.4x,UPPER_HILL
2025-10-31,STR-LN-101687,TKN-SHA256-41E44A9C,James Langat,ID-HASH-FB18A6BA86,BOSA-NRM,Development Loan Normal,3130000.00,2160000.00,109500.00,0,STAGE_1_PERFORMING,0.61%,3.4x,MOMBASA_BR
2025-10-31,STR-LN-101688,TKN-SHA256-40C1F2C8,David Kimani,ID-HASH-9E0B50AD5F,BOSA-NRM,Development Loan Normal,1425000.00,380000.00,50000.00,0,STAGE_1_PERFORMING,0.49%,2.9x,KERICHO_CENTRAL
2025-10-31,STR-LN-101689,TKN-SHA256-CFDD7A7C,James Kiptoo,ID-HASH-CF0F0C6F9A,BOSA-NRM,Development Loan Normal,2405000.00,511000.00,84000.00,0,STAGE_1_PERFORMING,0.93%,3.8x,KERICHO_CENTRAL
2025-10-31,STR-LN-101690,TKN-SHA256-80CD1DB6,Kiprono Ali,ID-HASH-C3C42F9B87,ASSET-FIN,Vehicle & Asset Finance,3195000.00,762000.00,112000.00,0,STAGE_1_PERFORMING,0.55%,1.5x,NAKURU_BR
2025-10-31,STR-LN-101691,TKN-SHA256-F3074779,Cosmas Ruto,ID-HASH-A4C3B1A1AF,BOSA-NRM,Development Loan Normal,780000.00,275000.00,27500.00,0,STAGE_1_PERFORMING,0.79%,3.0x,NANDI_HILLS
2025-10-31,STR-LN-101692,TKN-SHA256-C90AB5F2,John Rono,ID-HASH-7630A4124E,AGRI-TEA,Tea & Coffee Farm Development,390000.00,108000.00,13500.00,0,STAGE_1_PERFORMING,0.89%,3.3x,NAKURU_BR
2025-10-31,STR-LN-101693,TKN-SHA256-BC23767A,Peter Mwangi,ID-HASH-730C20A70A,BOSA-EMG,Emergency Medical Facility,65000.00,12000.00,2500.00,0,STAGE_1_PERFORMING,0.91%,2.8x,MOMBASA_BR
2025-10-31,STR-LN-101694,TKN-SHA256-ED75E8E7,Kiprono Kariuki,ID-HASH-BCC72D27CA,ASSET-FIN,Vehicle & Asset Finance,1205000.00,513000.00,42000.00,0,STAGE_1_PERFORMING,0.53%,1.9x,HQ_NAIROBI
2025-10-31,STR-LN-101695,TKN-SHA256-F73CC1C9,Dennis Kamau,ID-HASH-743505F0AA,FOSA-ADV,Salary Advance 30D,130000.00,22000.00,4500.00,0,STAGE_1_PERFORMING,0.47%,1.4x,HQ_NAIROBI
2025-10-31,STR-LN-101696,TKN-SHA256-34EF9085,Peter Kamau,ID-HASH-8EF14D5371,ASSET-FIN,Vehicle & Asset Finance,1900000.00,444000.00,66500.00,0,STAGE_1_PERFORMING,0.89%,1.3x,KERICHO_CENTRAL
2025-10-31,STR-LN-101697,TKN-SHA256-39F36AEA,Kiprono Sang,ID-HASH-95E9503FD7,FOSA-ADV,Salary Advance 30D,65000.00,19000.00,2500.00,0,STAGE_1_PERFORMING,0.19%,1.6x,NANDI_HILLS
2025-10-31,STR-LN-101698,TKN-SHA256-4A1E63A1,Lucy Korir,ID-HASH-1177945BD4,BOSA-SCH,School Fees Advance,175000.00,105000.00,6000.00,0,STAGE_1_PERFORMING,0.59%,4.6x,KISUMU_BR
2025-10-31,STR-LN-101699,TKN-SHA256-E2632321,Bernard Otieno,ID-HASH-218E592605,BOSA-NRM,Development Loan Normal,2230000.00,1504000.00,78000.00,0,STAGE_1_PERFORMING,0.59%,2.5x,NANDI_HILLS
2025-10-31,STR-LN-101700,TKN-SHA256-A46B6AF3,Kiprono Kiptoo,ID-HASH-6B288A5BCD,ASSET-FIN,Vehicle & Asset Finance,4285000.00,2743000.00,150000.00,0,STAGE_1_PERFORMING,0.88%,1.2x,KERICHO_CENTRAL
2025-10-31,STR-LN-101701,TKN-SHA256-6AF1724E,John Siele,ID-HASH-655F0B01CE,ASSET-FIN,Vehicle & Asset Finance,3830000.00,1001000.00,134000.00,0,STAGE_1_PERFORMING,0.62%,2.0x,NANDI_HILLS
2025-10-31,STR-LN-101702,TKN-SHA256-57DB6D1D,David Ruto,ID-HASH-34AA3B3B1D,BOSA-SCH,School Fees Advance,220000.00,179000.00,7500.00,0,STAGE_1_PERFORMING,0.51%,4.6x,NANDI_HILLS
2025-10-31,STR-LN-101703,TKN-SHA256-F181A181,Kiprono Njoroge,ID-HASH-6C868178B2,BOSA-EMG,Emergency Medical Facility,150000.00,40000.00,5500.00,0,STAGE_1_PERFORMING,0.41%,2.0x,HQ_NAIROBI
2025-10-31,STR-LN-101704,TKN-SHA256-B8ED679A,Tabitha Ali,ID-HASH-3881B96065,BOSA-EMG,Emergency Medical Facility,135000.00,90000.00,4500.00,146,STAGE_3_NON_PERFORMING,28.40%,2.3x,KERICHO_CENTRAL
2025-10-31,STR-LN-101705,TKN-SHA256-C144B89C,Stephen Siele,ID-HASH-FC7FDE6F9F,MSME-WCP,Business Working Capital,1300000.00,317000.00,45500.00,0,STAGE_1_PERFORMING,0.58%,2.2x,NAKURU_BR
2025-10-31,STR-LN-101706,TKN-SHA256-29FD3BD1,Peter Kamau,ID-HASH-BABA62A86C,ASSET-FIN,Vehicle & Asset Finance,4925000.00,2033000.00,172500.00,18,STAGE_1_EARLY_WATCH,3.71%,1.2x,KISUMU_BR
2025-10-31,STR-LN-101707,TKN-SHA256-9DE4A350,Kiprono Ali,ID-HASH-C61F322658,MSME-WCP,Business Working Capital,1795000.00,675000.00,63000.00,0,STAGE_1_PERFORMING,0.93%,1.9x,KERICHO_CENTRAL
2025-10-31,STR-LN-101708,TKN-SHA256-1637B1C7,Beatrice Langat,ID-HASH-66DFEE8545,MSME-WCP,Business Working Capital,1590000.00,1256000.00,55500.00,0,STAGE_1_PERFORMING,0.87%,2.3x,ELDORET_BR
2025-10-31,STR-LN-101709,TKN-SHA256-1D617B7E,Lucy Rono,ID-HASH-F9158A3DE7,BOSA-EMG,Emergency Medical Facility,75000.00,40000.00,2500.00,0,STAGE_1_PERFORMING,0.36%,3.0x,NANDI_HILLS
2025-10-31,STR-LN-101710,TKN-SHA256-1290A691,Mercy Korir,ID-HASH-9A5F2481F7,MSME-WCP,Business Working Capital,280000.00,143000.00,10000.00,0,STAGE_1_PERFORMING,0.73%,1.5x,KISUMU_BR
2025-10-31,STR-LN-101711,TKN-SHA256-111F166C,James Koech,ID-HASH-A19F6D0010,ASSET-FIN,Vehicle & Asset Finance,4325000.00,740000.00,151500.00,0,STAGE_1_PERFORMING,0.69%,1.8x,NAKURU_BR
2025-10-31,STR-LN-101712,TKN-SHA256-56F6D76C,Peter Otieno,ID-HASH-68133FBB41,BOSA-NRM,Development Loan Normal,1190000.00,762000.00,41500.00,0,STAGE_1_PERFORMING,0.21%,3.5x,MOMBASA_BR
2025-10-31,STR-LN-101713,TKN-SHA256-074BD821,Samuel Kariuki,ID-HASH-08361A5550,FOSA-ADV,Salary Advance 30D,120000.00,44000.00,4000.00,0,STAGE_1_PERFORMING,0.79%,1.4x,KERICHO_CENTRAL
2025-10-31,STR-LN-101714,TKN-SHA256-F865AAE0,Samuel Mutua,ID-HASH-7BD96F5C2C,BOSA-EMG,Emergency Medical Facility,90000.00,37000.00,3000.00,0,STAGE_1_PERFORMING,0.93%,2.6x,HQ_NAIROBI
2025-10-31,STR-LN-101715,TKN-SHA256-1B35248A,Stephen Ruto,ID-HASH-0D7E3CC4BF,BOSA-SCH,School Fees Advance,215000.00,186000.00,7500.00,0,STAGE_1_PERFORMING,0.80%,4.6x,KISUMU_BR
2025-10-31,STR-LN-101716,TKN-SHA256-DE7AC1DC,Kiprono Mwangi,ID-HASH-652C5A745D,ASSET-FIN,Vehicle & Asset Finance,3170000.00,2504000.00,111000.00,0,STAGE_1_PERFORMING,0.24%,1.7x,UPPER_HILL
2025-10-31,STR-LN-101717,TKN-SHA256-3C73A424,Philemon Mwangi,ID-HASH-830EF92E94,MSME-WCP,Business Working Capital,1665000.00,786000.00,58500.00,106,STAGE_3_NON_PERFORMING,24.31%,1.8x,NANDI_HILLS
2025-10-31,STR-LN-101718,TKN-SHA256-8C4E6B8D,Emmanuel Langat,ID-HASH-BF5AAC6BB0,BOSA-EMG,Emergency Medical Facility,115000.00,92000.00,4000.00,0,STAGE_1_PERFORMING,0.50%,2.5x,UPPER_HILL
2025-10-31,STR-LN-101719,TKN-SHA256-47D693FC,John Wambui,ID-HASH-D7EB1C8DD9,MSME-WCP,Business Working Capital,1190000.00,1037000.00,41500.00,39,STAGE_2_UNDERPERFORMING,11.86%,2.3x,UPPER_HILL
2025-10-31,STR-LN-101720,TKN-SHA256-45094511,Philemon Otieno,ID-HASH-7F9FA0FF0F,BOSA-NRM,Development Loan Normal,1685000.00,919000.00,59000.00,0,STAGE_1_PERFORMING,0.80%,3.4x,NAKURU_BR
2025-10-31,STR-LN-101721,TKN-SHA256-3DEDF3F0,Dennis Langat,ID-HASH-3009EFA3BD,AGRI-TEA,Tea & Coffee Farm Development,995000.00,862000.00,35000.00,0,STAGE_1_PERFORMING,0.47%,3.2x,ELDORET_BR
2025-10-31,STR-LN-101722,TKN-SHA256-191C34A2,Gladys Wambui,ID-HASH-4974981D73,MSME-WCP,Business Working Capital,925000.00,343000.00,32500.00,0,STAGE_1_PERFORMING,0.25%,1.9x,KISUMU_BR
2025-10-31,STR-LN-101723,TKN-SHA256-9A22377D,David Siele,ID-HASH-7322D7138F,BOSA-SCH,School Fees Advance,185000.00,134000.00,6500.00,0,STAGE_1_PERFORMING,0.37%,3.8x,ELDORET_BR
2025-10-31,STR-LN-101724,TKN-SHA256-87D578E9,Jane Bett,ID-HASH-8EE4734E2E,AGRI-TEA,Tea & Coffee Farm Development,160000.00,110000.00,5500.00,0,STAGE_1_PERFORMING,0.71%,2.8x,KERICHO_CENTRAL
2025-10-31,STR-LN-101725,TKN-SHA256-35C2D9C8,Peter Siele,ID-HASH-203FCC1579,BOSA-SCH,School Fees Advance,160000.00,55000.00,5500.00,0,STAGE_1_PERFORMING,0.60%,3.1x,NAKURU_BR
2025-10-31,STR-LN-101726,TKN-SHA256-ECDD58DB,Geoffrey Wanjiku,ID-HASH-14D5EB58B3,BOSA-EMG,Emergency Medical Facility,265000.00,196000.00,9500.00,0,STAGE_1_PERFORMING,0.20%,1.9x,HQ_NAIROBI
2025-10-31,STR-LN-101727,TKN-SHA256-FAE2D1BF,Alice Mutua,ID-HASH-B8FF419547,BOSA-EMG,Emergency Medical Facility,55000.00,11000.00,2000.00,0,STAGE_1_PERFORMING,0.83%,2.3x,KISUMU_BR
2025-10-31,STR-LN-101728,TKN-SHA256-A0546849,David Njoroge,ID-HASH-9A71F4517D,FOSA-ADV,Salary Advance 30D,25000.00,19000.00,1000.00,0,STAGE_1_PERFORMING,0.22%,1.1x,KISUMU_BR
2025-10-31,STR-LN-101729,TKN-SHA256-7294A50D,Hassan Rono,ID-HASH-8C98DD97C8,FOSA-ADV,Salary Advance 30D,145000.00,113000.00,5000.00,34,STAGE_2_UNDERPERFORMING,8.99%,1.4x,KISUMU_BR
2025-10-31,STR-LN-101730,TKN-SHA256-5AB96032,Mercy Kariuki,ID-HASH-A935DC6FB0,FOSA-ADV,Salary Advance 30D,60000.00,46000.00,2000.00,0,STAGE_1_PERFORMING,0.93%,1.6x,KERICHO_CENTRAL
2025-10-31,STR-LN-101731,TKN-SHA256-944E1934,Gladys Rono,ID-HASH-21F1AF400D,MSME-WCP,Business Working Capital,1340000.00,666000.00,47000.00,0,STAGE_1_PERFORMING,0.17%,2.6x,ELDORET_BR
2025-10-31,STR-LN-101732,TKN-SHA256-7D5C3E7C,Catherine Langat,ID-HASH-D747F55888,ASSET-FIN,Vehicle & Asset Finance,3855000.00,3041000.00,135000.00,16,STAGE_1_EARLY_WATCH,1.21%,1.4x,NAKURU_BR
2025-10-31,STR-LN-101733,TKN-SHA256-E55BE94D,Philemon Gitonga,ID-HASH-D20F6D967C,BOSA-NRM,Development Loan Normal,3350000.00,2098000.00,117500.00,0,STAGE_1_PERFORMING,0.66%,3.3x,NAKURU_BR
2025-10-31,STR-LN-101734,TKN-SHA256-E79490BF,Fatuma Wambui,ID-HASH-25113E0E17,MSME-WCP,Business Working Capital,715000.00,479000.00,25000.00,0,STAGE_1_PERFORMING,0.50%,1.7x,ELDORET_BR
2025-10-31,STR-LN-101735,TKN-SHA256-FBD0237D,Jane Siele,ID-HASH-A31A476B5C,ASSET-FIN,Vehicle & Asset Finance,4350000.00,2517000.00,152000.00,0,STAGE_1_PERFORMING,0.38%,1.2x,KERICHO_CENTRAL
2025-10-31,STR-LN-101736,TKN-SHA256-D41DCBAE,Peter Mwangi,ID-HASH-23E3D14C46,MSME-WCP,Business Working Capital,365000.00,273000.00,13000.00,0,STAGE_1_PERFORMING,0.79%,1.6x,NAKURU_BR
2025-10-31,STR-LN-101737,TKN-SHA256-82AC369A,Jane Kiptoo,ID-HASH-32D1EBCAF9,BOSA-NRM,Development Loan Normal,555000.00,512000.00,19500.00,3,STAGE_1_EARLY_WATCH,4.31%,3.8x,HQ_NAIROBI
2025-10-31,STR-LN-101738,TKN-SHA256-49F5DC9E,Mary Otieno,ID-HASH-210EF2E911,AGRI-TEA,Tea & Coffee Farm Development,215000.00,52000.00,7500.00,0,STAGE_1_PERFORMING,0.66%,2.8x,WESTLANDS
2025-10-31,STR-LN-101739,TKN-SHA256-13098CAE,John Omondi,ID-HASH-140AE66487,AGRI-TEA,Tea & Coffee Farm Development,635000.00,548000.00,22000.00,0,STAGE_1_PERFORMING,0.78%,2.5x,KERICHO_CENTRAL
2025-10-31,STR-LN-101740,TKN-SHA256-FFC7ABC0,Mercy Ruto,ID-HASH-F571ECAC86,AGRI-TEA,Tea & Coffee Farm Development,970000.00,774000.00,34000.00,0,STAGE_1_PERFORMING,0.25%,2.5x,HQ_NAIROBI
2025-10-31,STR-LN-101741,TKN-SHA256-5B0E74B5,James Rono,ID-HASH-D4E7E7521B,AGRI-TEA,Tea & Coffee Farm Development,150000.00,118000.00,5500.00,0,STAGE_1_PERFORMING,0.66%,3.3x,MOMBASA_BR
2025-10-31,STR-LN-101742,TKN-SHA256-23845BEB,Fatuma Chebet,ID-HASH-FA6BAC4AED,BOSA-SCH,School Fees Advance,95000.00,75000.00,3500.00,0,STAGE_1_PERFORMING,0.60%,3.5x,NAKURU_BR
2025-10-31,STR-LN-101743,TKN-SHA256-00286E87,Kiprono Sang,ID-HASH-936FA13E3B,BOSA-SCH,School Fees Advance,115000.00,92000.00,4000.00,0,STAGE_1_PERFORMING,0.31%,5.0x,KISUMU_BR
2025-10-31,STR-LN-101744,TKN-SHA256-0501AF7B,Beatrice Sang,ID-HASH-7892C9FB0A,BOSA-SCH,School Fees Advance,205000.00,144000.00,7000.00,0,STAGE_1_PERFORMING,0.66%,3.6x,KERICHO_CENTRAL
2025-10-31,STR-LN-101745,TKN-SHA256-3C8883A9,Lucy Otieno,ID-HASH-FA13552A0F,BOSA-NRM,Development Loan Normal,2075000.00,1937000.00,72500.00,0,STAGE_1_PERFORMING,0.59%,2.5x,MOMBASA_BR
2025-10-31,STR-LN-101746,TKN-SHA256-F8C10ECA,Catherine Kamau,ID-HASH-1FD8580493,BOSA-EMG,Emergency Medical Facility,235000.00,54000.00,8000.00,0,STAGE_1_PERFORMING,0.65%,3.2x,KISUMU_BR
2025-10-31,STR-LN-101747,TKN-SHA256-39A63EAB,Geoffrey Korir,ID-HASH-2EFD26F888,MSME-WCP,Business Working Capital,1290000.00,1171000.00,45000.00,0,STAGE_1_PERFORMING,0.64%,1.8x,MOMBASA_BR
2025-10-31,STR-LN-101748,TKN-SHA256-C6BDF1AA,Cosmas Rono,ID-HASH-8A5DD3F3C2,BOSA-SCH,School Fees Advance,140000.00,104000.00,5000.00,0,STAGE_1_PERFORMING,0.70%,4.6x,ELDORET_BR
2025-10-31,STR-LN-101749,TKN-SHA256-E29EE29B,Geoffrey Rono,ID-HASH-1F7886F7BA,BOSA-SCH,School Fees Advance,185000.00,116000.00,6500.00,0,STAGE_1_PERFORMING,0.78%,4.4x,NAKURU_BR
2025-10-31,STR-LN-101750,TKN-SHA256-9DA7A954,Alice Mwangi,ID-HASH-17EEB44E74,MSME-WCP,Business Working Capital,770000.00,279000.00,27000.00,0,STAGE_1_PERFORMING,0.92%,2.4x,KERICHO_CENTRAL
2025-10-31,STR-LN-101751,TKN-SHA256-E715E596,Beatrice Siele,ID-HASH-EB10AC1CFE,FOSA-ADV,Salary Advance 30D,70000.00,62000.00,2500.00,0,STAGE_1_PERFORMING,0.76%,1.4x,HQ_NAIROBI
2025-10-31,STR-LN-101752,TKN-SHA256-BC8FB394,Mary Langat,ID-HASH-97DF269D25,BOSA-NRM,Development Loan Normal,1355000.00,551000.00,47500.00,16,STAGE_1_EARLY_WATCH,2.08%,3.5x,WESTLANDS
2025-10-31,STR-LN-101753,TKN-SHA256-798C9D6C,Geoffrey Gitonga,ID-HASH-108CEA7CB1,ASSET-FIN,Vehicle & Asset Finance,4720000.00,930000.00,165000.00,43,STAGE_2_UNDERPERFORMING,13.22%,1.6x,MOMBASA_BR
2025-10-31,STR-LN-101754,TKN-SHA256-6F71BF69,Beatrice Ali,ID-HASH-D79056BAAF,BOSA-SCH,School Fees Advance,45000.00,33000.00,1500.00,0,STAGE_1_PERFORMING,0.46%,5.1x,KERICHO_CENTRAL
2025-10-31,STR-LN-101755,TKN-SHA256-E43D84F7,Emmanuel Ali,ID-HASH-573F9E28F8,MSME-WCP,Business Working Capital,890000.00,382000.00,31000.00,0,STAGE_1_PERFORMING,0.89%,2.2x,ELDORET_BR
2025-10-31,STR-LN-101756,TKN-SHA256-DE494E7E,Beatrice Wanjiku,ID-HASH-43829E73BC,BOSA-EMG,Emergency Medical Facility,220000.00,91000.00,7500.00,0,STAGE_1_PERFORMING,0.35%,2.4x,KISUMU_BR
2025-10-31,STR-LN-101757,TKN-SHA256-E5743259,James Bett,ID-HASH-28B2150CAF,BOSA-EMG,Emergency Medical Facility,295000.00,104000.00,10500.00,0,STAGE_1_PERFORMING,0.41%,3.2x,ELDORET_BR
2025-10-31,STR-LN-101758,TKN-SHA256-6F9A9F19,Tabitha Kiptoo,ID-HASH-AA0E5CC492,BOSA-NRM,Development Loan Normal,1760000.00,419000.00,61500.00,0,STAGE_1_PERFORMING,0.60%,4.1x,KISUMU_BR
2025-10-31,STR-LN-101759,TKN-SHA256-2856719D,Geoffrey Kariuki,ID-HASH-42C35937EB,BOSA-NRM,Development Loan Normal,1675000.00,362000.00,58500.00,0,STAGE_1_PERFORMING,0.32%,4.2x,ELDORET_BR
2025-10-31,STR-LN-101760,TKN-SHA256-756BD082,Geoffrey Hassan,ID-HASH-853BA1D744,ASSET-FIN,Vehicle & Asset Finance,3370000.00,3133000.00,118000.00,0,STAGE_1_PERFORMING,0.16%,1.5x,NAKURU_BR
2025-10-31,STR-LN-101761,TKN-SHA256-05B31723,Jane Mwangi,ID-HASH-DF9E4FE681,AGRI-TEA,Tea & Coffee Farm Development,925000.00,871000.00,32500.00,0,STAGE_1_PERFORMING,0.42%,3.4x,KISUMU_BR
2025-10-31,STR-LN-101762,TKN-SHA256-A6AD83A7,Mary Cheruiyot,ID-HASH-CED8FF70E6,BOSA-NRM,Development Loan Normal,1530000.00,1147000.00,53500.00,0,STAGE_1_PERFORMING,0.81%,3.3x,UPPER_HILL
2025-10-31,STR-LN-101763,TKN-SHA256-8FBD90DF,Tabitha Bett,ID-HASH-B4A56DD5F7,MSME-WCP,Business Working Capital,915000.00,283000.00,32000.00,0,STAGE_1_PERFORMING,0.43%,1.5x,NAKURU_BR
2025-10-31,STR-LN-101764,TKN-SHA256-A81A50B2,Tabitha Wambui,ID-HASH-0909C19FE1,FOSA-ADV,Salary Advance 30D,70000.00,16000.00,2500.00,0,STAGE_1_PERFORMING,0.52%,1.2x,WESTLANDS
2025-10-31,STR-LN-101765,TKN-SHA256-8B2209B1,Gladys Njoroge,ID-HASH-3C1B29AC40,BOSA-NRM,Development Loan Normal,1615000.00,537000.00,56500.00,0,STAGE_1_PERFORMING,0.72%,4.0x,MOMBASA_BR
2025-10-31,STR-LN-101766,TKN-SHA256-148D2E7D,Cosmas Koech,ID-HASH-154278F75F,ASSET-FIN,Vehicle & Asset Finance,3950000.00,2398000.00,138000.00,28,STAGE_1_EARLY_WATCH,2.10%,1.5x,MOMBASA_BR
2025-10-31,STR-LN-101767,TKN-SHA256-FDDB455E,John Mutua,ID-HASH-FCA9AB3AE1,AGRI-TEA,Tea & Coffee Farm Development,870000.00,628000.00,30500.00,0,STAGE_1_PERFORMING,0.29%,3.4x,UPPER_HILL
2025-10-31,STR-LN-101768,TKN-SHA256-2D169F07,Lucy Koech,ID-HASH-3386770075,BOSA-NRM,Development Loan Normal,2430000.00,952000.00,85000.00,0,STAGE_1_PERFORMING,0.48%,2.5x,ELDORET_BR
2025-10-31,STR-LN-101769,TKN-SHA256-CF114BE8,Peter Ali,ID-HASH-C3852A05A3,BOSA-EMG,Emergency Medical Facility,215000.00,138000.00,7500.00,0,STAGE_1_PERFORMING,0.29%,3.2x,NAKURU_BR
2025-10-31,STR-LN-101770,TKN-SHA256-FDAC442C,Grace Ruto,ID-HASH-6C81322A9D,BOSA-NRM,Development Loan Normal,2815000.00,2177000.00,98500.00,0,STAGE_1_PERFORMING,0.37%,3.2x,KERICHO_CENTRAL
2025-10-31,STR-LN-101771,TKN-SHA256-4469BE1E,Dennis Gitonga,ID-HASH-84AAD89DEA,BOSA-EMG,Emergency Medical Facility,175000.00,63000.00,6000.00,0,STAGE_1_PERFORMING,0.34%,2.1x,NANDI_HILLS
2025-10-31,STR-LN-101772,TKN-SHA256-9AF10315,Mary Omondi,ID-HASH-F852C8A287,BOSA-SCH,School Fees Advance,115000.00,64000.00,4000.00,0,STAGE_1_PERFORMING,0.60%,2.9x,WESTLANDS
2025-10-31,STR-LN-101773,TKN-SHA256-6AA8E3E2,Mercy Langat,ID-HASH-4540828AC7,BOSA-NRM,Development Loan Normal,1445000.00,729000.00,50500.00,0,STAGE_1_PERFORMING,0.41%,3.9x,WESTLANDS
2025-10-31,STR-LN-101774,TKN-SHA256-F0C8F75E,Philemon Hassan,ID-HASH-3903D0F6F2,AGRI-TEA,Tea & Coffee Farm Development,315000.00,206000.00,11000.00,0,STAGE_1_PERFORMING,0.67%,2.3x,NANDI_HILLS
2025-10-31,STR-LN-101775,TKN-SHA256-000E14CB,Mercy Wanjiku,ID-HASH-394AB9148F,MSME-WCP,Business Working Capital,1255000.00,332000.00,44000.00,19,STAGE_1_EARLY_WATCH,1.51%,1.7x,WESTLANDS
2025-10-31,STR-LN-101776,TKN-SHA256-0C859908,Fatuma Sang,ID-HASH-E45F0E798D,FOSA-ADV,Salary Advance 30D,115000.00,44000.00,4000.00,0,STAGE_1_PERFORMING,0.83%,1.2x,BOMET_BRANCH
2025-10-31,STR-LN-101777,TKN-SHA256-3069A028,Catherine Wanjiku,ID-HASH-6DC1D8CDA9,BOSA-EMG,Emergency Medical Facility,180000.00,75000.00,6500.00,0,STAGE_1_PERFORMING,0.41%,2.6x,UPPER_HILL
2025-10-31,STR-LN-101778,TKN-SHA256-45490296,Fatuma Korir,ID-HASH-89ABC8DB9F,BOSA-NRM,Development Loan Normal,1915000.00,1041000.00,67000.00,0,STAGE_1_PERFORMING,0.18%,3.7x,NANDI_HILLS
2025-10-31,STR-LN-101779,TKN-SHA256-E21F1DB5,Cosmas Kariuki,ID-HASH-5558239FDC,ASSET-FIN,Vehicle & Asset Finance,1200000.00,775000.00,42000.00,0,STAGE_1_PERFORMING,0.51%,1.8x,MOMBASA_BR
2025-10-31,STR-LN-101780,TKN-SHA256-729FF26C,Alice Kimani,ID-HASH-74900DEF53,BOSA-NRM,Development Loan Normal,2390000.00,1196000.00,83500.00,0,STAGE_1_PERFORMING,0.89%,3.2x,WESTLANDS
2025-10-31,STR-LN-101781,TKN-SHA256-081DAE68,Samuel Ochieng,ID-HASH-C52DDE41AC,FOSA-ADV,Salary Advance 30D,30000.00,25000.00,1000.00,0,STAGE_1_PERFORMING,0.77%,1.0x,KISUMU_BR
2025-10-31,STR-LN-101782,TKN-SHA256-37FCF002,Samuel Omondi,ID-HASH-5D12CA3499,BOSA-SCH,School Fees Advance,55000.00,51000.00,2000.00,0,STAGE_1_PERFORMING,0.26%,3.7x,KISUMU_BR
2025-10-31,STR-LN-101783,TKN-SHA256-F1E0EDC4,Emmanuel Kariuki,ID-HASH-84CBEF857A,BOSA-EMG,Emergency Medical Facility,275000.00,84000.00,9500.00,0,STAGE_1_PERFORMING,0.56%,2.3x,BOMET_BRANCH
2025-10-31,STR-LN-101784,TKN-SHA256-0842C0F5,Jane Sang,ID-HASH-2D848EA874,ASSET-FIN,Vehicle & Asset Finance,2700000.00,2369000.00,94500.00,0,STAGE_1_PERFORMING,0.50%,1.9x,ELDORET_BR
2025-10-31,STR-LN-101785,TKN-SHA256-0B153220,Dennis Kiptoo,ID-HASH-678AE12EC2,MSME-WCP,Business Working Capital,1200000.00,225000.00,42000.00,0,STAGE_1_PERFORMING,0.41%,1.9x,NAKURU_BR
2025-10-31,STR-LN-101786,TKN-SHA256-7C5D49C5,Tabitha Kariuki,ID-HASH-EA2E971015,AGRI-TEA,Tea & Coffee Farm Development,1135000.00,971000.00,39500.00,0,STAGE_1_PERFORMING,0.30%,3.6x,BOMET_BRANCH
2025-10-31,STR-LN-101787,TKN-SHA256-BE701C6C,Emmanuel Siele,ID-HASH-0FADF417ED,BOSA-NRM,Development Loan Normal,3250000.00,1748000.00,114000.00,0,STAGE_1_PERFORMING,0.24%,2.6x,KERICHO_CENTRAL
2025-10-31,STR-LN-101788,TKN-SHA256-63079A27,Emmanuel Wanjiku,ID-HASH-D7B0268901,AGRI-TEA,Tea & Coffee Farm Development,150000.00,142000.00,5500.00,0,STAGE_1_PERFORMING,0.90%,2.2x,ELDORET_BR
2025-10-31,STR-LN-101789,TKN-SHA256-2809DAC0,Emmanuel Langat,ID-HASH-FE01973CF3,BOSA-EMG,Emergency Medical Facility,235000.00,78000.00,8000.00,0,STAGE_1_PERFORMING,0.90%,2.2x,NAKURU_BR
2025-10-31,STR-LN-101790,TKN-SHA256-83DF7605,James Langat,ID-HASH-ACD3836CBB,FOSA-ADV,Salary Advance 30D,45000.00,7000.00,1500.00,0,STAGE_1_PERFORMING,0.32%,1.5x,HQ_NAIROBI
2025-10-31,STR-LN-101791,TKN-SHA256-F3C8D248,Philemon Kamau,ID-HASH-4BC1B97886,BOSA-EMG,Emergency Medical Facility,70000.00,47000.00,2500.00,0,STAGE_1_PERFORMING,0.93%,2.3x,KERICHO_CENTRAL
2025-10-31,STR-LN-101792,TKN-SHA256-76257064,Mercy Ruto,ID-HASH-0C8FAEF359,FOSA-ADV,Salary Advance 30D,55000.00,12000.00,2000.00,0,STAGE_1_PERFORMING,0.53%,1.3x,BOMET_BRANCH
2025-10-31,STR-LN-101793,TKN-SHA256-BD923F25,Jane Kamau,ID-HASH-DE2FA3AEBD,AGRI-TEA,Tea & Coffee Farm Development,250000.00,136000.00,9000.00,74,STAGE_2_UNDERPERFORMING,10.85%,3.8x,HQ_NAIROBI
2025-10-31,STR-LN-101794,TKN-SHA256-59B6FFD8,Philemon Bett,ID-HASH-DB73F0D32D,BOSA-EMG,Emergency Medical Facility,180000.00,108000.00,6500.00,0,STAGE_1_PERFORMING,0.18%,2.4x,ELDORET_BR
2025-10-31,STR-LN-101795,TKN-SHA256-B62F72D0,Bernard Sang,ID-HASH-240BE871DE,AGRI-TEA,Tea & Coffee Farm Development,1080000.00,564000.00,38000.00,0,STAGE_1_PERFORMING,0.52%,3.2x,BOMET_BRANCH
2025-10-31,STR-LN-101796,TKN-SHA256-40227C69,Jane Sang,ID-HASH-13FD51D36A,BOSA-SCH,School Fees Advance,80000.00,72000.00,3000.00,0,STAGE_1_PERFORMING,0.61%,3.0x,HQ_NAIROBI
2025-10-31,STR-LN-101797,TKN-SHA256-E46EBD50,James Omondi,ID-HASH-7D8ABFB1B1,BOSA-SCH,School Fees Advance,250000.00,68000.00,9000.00,0,STAGE_1_PERFORMING,0.70%,3.6x,KISUMU_BR
2025-10-31,STR-LN-101798,TKN-SHA256-7966B9E3,Jane Mutua,ID-HASH-FEE6942275,BOSA-SCH,School Fees Advance,225000.00,98000.00,8000.00,0,STAGE_1_PERFORMING,0.79%,5.1x,HQ_NAIROBI
2025-10-31,STR-LN-101799,TKN-SHA256-5755345B,Catherine Rono,ID-HASH-CB09A7C8A2,BOSA-NRM,Development Loan Normal,1685000.00,271000.00,59000.00,0,STAGE_1_PERFORMING,0.25%,3.2x,ELDORET_BR
2025-10-31,STR-LN-101800,TKN-SHA256-A85655D5,Beatrice Kimani,ID-HASH-E6EB014BD2,BOSA-SCH,School Fees Advance,70000.00,34000.00,2500.00,11,STAGE_1_EARLY_WATCH,1.96%,3.0x,ELDORET_BR
2025-10-31,STR-LN-101801,TKN-SHA256-FA11D1B2,Philemon Wanjiku,ID-HASH-92CAE9A597,BOSA-EMG,Emergency Medical Facility,255000.00,132000.00,9000.00,0,STAGE_1_PERFORMING,0.76%,2.5x,BOMET_BRANCH
2025-10-31,STR-LN-101802,TKN-SHA256-32B96578,Fatuma Omondi,ID-HASH-CF4BC353F7,AGRI-TEA,Tea & Coffee Farm Development,795000.00,302000.00,28000.00,0,STAGE_1_PERFORMING,0.32%,2.6x,ELDORET_BR
2025-10-31,STR-LN-101803,TKN-SHA256-A3B6EF24,Samuel Siele,ID-HASH-C6A0CD7E52,BOSA-NRM,Development Loan Normal,3455000.00,3208000.00,121000.00,0,STAGE_1_PERFORMING,0.72%,2.7x,ELDORET_BR
2025-10-31,STR-LN-101804,TKN-SHA256-C2AAEBDE,Kiprono Kiptoo,ID-HASH-69A227B2B2,AGRI-TEA,Tea & Coffee Farm Development,1080000.00,549000.00,38000.00,0,STAGE_1_PERFORMING,0.19%,2.2x,NANDI_HILLS
2025-10-31,STR-LN-101805,TKN-SHA256-7C968699,Beatrice Cheruiyot,ID-HASH-61277F5D4B,BOSA-EMG,Emergency Medical Facility,235000.00,185000.00,8000.00,0,STAGE_1_PERFORMING,0.94%,1.9x,KISUMU_BR
2025-10-31,STR-LN-101806,TKN-SHA256-C1159F3F,Beatrice Gitonga,ID-HASH-1FD5270789,AGRI-TEA,Tea & Coffee Farm Development,510000.00,452000.00,18000.00,0,STAGE_1_PERFORMING,0.87%,3.2x,ELDORET_BR
2025-10-31,STR-LN-101807,TKN-SHA256-E2F52E5A,Geoffrey Mwangi,ID-HASH-8C74711C17,BOSA-SCH,School Fees Advance,65000.00,32000.00,2500.00,1,STAGE_1_EARLY_WATCH,1.72%,4.5x,HQ_NAIROBI
2025-10-31,STR-LN-101808,TKN-SHA256-50E5A598,Cosmas Mwangi,ID-HASH-B277AFDFE2,MSME-WCP,Business Working Capital,1030000.00,466000.00,36000.00,0,STAGE_1_PERFORMING,0.66%,2.6x,BOMET_BRANCH
2025-10-31,STR-LN-101809,TKN-SHA256-2559458D,Mercy Kiptoo,ID-HASH-788BD936BC,ASSET-FIN,Vehicle & Asset Finance,1640000.00,284000.00,57500.00,0,STAGE_1_PERFORMING,0.91%,1.2x,HQ_NAIROBI
2025-10-31,STR-LN-101810,TKN-SHA256-80B00E3B,Mercy Njoroge,ID-HASH-33C1043502,MSME-WCP,Business Working Capital,1645000.00,1121000.00,57500.00,0,STAGE_1_PERFORMING,0.78%,2.3x,HQ_NAIROBI
2025-10-31,STR-LN-101811,TKN-SHA256-344E2B48,Philemon Cheruiyot,ID-HASH-39396CB8D1,BOSA-SCH,School Fees Advance,220000.00,84000.00,7500.00,0,STAGE_1_PERFORMING,0.26%,3.8x,UPPER_HILL
2025-10-31,STR-LN-101812,TKN-SHA256-EFA82547,James Wanjiku,ID-HASH-C3F0C1EB01,MSME-WCP,Business Working Capital,1115000.00,390000.00,39000.00,0,STAGE_1_PERFORMING,0.41%,2.2x,ELDORET_BR
2025-10-31,STR-LN-101813,TKN-SHA256-EE58D9B3,Alice Langat,ID-HASH-31A32C46CC,ASSET-FIN,Vehicle & Asset Finance,2895000.00,2336000.00,101500.00,0,STAGE_1_PERFORMING,0.55%,1.4x,WESTLANDS
2025-10-31,STR-LN-101814,TKN-SHA256-D9062344,Bernard Achieng,ID-HASH-D66C014EC6,FOSA-ADV,Salary Advance 30D,30000.00,5000.00,1000.00,0,STAGE_1_PERFORMING,0.93%,0.9x,UPPER_HILL
2025-10-31,STR-LN-101815,TKN-SHA256-3B9E32A2,Dennis Cheruiyot,ID-HASH-84AB42A5BB,ASSET-FIN,Vehicle & Asset Finance,2990000.00,1648000.00,104500.00,0,STAGE_1_PERFORMING,0.76%,1.6x,KISUMU_BR
2025-10-31,STR-LN-101816,TKN-SHA256-3A0D54D0,Philemon Ochieng,ID-HASH-6D655B9337,ASSET-FIN,Vehicle & Asset Finance,1570000.00,994000.00,55000.00,0,STAGE_1_PERFORMING,0.57%,2.0x,UPPER_HILL
2025-10-31,STR-LN-101817,TKN-SHA256-45AC6AD6,Wesley Gitonga,ID-HASH-0119E52157,BOSA-EMG,Emergency Medical Facility,80000.00,18000.00,3000.00,0,STAGE_1_PERFORMING,0.33%,2.9x,KERICHO_CENTRAL
2025-10-31,STR-LN-101818,TKN-SHA256-C24E1E8E,Alice Ochieng,ID-HASH-8712E2B77E,BOSA-EMG,Emergency Medical Facility,270000.00,245000.00,9500.00,0,STAGE_1_PERFORMING,0.88%,3.1x,WESTLANDS
2025-10-31,STR-LN-101819,TKN-SHA256-943686BB,Kiprono Njoroge,ID-HASH-88A2B91745,FOSA-ADV,Salary Advance 30D,60000.00,12000.00,2000.00,80,STAGE_2_UNDERPERFORMING,14.35%,1.1x,MOMBASA_BR
2025-10-31,STR-LN-101820,TKN-SHA256-9DA70301,Jane Hassan,ID-HASH-362F07D4F0,BOSA-SCH,School Fees Advance,165000.00,51000.00,6000.00,0,STAGE_1_PERFORMING,0.65%,3.5x,BOMET_BRANCH
2025-10-31,STR-LN-101821,TKN-SHA256-0C2E6461,Hassan Ruto,ID-HASH-BD45F4160C,AGRI-TEA,Tea & Coffee Farm Development,445000.00,340000.00,15500.00,0,STAGE_1_PERFORMING,0.88%,3.6x,WESTLANDS
2025-10-31,STR-LN-101822,TKN-SHA256-F205651B,Wesley Kimani,ID-HASH-02DA47062D,BOSA-EMG,Emergency Medical Facility,170000.00,154000.00,6000.00,0,STAGE_1_PERFORMING,0.17%,2.2x,KERICHO_CENTRAL
2025-10-31,STR-LN-101823,TKN-SHA256-948FFB68,Alice Chebet,ID-HASH-99D8B1ACD1,AGRI-TEA,Tea & Coffee Farm Development,350000.00,253000.00,12500.00,0,STAGE_1_PERFORMING,0.26%,2.2x,ELDORET_BR
2025-10-31,STR-LN-101824,TKN-SHA256-C133051C,Kiprono Kimani,ID-HASH-04527C4635,BOSA-EMG,Emergency Medical Facility,95000.00,57000.00,3500.00,16,STAGE_1_EARLY_WATCH,4.31%,3.2x,NAKURU_BR
2025-10-31,STR-LN-101825,TKN-SHA256-D017FB44,Alice Ochieng,ID-HASH-1703AC08FB,MSME-WCP,Business Working Capital,375000.00,139000.00,13000.00,0,STAGE_1_PERFORMING,0.78%,2.2x,HQ_NAIROBI
2025-10-31,STR-LN-101826,TKN-SHA256-A2C2F20C,Lucy Wanjiku,ID-HASH-AAD4AC4C4C,AGRI-TEA,Tea & Coffee Farm Development,220000.00,112000.00,7500.00,22,STAGE_1_EARLY_WATCH,4.43%,2.3x,WESTLANDS
2025-10-31,STR-LN-101827,TKN-SHA256-95A39E13,Samuel Otieno,ID-HASH-806870AFFC,BOSA-EMG,Emergency Medical Facility,125000.00,87000.00,4500.00,0,STAGE_1_PERFORMING,0.62%,2.4x,KERICHO_CENTRAL
2025-10-31,STR-LN-101828,TKN-SHA256-CA8769CF,Beatrice Mutua,ID-HASH-9AFFD7FE0D,FOSA-ADV,Salary Advance 30D,25000.00,20000.00,1000.00,12,STAGE_1_EARLY_WATCH,1.31%,1.0x,KISUMU_BR
2025-10-31,STR-LN-101829,TKN-SHA256-DF2A7A37,Lucy Ochieng,ID-HASH-3E0C6409CF,AGRI-TEA,Tea & Coffee Farm Development,520000.00,103000.00,18000.00,0,STAGE_1_PERFORMING,0.65%,3.3x,BOMET_BRANCH
2025-10-31,STR-LN-101830,TKN-SHA256-58E3FCD6,Fatuma Ali,ID-HASH-354164D124,BOSA-EMG,Emergency Medical Facility,270000.00,49000.00,9500.00,0,STAGE_1_PERFORMING,0.78%,2.7x,HQ_NAIROBI
2025-10-31,STR-LN-101831,TKN-SHA256-69C89390,Jane Korir,ID-HASH-D5C61097B6,BOSA-SCH,School Fees Advance,140000.00,75000.00,5000.00,0,STAGE_1_PERFORMING,0.53%,3.3x,UPPER_HILL
2025-10-31,STR-LN-101832,TKN-SHA256-4B304B16,Grace Omondi,ID-HASH-159F322327,FOSA-ADV,Salary Advance 30D,80000.00,31000.00,3000.00,3,STAGE_1_EARLY_WATCH,1.41%,0.9x,BOMET_BRANCH
2025-10-31,STR-LN-101833,TKN-SHA256-1929C3DC,Geoffrey Bett,ID-HASH-A2B6A6CE25,BOSA-NRM,Development Loan Normal,850000.00,208000.00,30000.00,0,STAGE_1_PERFORMING,0.94%,3.5x,NANDI_HILLS
2025-10-31,STR-LN-101834,TKN-SHA256-FE4DF8BB,Tabitha Kariuki,ID-HASH-77488F069C,BOSA-NRM,Development Loan Normal,3455000.00,1293000.00,121000.00,0,STAGE_1_PERFORMING,0.68%,3.9x,MOMBASA_BR
2025-10-31,STR-LN-101835,TKN-SHA256-9D05B7BB,Catherine Siele,ID-HASH-5D5E075098,ASSET-FIN,Vehicle & Asset Finance,1475000.00,949000.00,51500.00,0,STAGE_1_PERFORMING,0.54%,1.7x,MOMBASA_BR
2025-10-31,STR-LN-101836,TKN-SHA256-84438DC9,Bernard Korir,ID-HASH-E891113515,AGRI-TEA,Tea & Coffee Farm Development,680000.00,504000.00,24000.00,0,STAGE_1_PERFORMING,0.63%,2.5x,WESTLANDS
2025-10-31,STR-LN-101837,TKN-SHA256-B99E8D12,John Hassan,ID-HASH-A28AE73C75,ASSET-FIN,Vehicle & Asset Finance,2100000.00,850000.00,73500.00,49,STAGE_2_UNDERPERFORMING,5.77%,1.4x,KISUMU_BR
2025-10-31,STR-LN-101838,TKN-SHA256-05953CBB,David Gitonga,ID-HASH-AFD7DCF58F,MSME-WCP,Business Working Capital,1205000.00,193000.00,42000.00,0,STAGE_1_PERFORMING,0.15%,1.7x,BOMET_BRANCH
2025-10-31,STR-LN-101839,TKN-SHA256-5EBA0FDB,Geoffrey Sang,ID-HASH-CAA8F2A2C2,FOSA-ADV,Salary Advance 30D,130000.00,96000.00,4500.00,0,STAGE_1_PERFORMING,0.92%,1.6x,NAKURU_BR
2025-10-31,STR-LN-101840,TKN-SHA256-7066A7B2,Mary Rono,ID-HASH-D37C6FF131,MSME-WCP,Business Working Capital,1710000.00,624000.00,60000.00,0,STAGE_1_PERFORMING,0.22%,2.0x,BOMET_BRANCH
2025-10-31,STR-LN-101841,TKN-SHA256-0839321D,Jane Gitonga,ID-HASH-F8337A3EF8,ASSET-FIN,Vehicle & Asset Finance,2555000.00,1646000.00,89500.00,0,STAGE_1_PERFORMING,0.52%,2.0x,WESTLANDS
2025-10-31,STR-LN-101842,TKN-SHA256-61D6A2D8,Dennis Kimani,ID-HASH-EE77C2BD1F,BOSA-EMG,Emergency Medical Facility,235000.00,176000.00,8000.00,0,STAGE_1_PERFORMING,0.61%,3.1x,MOMBASA_BR
2025-10-31,STR-LN-101843,TKN-SHA256-4D1CDA71,Wesley Hassan,ID-HASH-91599AB6BD,AGRI-TEA,Tea & Coffee Farm Development,555000.00,131000.00,19500.00,0,STAGE_1_PERFORMING,0.59%,2.1x,UPPER_HILL
2025-10-31,STR-LN-101844,TKN-SHA256-A273C669,Tabitha Chebet,ID-HASH-5A2B987832,BOSA-EMG,Emergency Medical Facility,180000.00,29000.00,6500.00,0,STAGE_1_PERFORMING,0.94%,3.3x,WESTLANDS
2025-10-31,STR-LN-101845,TKN-SHA256-459BF5D2,Lucy Omondi,ID-HASH-46786ED7DD,BOSA-SCH,School Fees Advance,165000.00,117000.00,6000.00,0,STAGE_1_PERFORMING,0.30%,3.2x,KISUMU_BR
2025-10-31,STR-LN-101846,TKN-SHA256-F6FF57CB,Mary Njoroge,ID-HASH-377DCDA256,FOSA-ADV,Salary Advance 30D,125000.00,62000.00,4500.00,0,STAGE_1_PERFORMING,0.27%,1.0x,NAKURU_BR
2025-10-31,STR-LN-101847,TKN-SHA256-37C46F5F,Mercy Wanjiku,ID-HASH-688FEDD12D,BOSA-EMG,Emergency Medical Facility,55000.00,39000.00,2000.00,0,STAGE_1_PERFORMING,0.38%,1.9x,NANDI_HILLS
2025-10-31,STR-LN-101848,TKN-SHA256-B76B7F30,Hassan Mutua,ID-HASH-86884DB26F,MSME-WCP,Business Working Capital,475000.00,205000.00,16500.00,0,STAGE_1_PERFORMING,0.79%,2.3x,ELDORET_BR
2025-10-31,STR-LN-101849,TKN-SHA256-4977FC0D,Stephen Kamau,ID-HASH-F53E5E9CCA,MSME-WCP,Business Working Capital,1685000.00,269000.00,59000.00,0,STAGE_1_PERFORMING,0.88%,2.4x,NAKURU_BR
2025-10-31,STR-LN-101850,TKN-SHA256-A1A0C546,Gladys Kimani,ID-HASH-BAB434544B,MSME-WCP,Business Working Capital,1605000.00,1471000.00,56000.00,0,STAGE_1_PERFORMING,0.61%,2.6x,WESTLANDS
2025-10-31,STR-LN-101851,TKN-SHA256-7069F6CA,Mercy Njoroge,ID-HASH-5D7FE20D6C,ASSET-FIN,Vehicle & Asset Finance,4505000.00,1136000.00,157500.00,0,STAGE_1_PERFORMING,0.32%,1.2x,UPPER_HILL
2025-10-31,STR-LN-101852,TKN-SHA256-76E37928,John Ochieng,ID-HASH-867F229913,BOSA-NRM,Development Loan Normal,1940000.00,808000.00,68000.00,51,STAGE_2_UNDERPERFORMING,7.62%,3.3x,WESTLANDS
2025-10-31,STR-LN-101853,TKN-SHA256-5367877A,Samuel Bett,ID-HASH-6413479B03,MSME-WCP,Business Working Capital,530000.00,430000.00,18500.00,0,STAGE_1_PERFORMING,0.18%,1.8x,UPPER_HILL
2025-10-31,STR-LN-101854,TKN-SHA256-74572816,Hassan Kariuki,ID-HASH-A871E94B7D,ASSET-FIN,Vehicle & Asset Finance,3015000.00,2190000.00,105500.00,0,STAGE_1_PERFORMING,0.16%,1.5x,KISUMU_BR
2025-10-31,STR-LN-101855,TKN-SHA256-ACBBCF7B,Alice Langat,ID-HASH-015504DD9C,BOSA-EMG,Emergency Medical Facility,130000.00,80000.00,4500.00,1,STAGE_1_EARLY_WATCH,2.87%,2.5x,UPPER_HILL
2025-10-31,STR-LN-101856,TKN-SHA256-3A27446C,Alice Rono,ID-HASH-264CDD2A6B,ASSET-FIN,Vehicle & Asset Finance,2070000.00,467000.00,72500.00,0,STAGE_1_PERFORMING,0.77%,1.2x,BOMET_BRANCH
2025-10-31,STR-LN-101857,TKN-SHA256-970EB565,Dennis Rono,ID-HASH-9515F928D5,AGRI-TEA,Tea & Coffee Farm Development,945000.00,582000.00,33000.00,0,STAGE_1_PERFORMING,0.56%,3.8x,KISUMU_BR
2025-10-31,STR-LN-101858,TKN-SHA256-1BD64477,Gladys Sang,ID-HASH-9025F00055,BOSA-SCH,School Fees Advance,65000.00,16000.00,2500.00,0,STAGE_1_PERFORMING,0.70%,3.4x,ELDORET_BR
2025-10-31,STR-LN-101859,TKN-SHA256-A6228EF3,James Kamau,ID-HASH-095D3818DB,FOSA-ADV,Salary Advance 30D,65000.00,27000.00,2500.00,0,STAGE_1_PERFORMING,0.40%,1.1x,KISUMU_BR
2025-10-31,STR-LN-101860,TKN-SHA256-8B321C6C,Samuel Langat,ID-HASH-2C5E108CB1,BOSA-NRM,Development Loan Normal,1405000.00,306000.00,49000.00,0,STAGE_1_PERFORMING,0.38%,4.0x,KISUMU_BR
2025-10-31,STR-LN-101861,TKN-SHA256-5A08C0C6,Grace Ochieng,ID-HASH-20436A359B,BOSA-NRM,Development Loan Normal,1305000.00,410000.00,45500.00,0,STAGE_1_PERFORMING,0.41%,2.7x,NAKURU_BR
2025-10-31,STR-LN-101862,TKN-SHA256-7DC76C83,Fatuma Hassan,ID-HASH-5717DFA489,FOSA-ADV,Salary Advance 30D,75000.00,28000.00,2500.00,0,STAGE_1_PERFORMING,0.25%,1.4x,KERICHO_CENTRAL
2025-10-31,STR-LN-101863,TKN-SHA256-1F1EB3BF,Grace Wambui,ID-HASH-66A92136F7,FOSA-ADV,Salary Advance 30D,70000.00,11000.00,2500.00,0,STAGE_1_PERFORMING,0.87%,0.9x,UPPER_HILL
2025-10-31,STR-LN-101864,TKN-SHA256-8704A848,Lucy Mwangi,ID-HASH-2D1BE539AD,FOSA-ADV,Salary Advance 30D,120000.00,23000.00,4000.00,0,STAGE_1_PERFORMING,0.49%,1.4x,BOMET_BRANCH
2025-10-31,STR-LN-101865,TKN-SHA256-91AD19AF,Tabitha Ochieng,ID-HASH-6B698447E4,BOSA-NRM,Development Loan Normal,2175000.00,1754000.00,76000.00,0,STAGE_1_PERFORMING,0.24%,4.3x,BOMET_BRANCH
2025-10-31,STR-LN-101866,TKN-SHA256-70164845,Emmanuel Ochieng,ID-HASH-AF508855B1,FOSA-ADV,Salary Advance 30D,90000.00,63000.00,3000.00,0,STAGE_1_PERFORMING,0.86%,1.4x,BOMET_BRANCH
2025-10-31,STR-LN-101867,TKN-SHA256-E3155FC9,James Ruto,ID-HASH-4F8CBB865D,MSME-WCP,Business Working Capital,1710000.00,448000.00,60000.00,0,STAGE_1_PERFORMING,0.90%,1.7x,HQ_NAIROBI
2025-10-31,STR-LN-101868,TKN-SHA256-0EA98DB6,Stephen Njoroge,ID-HASH-B54E3329CF,ASSET-FIN,Vehicle & Asset Finance,3620000.00,3048000.00,126500.00,0,STAGE_1_PERFORMING,0.57%,2.0x,NANDI_HILLS
2025-10-31,STR-LN-101869,TKN-SHA256-5F1C76B4,Alice Siele,ID-HASH-B76F15923F,FOSA-ADV,Salary Advance 30D,140000.00,111000.00,5000.00,0,STAGE_1_PERFORMING,0.53%,1.1x,NANDI_HILLS
2025-10-31,STR-LN-101870,TKN-SHA256-03A0F60D,Catherine Kamau,ID-HASH-4E6B996530,ASSET-FIN,Vehicle & Asset Finance,2815000.00,2455000.00,98500.00,0,STAGE_1_PERFORMING,0.41%,1.3x,MOMBASA_BR
2025-10-31,STR-LN-101871,TKN-SHA256-1873BDF0,Jane Kiptoo,ID-HASH-64B6DE8263,BOSA-NRM,Development Loan Normal,2390000.00,2238000.00,83500.00,0,STAGE_1_PERFORMING,0.39%,2.7x,KERICHO_CENTRAL
2025-10-31,STR-LN-101872,TKN-SHA256-149E2AA7,Cosmas Cheruiyot,ID-HASH-1A1D7AF7B4,AGRI-TEA,Tea & Coffee Farm Development,1150000.00,248000.00,40500.00,0,STAGE_1_PERFORMING,0.88%,3.1x,BOMET_BRANCH
2025-10-31,STR-LN-101873,TKN-SHA256-804D18CA,James Mwangi,ID-HASH-8DF4940A22,MSME-WCP,Business Working Capital,1590000.00,347000.00,55500.00,0,STAGE_1_PERFORMING,0.26%,2.3x,BOMET_BRANCH
2025-10-31,STR-LN-101874,TKN-SHA256-6E1BD649,Grace Ruto,ID-HASH-73D907D671,MSME-WCP,Business Working Capital,1710000.00,729000.00,60000.00,0,STAGE_1_PERFORMING,0.28%,1.8x,HQ_NAIROBI
2025-10-31,STR-LN-101875,TKN-SHA256-D20B377F,Gladys Kiptoo,ID-HASH-F53AC71CF3,AGRI-TEA,Tea & Coffee Farm Development,1055000.00,593000.00,37000.00,0,STAGE_1_PERFORMING,0.44%,3.1x,MOMBASA_BR
2025-10-31,STR-LN-101876,TKN-SHA256-AEF0A368,Cosmas Chebet,ID-HASH-10AD1E33AD,MSME-WCP,Business Working Capital,1160000.00,244000.00,40500.00,0,STAGE_1_PERFORMING,0.31%,2.2x,HQ_NAIROBI
2025-10-31,STR-LN-101877,TKN-SHA256-59758E4C,Geoffrey Kariuki,ID-HASH-DC44728B6E,FOSA-ADV,Salary Advance 30D,60000.00,43000.00,2000.00,0,STAGE_1_PERFORMING,0.92%,0.9x,MOMBASA_BR
2025-10-31,STR-LN-101878,TKN-SHA256-AC8901CB,Philemon Bett,ID-HASH-9F7DF6B0B6,BOSA-EMG,Emergency Medical Facility,180000.00,112000.00,6500.00,0,STAGE_1_PERFORMING,0.55%,2.4x,NANDI_HILLS
2025-10-31,STR-LN-101879,TKN-SHA256-050AAAA9,Lucy Kariuki,ID-HASH-51F32DE156,ASSET-FIN,Vehicle & Asset Finance,1200000.00,345000.00,42000.00,22,STAGE_1_EARLY_WATCH,2.84%,1.5x,UPPER_HILL
2025-10-31,STR-LN-101880,TKN-SHA256-6284053A,Tabitha Otieno,ID-HASH-01BDAD3032,ASSET-FIN,Vehicle & Asset Finance,3225000.00,881000.00,113000.00,0,STAGE_1_PERFORMING,0.39%,1.5x,MOMBASA_BR
2025-10-31,STR-LN-101881,TKN-SHA256-2EEDC952,Fatuma Wanjiku,ID-HASH-6FD0F248DA,BOSA-SCH,School Fees Advance,170000.00,110000.00,6000.00,0,STAGE_1_PERFORMING,0.94%,5.0x,WESTLANDS
2025-10-31,STR-LN-101882,TKN-SHA256-AEBBC009,Lucy Cheruiyot,ID-HASH-C8A420A370,AGRI-TEA,Tea & Coffee Farm Development,560000.00,373000.00,19500.00,0,STAGE_1_PERFORMING,0.71%,2.9x,NANDI_HILLS
2025-10-31,STR-LN-101883,TKN-SHA256-0CF71A76,Fatuma Wambui,ID-HASH-31E2189227,ASSET-FIN,Vehicle & Asset Finance,4250000.00,829000.00,149000.00,0,STAGE_1_PERFORMING,0.20%,1.8x,HQ_NAIROBI
2025-10-31,STR-LN-101884,TKN-SHA256-4C3118C0,Bernard Cheruiyot,ID-HASH-C8ECBDD017,BOSA-EMG,Emergency Medical Facility,110000.00,57000.00,4000.00,0,STAGE_1_PERFORMING,0.65%,2.6x,ELDORET_BR
2025-10-31,STR-LN-101885,TKN-SHA256-A21FFDA8,Samuel Wambui,ID-HASH-977686998B,MSME-WCP,Business Working Capital,1075000.00,359000.00,37500.00,0,STAGE_1_PERFORMING,0.42%,2.2x,WESTLANDS
2025-10-31,STR-LN-101886,TKN-SHA256-B61DE843,Mercy Ochieng,ID-HASH-9D38AA7981,FOSA-ADV,Salary Advance 30D,75000.00,54000.00,2500.00,0,STAGE_1_PERFORMING,0.19%,1.2x,WESTLANDS
2025-10-31,STR-LN-101887,TKN-SHA256-684A97AF,Mary Mutua,ID-HASH-F19FC2C472,BOSA-EMG,Emergency Medical Facility,150000.00,136000.00,5500.00,0,STAGE_1_PERFORMING,0.53%,3.1x,KERICHO_CENTRAL
2025-10-31,STR-LN-101888,TKN-SHA256-CCB2AB5F,Jane Achieng,ID-HASH-225276F228,BOSA-SCH,School Fees Advance,165000.00,45000.00,6000.00,0,STAGE_1_PERFORMING,0.88%,4.7x,UPPER_HILL
2025-10-31,STR-LN-101889,TKN-SHA256-C1F57EE3,Hassan Mwangi,ID-HASH-B4A0F4DCF1,BOSA-NRM,Development Loan Normal,2315000.00,1183000.00,81000.00,11,STAGE_1_EARLY_WATCH,4.20%,3.3x,HQ_NAIROBI
2025-10-31,STR-LN-101890,TKN-SHA256-237A2982,Mary Gitonga,ID-HASH-4487D02664,MSME-WCP,Business Working Capital,1045000.00,232000.00,36500.00,0,STAGE_1_PERFORMING,0.72%,2.5x,BOMET_BRANCH
2025-10-31,STR-LN-101891,TKN-SHA256-F4637B5D,Philemon Njoroge,ID-HASH-2C824B4901,FOSA-ADV,Salary Advance 30D,55000.00,46000.00,2000.00,0,STAGE_1_PERFORMING,0.47%,1.5x,UPPER_HILL
2025-10-31,STR-LN-101892,TKN-SHA256-E8CAC6E1,Kiprono Siele,ID-HASH-2A97C55E69,MSME-WCP,Business Working Capital,875000.00,461000.00,30500.00,0,STAGE_1_PERFORMING,0.74%,2.0x,WESTLANDS
2025-10-31,STR-LN-101893,TKN-SHA256-1CF01F4B,Peter Kariuki,ID-HASH-4DD9586631,ASSET-FIN,Vehicle & Asset Finance,1770000.00,496000.00,62000.00,66,STAGE_2_UNDERPERFORMING,9.52%,1.8x,NAKURU_BR
2025-10-31,STR-LN-101894,TKN-SHA256-B3BF0BBE,Alice Ali,ID-HASH-FFC56BD794,BOSA-SCH,School Fees Advance,70000.00,60000.00,2500.00,0,STAGE_1_PERFORMING,0.24%,3.6x,MOMBASA_BR
2025-10-31,STR-LN-101895,TKN-SHA256-F6DBC0A0,Hassan Kamau,ID-HASH-7363C3609B,FOSA-ADV,Salary Advance 30D,45000.00,32000.00,1500.00,0,STAGE_1_PERFORMING,0.61%,1.4x,HQ_NAIROBI
2025-10-31,STR-LN-101896,TKN-SHA256-2D688E6A,Catherine Ali,ID-HASH-DE74234AC6,BOSA-EMG,Emergency Medical Facility,60000.00,9000.00,2000.00,0,STAGE_1_PERFORMING,0.27%,2.1x,HQ_NAIROBI
2025-10-31,STR-LN-101897,TKN-SHA256-21D60EB3,Bernard Kiptoo,ID-HASH-B93FDA1253,ASSET-FIN,Vehicle & Asset Finance,4230000.00,879000.00,148000.00,0,STAGE_1_PERFORMING,0.55%,1.3x,NANDI_HILLS
2025-10-31,STR-LN-101898,TKN-SHA256-8CAD86EC,Emmanuel Kamau,ID-HASH-0F4233B873,BOSA-SCH,School Fees Advance,65000.00,18000.00,2500.00,0,STAGE_1_PERFORMING,0.52%,3.8x,NANDI_HILLS
2025-10-31,STR-LN-101899,TKN-SHA256-638ECF50,Tabitha Sang,ID-HASH-18676F2A0D,FOSA-ADV,Salary Advance 30D,70000.00,55000.00,2500.00,0,STAGE_1_PERFORMING,0.49%,1.2x,WESTLANDS
2025-10-31,STR-LN-101900,TKN-SHA256-62455DBA,Mary Koech,ID-HASH-5801380775,FOSA-ADV,Salary Advance 30D,140000.00,51000.00,5000.00,0,STAGE_1_PERFORMING,0.70%,1.1x,MOMBASA_BR
2025-10-31,STR-LN-101901,TKN-SHA256-3ABBC6A5,Beatrice Wanjiku,ID-HASH-271A03A4B4,ASSET-FIN,Vehicle & Asset Finance,1755000.00,925000.00,61500.00,0,STAGE_1_PERFORMING,0.71%,1.5x,UPPER_HILL
2025-10-31,STR-LN-101902,TKN-SHA256-CB0350EB,Mercy Wanjiku,ID-HASH-3F66A5A130,FOSA-ADV,Salary Advance 30D,60000.00,21000.00,2000.00,180,STAGE_3_NON_PERFORMING,41.17%,1.3x,BOMET_BRANCH
2025-10-31,STR-LN-101903,TKN-SHA256-19C8AA27,Stephen Kiptoo,ID-HASH-4B7147C664,BOSA-SCH,School Fees Advance,235000.00,66000.00,8000.00,0,STAGE_1_PERFORMING,0.88%,5.0x,UPPER_HILL
2025-10-31,STR-LN-101904,TKN-SHA256-F84C3D29,Emmanuel Wanjiku,ID-HASH-047BA66203,BOSA-EMG,Emergency Medical Facility,285000.00,67000.00,10000.00,0,STAGE_1_PERFORMING,0.68%,3.0x,WESTLANDS
2025-10-31,STR-LN-101905,TKN-SHA256-FD7E3A3C,Fatuma Kamau,ID-HASH-9520F57B2C,MSME-WCP,Business Working Capital,385000.00,240000.00,13500.00,0,STAGE_1_PERFORMING,0.80%,1.8x,BOMET_BRANCH
2025-10-31,STR-LN-101906,TKN-SHA256-7920EE7A,Jane Wanjiku,ID-HASH-1B223E1868,BOSA-NRM,Development Loan Normal,2380000.00,1252000.00,83500.00,0,STAGE_1_PERFORMING,0.48%,3.7x,NAKURU_BR
2025-10-31,STR-LN-101907,TKN-SHA256-7B4B0C4C,David Koech,ID-HASH-71A4E60DDB,MSME-WCP,Business Working Capital,1660000.00,1235000.00,58000.00,0,STAGE_1_PERFORMING,0.37%,1.5x,NAKURU_BR
2025-10-31,STR-LN-101908,TKN-SHA256-0515D2C8,Lucy Mutua,ID-HASH-162963027A,BOSA-NRM,Development Loan Normal,3410000.00,1805000.00,119500.00,0,STAGE_1_PERFORMING,0.81%,4.2x,BOMET_BRANCH
2025-10-31,STR-LN-101909,TKN-SHA256-F412CD7B,Beatrice Kariuki,ID-HASH-85A5EA4C7E,AGRI-TEA,Tea & Coffee Farm Development,255000.00,213000.00,9000.00,0,STAGE_1_PERFORMING,0.32%,2.3x,ELDORET_BR
2025-10-31,STR-LN-101910,TKN-SHA256-3C5D0FCA,Wesley Gitonga,ID-HASH-6A9CDA0615,AGRI-TEA,Tea & Coffee Farm Development,285000.00,192000.00,10000.00,27,STAGE_1_EARLY_WATCH,4.38%,2.3x,UPPER_HILL
2025-10-31,STR-LN-101911,TKN-SHA256-66F48955,Hassan Kamau,ID-HASH-023B7B77E8,MSME-WCP,Business Working Capital,1090000.00,825000.00,38000.00,0,STAGE_1_PERFORMING,0.33%,2.0x,KERICHO_CENTRAL
2025-10-31,STR-LN-101912,TKN-SHA256-10569499,Dennis Korir,ID-HASH-B1CB994D58,ASSET-FIN,Vehicle & Asset Finance,1630000.00,1418000.00,57000.00,0,STAGE_1_PERFORMING,0.71%,1.5x,ELDORET_BR
2025-10-31,STR-LN-101913,TKN-SHA256-2ED78EDC,Tabitha Siele,ID-HASH-BF584BDDEA,FOSA-ADV,Salary Advance 30D,100000.00,39000.00,3500.00,0,STAGE_1_PERFORMING,0.31%,1.5x,WESTLANDS
2025-10-31,STR-LN-101914,TKN-SHA256-0DA33181,David Kiptoo,ID-HASH-2839292D15,BOSA-NRM,Development Loan Normal,1965000.00,1435000.00,69000.00,0,STAGE_1_PERFORMING,0.27%,2.5x,NANDI_HILLS
2025-10-31,STR-LN-101915,TKN-SHA256-B501E4B4,Hassan Bett,ID-HASH-120E38ACEC,BOSA-SCH,School Fees Advance,50000.00,45000.00,2000.00,0,STAGE_1_PERFORMING,0.31%,4.7x,BOMET_BRANCH
2025-10-31,STR-LN-101916,TKN-SHA256-9B059286,Wesley Kimani,ID-HASH-9CB779B1F0,BOSA-SCH,School Fees Advance,85000.00,39000.00,3000.00,0,STAGE_1_PERFORMING,0.39%,3.4x,WESTLANDS
2025-10-31,STR-LN-101917,TKN-SHA256-6A2B54D4,John Korir,ID-HASH-51FCFB761F,FOSA-ADV,Salary Advance 30D,115000.00,83000.00,4000.00,0,STAGE_1_PERFORMING,0.81%,1.4x,NANDI_HILLS
2025-10-31,STR-LN-101918,TKN-SHA256-37519EF5,Lucy Hassan,ID-HASH-ED85EE2D4D,BOSA-SCH,School Fees Advance,215000.00,95000.00,7500.00,0,STAGE_1_PERFORMING,0.18%,5.0x,KERICHO_CENTRAL
2025-10-31,STR-LN-101919,TKN-SHA256-48793D88,Lucy Mwangi,ID-HASH-E46D3D87DD,ASSET-FIN,Vehicle & Asset Finance,3065000.00,2870000.00,107500.00,0,STAGE_1_PERFORMING,0.90%,1.8x,BOMET_BRANCH
2025-10-31,STR-LN-101920,TKN-SHA256-27FE17BF,Kiprono Mutua,ID-HASH-A52F41462B,FOSA-ADV,Salary Advance 30D,45000.00,34000.00,1500.00,60,STAGE_2_UNDERPERFORMING,6.15%,1.0x,ELDORET_BR
2025-10-31,STR-LN-101921,TKN-SHA256-5BA634C9,David Koech,ID-HASH-E4FF044EC0,MSME-WCP,Business Working Capital,1575000.00,840000.00,55000.00,0,STAGE_1_PERFORMING,0.37%,2.2x,NAKURU_BR
2025-10-31,STR-LN-101922,TKN-SHA256-3EEC355A,Tabitha Kariuki,ID-HASH-6A9F68645E,MSME-WCP,Business Working Capital,1515000.00,939000.00,53000.00,0,STAGE_1_PERFORMING,0.20%,2.5x,ELDORET_BR
2025-10-31,STR-LN-101923,TKN-SHA256-34EE8AC1,Samuel Mwangi,ID-HASH-105B88502F,BOSA-NRM,Development Loan Normal,2180000.00,446000.00,76500.00,0,STAGE_1_PERFORMING,0.80%,2.8x,KERICHO_CENTRAL
2025-10-31,STR-LN-101924,TKN-SHA256-85D8E4A2,Grace Bett,ID-HASH-DDD749F525,FOSA-ADV,Salary Advance 30D,30000.00,16000.00,1000.00,0,STAGE_1_PERFORMING,0.59%,1.0x,MOMBASA_BR
2025-10-31,STR-LN-101925,TKN-SHA256-DB012D5A,Cosmas Mwangi,ID-HASH-5DDBA299A6,BOSA-EMG,Emergency Medical Facility,55000.00,50000.00,2000.00,0,STAGE_1_PERFORMING,0.34%,2.4x,NAKURU_BR
2025-10-31,STR-LN-101926,TKN-SHA256-0DC41685,John Bett,ID-HASH-AF9890FDFE,BOSA-EMG,Emergency Medical Facility,200000.00,144000.00,7000.00,0,STAGE_1_PERFORMING,0.85%,3.1x,NANDI_HILLS
2025-10-31,STR-LN-101927,TKN-SHA256-6395C2A2,Mercy Njoroge,ID-HASH-AFA369E9A6,FOSA-ADV,Salary Advance 30D,105000.00,47000.00,3500.00,0,STAGE_1_PERFORMING,0.25%,1.3x,BOMET_BRANCH
2025-10-31,STR-LN-101928,TKN-SHA256-07D06119,Catherine Kamau,ID-HASH-EB61378ABB,BOSA-NRM,Development Loan Normal,3330000.00,2493000.00,116500.00,0,STAGE_1_PERFORMING,0.59%,3.5x,KISUMU_BR
2025-10-31,STR-LN-101929,TKN-SHA256-7C65EABF,Mercy Ochieng,ID-HASH-50AD4EBD31,BOSA-NRM,Development Loan Normal,1305000.00,475000.00,45500.00,0,STAGE_1_PERFORMING,0.21%,3.2x,KISUMU_BR
2025-10-31,STR-LN-101930,TKN-SHA256-15821744,Grace Korir,ID-HASH-34C3F27E45,ASSET-FIN,Vehicle & Asset Finance,1320000.00,199000.00,46000.00,0,STAGE_1_PERFORMING,0.63%,1.6x,ELDORET_BR
2025-10-31,STR-LN-101931,TKN-SHA256-CD7B8A80,Gladys Wambui,ID-HASH-8CF7A88970,AGRI-TEA,Tea & Coffee Farm Development,1185000.00,766000.00,41500.00,0,STAGE_1_PERFORMING,0.26%,2.7x,MOMBASA_BR
2025-10-31,STR-LN-101932,TKN-SHA256-55222146,Emmanuel Cheruiyot,ID-HASH-0B3775D9F1,AGRI-TEA,Tea & Coffee Farm Development,570000.00,217000.00,20000.00,0,STAGE_1_PERFORMING,0.64%,3.3x,NANDI_HILLS
2025-10-31,STR-LN-101933,TKN-SHA256-BF71832D,Beatrice Ali,ID-HASH-F394538B4F,ASSET-FIN,Vehicle & Asset Finance,3490000.00,1054000.00,122000.00,0,STAGE_1_PERFORMING,0.89%,1.8x,NAKURU_BR
2025-10-31,STR-LN-101934,TKN-SHA256-A26A4858,James Ali,ID-HASH-FA1C5F23AC,BOSA-SCH,School Fees Advance,235000.00,206000.00,8000.00,0,STAGE_1_PERFORMING,0.38%,3.8x,ELDORET_BR
2025-10-31,STR-LN-101935,TKN-SHA256-837C5BA1,Stephen Ochieng,ID-HASH-CA81CA8587,MSME-WCP,Business Working Capital,1445000.00,948000.00,50500.00,0,STAGE_1_PERFORMING,0.41%,1.6x,UPPER_HILL
2025-10-31,STR-LN-101936,TKN-SHA256-2A9AE0A7,David Kimani,ID-HASH-9B009F6DA0,ASSET-FIN,Vehicle & Asset Finance,4845000.00,4250000.00,169500.00,0,STAGE_1_PERFORMING,0.52%,2.0x,MOMBASA_BR
2025-10-31,STR-LN-101937,TKN-SHA256-AA1FD456,Emmanuel Kimani,ID-HASH-9A266C547D,MSME-WCP,Business Working Capital,550000.00,405000.00,19500.00,0,STAGE_1_PERFORMING,0.27%,2.4x,NANDI_HILLS
2025-10-31,STR-LN-101938,TKN-SHA256-3189B34F,Dennis Chebet,ID-HASH-86D08E8A42,BOSA-NRM,Development Loan Normal,2780000.00,1955000.00,97500.00,0,STAGE_1_PERFORMING,0.18%,3.7x,KERICHO_CENTRAL
2025-10-31,STR-LN-101939,TKN-SHA256-5824FC6F,Cosmas Mwangi,ID-HASH-CB4023FC02,ASSET-FIN,Vehicle & Asset Finance,1670000.00,578000.00,58500.00,0,STAGE_1_PERFORMING,0.24%,1.6x,NAKURU_BR
2025-10-31,STR-LN-101940,TKN-SHA256-29B05C0D,Geoffrey Mutua,ID-HASH-73B4916A7A,ASSET-FIN,Vehicle & Asset Finance,3015000.00,1082000.00,105500.00,0,STAGE_1_PERFORMING,0.70%,2.0x,WESTLANDS
2025-10-31,STR-LN-101941,TKN-SHA256-ADF2CDF2,Catherine Cheruiyot,ID-HASH-A685A52B10,BOSA-EMG,Emergency Medical Facility,150000.00,128000.00,5500.00,0,STAGE_1_PERFORMING,0.52%,2.3x,NANDI_HILLS
2025-10-31,STR-LN-101942,TKN-SHA256-5A2BC72E,John Cheruiyot,ID-HASH-9CDC400ADB,AGRI-TEA,Tea & Coffee Farm Development,1195000.00,900000.00,42000.00,0,STAGE_1_PERFORMING,0.49%,3.8x,HQ_NAIROBI
2025-10-31,STR-LN-101943,TKN-SHA256-AD6709F4,Emmanuel Omondi,ID-HASH-D8EA41D6E8,ASSET-FIN,Vehicle & Asset Finance,3385000.00,2142000.00,118500.00,0,STAGE_1_PERFORMING,0.84%,1.2x,WESTLANDS
2025-10-31,STR-LN-101944,TKN-SHA256-15AAA2A9,Stephen Gitonga,ID-HASH-AB4501A1BD,BOSA-SCH,School Fees Advance,175000.00,125000.00,6000.00,0,STAGE_1_PERFORMING,0.46%,3.4x,KISUMU_BR
2025-10-31,STR-LN-101945,TKN-SHA256-BA087227,Alice Kariuki,ID-HASH-04B24190F2,BOSA-SCH,School Fees Advance,75000.00,61000.00,2500.00,0,STAGE_1_PERFORMING,0.51%,4.1x,MOMBASA_BR
2025-10-31,STR-LN-101946,TKN-SHA256-AD89308D,Catherine Omondi,ID-HASH-AB08B3597C,BOSA-SCH,School Fees Advance,225000.00,159000.00,8000.00,0,STAGE_1_PERFORMING,0.70%,3.2x,ELDORET_BR
2025-10-31,STR-LN-101947,TKN-SHA256-01619ABB,David Koech,ID-HASH-784C796CBB,BOSA-NRM,Development Loan Normal,1500000.00,251000.00,52500.00,0,STAGE_1_PERFORMING,0.72%,3.3x,MOMBASA_BR
2025-10-31,STR-LN-101948,TKN-SHA256-FE52390F,Stephen Achieng,ID-HASH-DD37196CFA,BOSA-EMG,Emergency Medical Facility,230000.00,71000.00,8000.00,0,STAGE_1_PERFORMING,0.88%,3.0x,BOMET_BRANCH
2025-10-31,STR-LN-101949,TKN-SHA256-94A86134,Beatrice Kariuki,ID-HASH-3A4CE8B07C,AGRI-TEA,Tea & Coffee Farm Development,740000.00,115000.00,26000.00,0,STAGE_1_PERFORMING,0.36%,3.0x,WESTLANDS
2025-10-31,STR-LN-101950,TKN-SHA256-7C0797C2,Beatrice Ruto,ID-HASH-ACC202DE0E,BOSA-NRM,Development Loan Normal,2400000.00,669000.00,84000.00,0,STAGE_1_PERFORMING,0.58%,3.6x,HQ_NAIROBI
2025-10-31,STR-LN-101951,TKN-SHA256-9B2EC38D,Jane Ochieng,ID-HASH-E71B9411B9,MSME-WCP,Business Working Capital,210000.00,85000.00,7500.00,0,STAGE_1_PERFORMING,0.67%,2.0x,ELDORET_BR
2025-10-31,STR-LN-101952,TKN-SHA256-0AC5F31D,Stephen Wambui,ID-HASH-D5E542CC85,AGRI-TEA,Tea & Coffee Farm Development,675000.00,101000.00,23500.00,0,STAGE_1_PERFORMING,0.65%,2.6x,UPPER_HILL
2025-10-31,STR-LN-101953,TKN-SHA256-0134F4B2,Catherine Kimani,ID-HASH-4699B910EF,BOSA-NRM,Development Loan Normal,1315000.00,886000.00,46000.00,0,STAGE_1_PERFORMING,0.92%,3.6x,BOMET_BRANCH
2025-10-31,STR-LN-101954,TKN-SHA256-A4264424,Tabitha Bett,ID-HASH-7CC9B88F25,MSME-WCP,Business Working Capital,1645000.00,816000.00,57500.00,24,STAGE_1_EARLY_WATCH,4.49%,2.1x,UPPER_HILL
2025-10-31,STR-LN-101955,TKN-SHA256-332EA881,John Gitonga,ID-HASH-BADEC60FBA,FOSA-ADV,Salary Advance 30D,25000.00,19000.00,1000.00,0,STAGE_1_PERFORMING,0.22%,1.4x,UPPER_HILL
2025-10-31,STR-LN-101956,TKN-SHA256-8F272550,Samuel Rono,ID-HASH-EF7B5C7155,ASSET-FIN,Vehicle & Asset Finance,1815000.00,985000.00,63500.00,30,STAGE_2_UNDERPERFORMING,7.71%,1.5x,NANDI_HILLS
2025-10-31,STR-LN-101957,TKN-SHA256-6EB2AF57,Bernard Korir,ID-HASH-410BF30FD6,BOSA-EMG,Emergency Medical Facility,75000.00,54000.00,2500.00,0,STAGE_1_PERFORMING,0.18%,3.2x,MOMBASA_BR
2025-10-31,STR-LN-101958,TKN-SHA256-8BCD4B18,Philemon Njoroge,ID-HASH-78E3AADF77,MSME-WCP,Business Working Capital,1335000.00,870000.00,46500.00,0,STAGE_1_PERFORMING,0.38%,2.1x,KERICHO_CENTRAL
2025-10-31,STR-LN-101959,TKN-SHA256-CCA459A1,Philemon Chebet,ID-HASH-7EBB4D0938,AGRI-TEA,Tea & Coffee Farm Development,535000.00,250000.00,18500.00,0,STAGE_1_PERFORMING,0.66%,3.5x,KISUMU_BR
2025-10-31,STR-LN-101960,TKN-SHA256-8BC32518,Alice Siele,ID-HASH-13682A22D3,AGRI-TEA,Tea & Coffee Farm Development,455000.00,421000.00,16000.00,0,STAGE_1_PERFORMING,0.77%,3.3x,BOMET_BRANCH
2025-10-31,STR-LN-101961,TKN-SHA256-B7DED01F,Philemon Bett,ID-HASH-6DB09BB251,FOSA-ADV,Salary Advance 30D,150000.00,121000.00,5500.00,0,STAGE_1_PERFORMING,0.20%,1.0x,NANDI_HILLS
2025-10-31,STR-LN-101962,TKN-SHA256-CEC2D15E,Beatrice Korir,ID-HASH-666725A813,ASSET-FIN,Vehicle & Asset Finance,2875000.00,2236000.00,100500.00,0,STAGE_1_PERFORMING,0.46%,1.7x,UPPER_HILL
2025-10-31,STR-LN-101963,TKN-SHA256-F2DFD7F2,Dennis Rono,ID-HASH-C375AF5254,FOSA-ADV,Salary Advance 30D,60000.00,13000.00,2000.00,0,STAGE_1_PERFORMING,0.38%,1.1x,UPPER_HILL
2025-10-31,STR-LN-101964,TKN-SHA256-67317E46,David Koech,ID-HASH-AA2A9C82B7,BOSA-SCH,School Fees Advance,140000.00,117000.00,5000.00,0,STAGE_1_PERFORMING,0.66%,4.3x,BOMET_BRANCH
2025-10-31,STR-LN-101965,TKN-SHA256-5CE653CB,John Siele,ID-HASH-F2CBE31C63,BOSA-NRM,Development Loan Normal,1435000.00,1183000.00,50000.00,22,STAGE_1_EARLY_WATCH,2.60%,4.2x,NAKURU_BR
2025-10-31,STR-LN-101966,TKN-SHA256-DC163FC3,Beatrice Rono,ID-HASH-51A4D9A607,AGRI-TEA,Tea & Coffee Farm Development,275000.00,97000.00,9500.00,22,STAGE_1_EARLY_WATCH,4.30%,3.2x,NAKURU_BR
2025-10-31,STR-LN-101967,TKN-SHA256-E0B49551,John Chebet,ID-HASH-4FBF3F04D2,FOSA-ADV,Salary Advance 30D,85000.00,22000.00,3000.00,0,STAGE_1_PERFORMING,0.90%,0.9x,BOMET_BRANCH
2025-10-31,STR-LN-101968,TKN-SHA256-F08A959E,Catherine Siele,ID-HASH-522E601940,ASSET-FIN,Vehicle & Asset Finance,3540000.00,2268000.00,124000.00,0,STAGE_1_PERFORMING,0.17%,1.3x,KISUMU_BR
2025-10-31,STR-LN-101969,TKN-SHA256-E66D385F,Dennis Bett,ID-HASH-5070621C20,BOSA-SCH,School Fees Advance,250000.00,173000.00,9000.00,0,STAGE_1_PERFORMING,0.39%,4.2x,ELDORET_BR
2025-10-31,STR-LN-101970,TKN-SHA256-837258B6,Tabitha Kiptoo,ID-HASH-0C2F947825,AGRI-TEA,Tea & Coffee Farm Development,995000.00,849000.00,35000.00,0,STAGE_1_PERFORMING,0.21%,2.8x,UPPER_HILL
2025-10-31,STR-LN-101971,TKN-SHA256-4FEF9090,Peter Langat,ID-HASH-A6E31D904C,BOSA-NRM,Development Loan Normal,2020000.00,943000.00,70500.00,0,STAGE_1_PERFORMING,0.63%,2.9x,ELDORET_BR
2025-10-31,STR-LN-101972,TKN-SHA256-84A354FA,Lucy Korir,ID-HASH-99A97C81EF,BOSA-SCH,School Fees Advance,235000.00,51000.00,8000.00,0,STAGE_1_PERFORMING,0.57%,4.6x,NANDI_HILLS
2025-10-31,STR-LN-101973,TKN-SHA256-1FDFA9C8,Bernard Achieng,ID-HASH-F03A7BD396,FOSA-ADV,Salary Advance 30D,70000.00,45000.00,2500.00,0,STAGE_1_PERFORMING,0.78%,1.6x,UPPER_HILL
2025-10-31,STR-LN-101974,TKN-SHA256-700A7FFD,Mary Kariuki,ID-HASH-DC4238EE4A,BOSA-EMG,Emergency Medical Facility,250000.00,162000.00,9000.00,0,STAGE_1_PERFORMING,0.91%,3.1x,WESTLANDS
2025-10-31,STR-LN-101975,TKN-SHA256-AC942D61,Wesley Omondi,ID-HASH-2DA677AD22,BOSA-NRM,Development Loan Normal,510000.00,371000.00,18000.00,39,STAGE_2_UNDERPERFORMING,11.62%,2.6x,HQ_NAIROBI
2025-10-31,STR-LN-101976,TKN-SHA256-30D2C533,John Cheruiyot,ID-HASH-EEDE7C93A8,AGRI-TEA,Tea & Coffee Farm Development,525000.00,226000.00,18500.00,0,STAGE_1_PERFORMING,0.80%,3.4x,KERICHO_CENTRAL
2025-10-31,STR-LN-101977,TKN-SHA256-6389EC14,Emmanuel Gitonga,ID-HASH-502EF39B81,MSME-WCP,Business Working Capital,655000.00,541000.00,23000.00,0,STAGE_1_PERFORMING,0.41%,1.8x,KISUMU_BR
2025-10-31,STR-LN-101978,TKN-SHA256-6E97DF59,Lucy Ali,ID-HASH-ADEFDA1343,MSME-WCP,Business Working Capital,435000.00,100000.00,15000.00,0,STAGE_1_PERFORMING,0.61%,2.0x,ELDORET_BR
2025-10-31,STR-LN-101979,TKN-SHA256-21A3C0FF,Dennis Ali,ID-HASH-15F8177663,AGRI-TEA,Tea & Coffee Farm Development,985000.00,245000.00,34500.00,0,STAGE_1_PERFORMING,0.38%,2.4x,NAKURU_BR
2025-10-31,STR-LN-101980,TKN-SHA256-E41A7CF9,John Wanjiku,ID-HASH-7D96A73E1A,AGRI-TEA,Tea & Coffee Farm Development,1045000.00,400000.00,36500.00,0,STAGE_1_PERFORMING,0.43%,2.7x,KISUMU_BR
2025-10-31,STR-LN-101981,TKN-SHA256-2A34A79B,Gladys Kiptoo,ID-HASH-827A5FE2E4,BOSA-SCH,School Fees Advance,200000.00,46000.00,7000.00,0,STAGE_1_PERFORMING,0.47%,4.7x,UPPER_HILL
2025-10-31,STR-LN-101982,TKN-SHA256-309436BD,Wesley Chebet,ID-HASH-F5F71A2B95,BOSA-EMG,Emergency Medical Facility,95000.00,55000.00,3500.00,0,STAGE_1_PERFORMING,0.73%,2.9x,ELDORET_BR
2025-10-31,STR-LN-101983,TKN-SHA256-9DD92164,Kiprono Ali,ID-HASH-E3F5296DC9,BOSA-EMG,Emergency Medical Facility,50000.00,21000.00,2000.00,0,STAGE_1_PERFORMING,0.19%,2.8x,KERICHO_CENTRAL
2025-10-31,STR-LN-101984,TKN-SHA256-2FD0AE3B,Mercy Bett,ID-HASH-04530C0AF3,AGRI-TEA,Tea & Coffee Farm Development,205000.00,152000.00,7000.00,0,STAGE_1_PERFORMING,0.36%,2.9x,NANDI_HILLS
2025-10-31,STR-LN-101985,TKN-SHA256-C16BE0D5,Stephen Ali,ID-HASH-B9BB1C8CFE,MSME-WCP,Business Working Capital,690000.00,588000.00,24000.00,6,STAGE_1_EARLY_WATCH,4.24%,2.6x,KERICHO_CENTRAL
2025-10-31,STR-LN-101986,TKN-SHA256-0E845349,Stephen Langat,ID-HASH-C3E868C23D,BOSA-EMG,Emergency Medical Facility,175000.00,38000.00,6000.00,6,STAGE_1_EARLY_WATCH,2.21%,3.1x,KISUMU_BR
2025-10-31,STR-LN-101987,TKN-SHA256-66E2D268,James Bett,ID-HASH-8B4C088F03,FOSA-ADV,Salary Advance 30D,115000.00,36000.00,4000.00,0,STAGE_1_PERFORMING,0.31%,1.4x,NANDI_HILLS
2025-10-31,STR-LN-101988,TKN-SHA256-340341A3,Peter Hassan,ID-HASH-9EFEC446A6,ASSET-FIN,Vehicle & Asset Finance,4845000.00,2429000.00,169500.00,4,STAGE_1_EARLY_WATCH,2.06%,1.4x,KERICHO_CENTRAL
2025-10-31,STR-LN-101989,TKN-SHA256-DBFBB150,Bernard Mutua,ID-HASH-B6B269550B,FOSA-ADV,Salary Advance 30D,140000.00,110000.00,5000.00,0,STAGE_1_PERFORMING,0.56%,1.1x,WESTLANDS
2025-10-31,STR-LN-101990,TKN-SHA256-6F0EAC13,Beatrice Langat,ID-HASH-142330A72B,BOSA-EMG,Emergency Medical Facility,185000.00,131000.00,6500.00,3,STAGE_1_EARLY_WATCH,1.73%,3.2x,BOMET_BRANCH
2025-10-31,STR-LN-101991,TKN-SHA256-06D70CD2,Geoffrey Otieno,ID-HASH-8EF6B98574,BOSA-EMG,Emergency Medical Facility,120000.00,57000.00,4000.00,0,STAGE_1_PERFORMING,0.82%,2.2x,HQ_NAIROBI
2025-10-31,STR-LN-101992,TKN-SHA256-28577F90,Wesley Njoroge,ID-HASH-6947CFF0A1,MSME-WCP,Business Working Capital,390000.00,168000.00,13500.00,0,STAGE_1_PERFORMING,0.92%,1.7x,KERICHO_CENTRAL
2025-10-31,STR-LN-101993,TKN-SHA256-9D146E81,Stephen Ochieng,ID-HASH-F3ACA5992E,BOSA-SCH,School Fees Advance,100000.00,86000.00,3500.00,0,STAGE_1_PERFORMING,0.43%,3.0x,KISUMU_BR
2025-10-31,STR-LN-101994,TKN-SHA256-937DC8F9,Samuel Ochieng,ID-HASH-9FBE7DB53D,ASSET-FIN,Vehicle & Asset Finance,3530000.00,2687000.00,123500.00,0,STAGE_1_PERFORMING,0.19%,1.8x,WESTLANDS
2025-10-31,STR-LN-101995,TKN-SHA256-C6FE762D,Geoffrey Langat,ID-HASH-CCE08ACC4C,FOSA-ADV,Salary Advance 30D,85000.00,80000.00,3000.00,0,STAGE_1_PERFORMING,0.71%,1.5x,MOMBASA_BR
2025-10-31,STR-LN-101996,TKN-SHA256-947412EC,Lucy Hassan,ID-HASH-3F3451FB56,FOSA-ADV,Salary Advance 30D,90000.00,73000.00,3000.00,0,STAGE_1_PERFORMING,0.84%,1.6x,UPPER_HILL
2025-10-31,STR-LN-101997,TKN-SHA256-E4AC93AB,Hassan Achieng,ID-HASH-E9C60FEADB,FOSA-ADV,Salary Advance 30D,85000.00,72000.00,3000.00,0,STAGE_1_PERFORMING,0.50%,0.9x,ELDORET_BR
2025-10-31,STR-LN-101998,TKN-SHA256-1668A172,John Wanjiku,ID-HASH-B1F5992686,FOSA-ADV,Salary Advance 30D,125000.00,26000.00,4500.00,0,STAGE_1_PERFORMING,0.84%,1.4x,ELDORET_BR
2025-10-31,STR-LN-101999,TKN-SHA256-3C3A38B1,Fatuma Mwangi,ID-HASH-25425148F3,BOSA-SCH,School Fees Advance,130000.00,103000.00,4500.00,0,STAGE_1_PERFORMING,0.92%,2.9x,MOMBASA_BR
2025-10-31,STR-LN-102000,TKN-SHA256-BC75519D,Philemon Mutua,ID-HASH-642A6B4CDC,MSME-WCP,Business Working Capital,1570000.00,484000.00,55000.00,0,STAGE_1_PERFORMING,0.57%,2.5x,NAKURU_BR
2025-10-31,STR-LN-102001,TKN-SHA256-1C7D8D34,Fatuma Bett,ID-HASH-AD92BAF1B4,BOSA-NRM,Development Loan Normal,945000.00,647000.00,33000.00,0,STAGE_1_PERFORMING,0.51%,3.7x,KERICHO_CENTRAL
2025-10-31,STR-LN-102002,TKN-SHA256-DAFE4C3E,Wesley Kiptoo,ID-HASH-700530F886,BOSA-NRM,Development Loan Normal,570000.00,464000.00,20000.00,0,STAGE_1_PERFORMING,0.61%,4.1x,KERICHO_CENTRAL
2025-10-31,STR-LN-102003,TKN-SHA256-AFB301F4,Tabitha Korir,ID-HASH-2585172073,FOSA-ADV,Salary Advance 30D,45000.00,8000.00,1500.00,0,STAGE_1_PERFORMING,0.72%,1.3x,WESTLANDS
2025-10-31,STR-LN-102004,TKN-SHA256-25747048,Hassan Sang,ID-HASH-B6FDD5C460,BOSA-SCH,School Fees Advance,100000.00,36000.00,3500.00,62,STAGE_2_UNDERPERFORMING,8.18%,4.7x,NANDI_HILLS
2025-10-31,STR-LN-102005,TKN-SHA256-9D4F54B1,Mary Bett,ID-HASH-13C5898808,ASSET-FIN,Vehicle & Asset Finance,3410000.00,1619000.00,119500.00,0,STAGE_1_PERFORMING,0.48%,1.2x,NANDI_HILLS
2025-10-31,STR-LN-102006,TKN-SHA256-60E9B840,Fatuma Koech,ID-HASH-4DCB45410D,AGRI-TEA,Tea & Coffee Farm Development,1070000.00,293000.00,37500.00,0,STAGE_1_PERFORMING,0.75%,2.7x,NANDI_HILLS
2025-10-31,STR-LN-102007,TKN-SHA256-8BE59C8F,Stephen Hassan,ID-HASH-70B45E29B7,BOSA-SCH,School Fees Advance,155000.00,59000.00,5500.00,0,STAGE_1_PERFORMING,0.41%,3.4x,NANDI_HILLS
2025-10-31,STR-LN-102008,TKN-SHA256-045B4106,Samuel Kariuki,ID-HASH-3F45BB8F2E,MSME-WCP,Business Working Capital,1230000.00,661000.00,43000.00,23,STAGE_1_EARLY_WATCH,3.01%,2.4x,ELDORET_BR
2025-10-31,STR-LN-102009,TKN-SHA256-71EF8F41,David Njoroge,ID-HASH-EB8120E406,BOSA-NRM,Development Loan Normal,1590000.00,254000.00,55500.00,0,STAGE_1_PERFORMING,0.50%,2.9x,NANDI_HILLS
2025-10-31,STR-LN-102010,TKN-SHA256-707BE060,Hassan Sang,ID-HASH-27ED25B1A9,ASSET-FIN,Vehicle & Asset Finance,1705000.00,426000.00,59500.00,0,STAGE_1_PERFORMING,0.50%,1.2x,UPPER_HILL
2025-10-31,STR-LN-102011,TKN-SHA256-F0B42C7F,Alice Kiptoo,ID-HASH-FBDBE1255F,AGRI-TEA,Tea & Coffee Farm Development,960000.00,752000.00,33500.00,0,STAGE_1_PERFORMING,0.50%,2.3x,BOMET_BRANCH
2025-10-31,STR-LN-102012,TKN-SHA256-EE4039D4,Bernard Ruto,ID-HASH-7DCFA5B9D9,BOSA-EMG,Emergency Medical Facility,185000.00,158000.00,6500.00,62,STAGE_2_UNDERPERFORMING,6.69%,2.5x,BOMET_BRANCH
2025-10-31,STR-LN-102013,TKN-SHA256-E1EBE018,Emmanuel Otieno,ID-HASH-50D8BF035D,FOSA-ADV,Salary Advance 30D,145000.00,39000.00,5000.00,0,STAGE_1_PERFORMING,0.44%,1.0x,MOMBASA_BR
2025-10-31,STR-LN-102014,TKN-SHA256-0DB3D0E1,Lucy Omondi,ID-HASH-4C003AEC7A,BOSA-SCH,School Fees Advance,65000.00,37000.00,2500.00,0,STAGE_1_PERFORMING,0.17%,3.9x,UPPER_HILL
2025-10-31,STR-LN-102015,TKN-SHA256-155A64A7,Beatrice Ali,ID-HASH-E626FD2CB2,BOSA-NRM,Development Loan Normal,1730000.00,499000.00,60500.00,0,STAGE_1_PERFORMING,0.82%,3.6x,ELDORET_BR
2025-10-31,STR-LN-102016,TKN-SHA256-1C86B027,Cosmas Wambui,ID-HASH-507850765B,AGRI-TEA,Tea & Coffee Farm Development,890000.00,612000.00,31000.00,0,STAGE_1_PERFORMING,0.60%,2.5x,NANDI_HILLS
2025-10-31,STR-LN-102017,TKN-SHA256-B6C8647C,Alice Hassan,ID-HASH-0E533FE515,ASSET-FIN,Vehicle & Asset Finance,3015000.00,2634000.00,105500.00,2,STAGE_1_EARLY_WATCH,1.36%,1.2x,KISUMU_BR
2025-10-31,STR-LN-102018,TKN-SHA256-DA607156,Wesley Rono,ID-HASH-DD19E6F28A,BOSA-EMG,Emergency Medical Facility,185000.00,154000.00,6500.00,0,STAGE_1_PERFORMING,0.21%,2.4x,UPPER_HILL
2025-10-31,STR-LN-102019,TKN-SHA256-0C60D112,Cosmas Kariuki,ID-HASH-B3CC9946A8,AGRI-TEA,Tea & Coffee Farm Development,1090000.00,621000.00,38000.00,0,STAGE_1_PERFORMING,0.79%,2.5x,ELDORET_BR
2025-10-31,STR-LN-102020,TKN-SHA256-128F715D,Peter Wambui,ID-HASH-4D2ED9D0B9,MSME-WCP,Business Working Capital,1265000.00,615000.00,44500.00,28,STAGE_1_EARLY_WATCH,1.63%,2.4x,WESTLANDS
2025-10-31,STR-LN-102021,TKN-SHA256-0A98E7FB,John Ali,ID-HASH-13C3E1B630,AGRI-TEA,Tea & Coffee Farm Development,340000.00,76000.00,12000.00,0,STAGE_1_PERFORMING,0.65%,2.3x,NANDI_HILLS
2025-10-31,STR-LN-102022,TKN-SHA256-C5A2FC1D,John Mwangi,ID-HASH-EEA5FC4A79,ASSET-FIN,Vehicle & Asset Finance,1895000.00,1418000.00,66500.00,0,STAGE_1_PERFORMING,0.41%,1.3x,UPPER_HILL
2025-10-31,STR-LN-102023,TKN-SHA256-D00B8F75,Bernard Rono,ID-HASH-275F6ED6C1,ASSET-FIN,Vehicle & Asset Finance,1510000.00,275000.00,53000.00,0,STAGE_1_PERFORMING,0.77%,1.4x,BOMET_BRANCH
2025-10-31,STR-LN-102024,TKN-SHA256-3EF70454,Samuel Omondi,ID-HASH-D0E71D6283,BOSA-NRM,Development Loan Normal,1435000.00,822000.00,50000.00,0,STAGE_1_PERFORMING,0.67%,2.9x,NANDI_HILLS
2025-10-31,STR-LN-102025,TKN-SHA256-BE63EA96,Hassan Kamau,ID-HASH-2E8C457503,MSME-WCP,Business Working Capital,1220000.00,691000.00,42500.00,0,STAGE_1_PERFORMING,0.86%,2.7x,NANDI_HILLS
2025-10-31,STR-LN-102026,TKN-SHA256-9220F40E,Beatrice Bett,ID-HASH-0F9079DFD0,FOSA-ADV,Salary Advance 30D,45000.00,13000.00,1500.00,116,STAGE_3_NON_PERFORMING,39.24%,1.1x,UPPER_HILL
2025-10-31,STR-LN-102027,TKN-SHA256-0942A50F,Tabitha Ruto,ID-HASH-A2C67DC8B2,MSME-WCP,Business Working Capital,380000.00,186000.00,13500.00,66,STAGE_2_UNDERPERFORMING,7.18%,1.9x,KERICHO_CENTRAL
2025-10-31,STR-LN-102028,TKN-SHA256-E66CDFD2,Kiprono Sang,ID-HASH-2919F08394,ASSET-FIN,Vehicle & Asset Finance,4895000.00,3336000.00,171500.00,0,STAGE_1_PERFORMING,0.63%,1.3x,MOMBASA_BR
2025-10-31,STR-LN-102029,TKN-SHA256-1192C823,Philemon Kamau,ID-HASH-8CFF301D39,BOSA-SCH,School Fees Advance,195000.00,64000.00,7000.00,0,STAGE_1_PERFORMING,0.76%,4.0x,ELDORET_BR
2025-10-31,STR-LN-102030,TKN-SHA256-6D701527,Beatrice Chebet,ID-HASH-59FECF5851,ASSET-FIN,Vehicle & Asset Finance,1975000.00,1272000.00,69000.00,0,STAGE_1_PERFORMING,0.78%,1.6x,MOMBASA_BR
2025-10-31,STR-LN-102031,TKN-SHA256-D90D2AB5,Gladys Ruto,ID-HASH-B46EC8C39F,BOSA-NRM,Development Loan Normal,2275000.00,1898000.00,79500.00,0,STAGE_1_PERFORMING,0.58%,4.3x,ELDORET_BR
2025-10-31,STR-LN-102032,TKN-SHA256-719F0316,Geoffrey Omondi,ID-HASH-25D8B2BF85,AGRI-TEA,Tea & Coffee Farm Development,245000.00,174000.00,8500.00,0,STAGE_1_PERFORMING,0.76%,2.8x,KERICHO_CENTRAL
2025-10-31,STR-LN-102033,TKN-SHA256-165B43DB,Bernard Ali,ID-HASH-94AA1A0F56,MSME-WCP,Business Working Capital,425000.00,360000.00,15000.00,18,STAGE_1_EARLY_WATCH,2.08%,2.0x,KISUMU_BR
2025-10-31,STR-LN-102034,TKN-SHA256-146523C4,Jane Gitonga,ID-HASH-DC34D94EE2,FOSA-ADV,Salary Advance 30D,40000.00,12000.00,1500.00,0,STAGE_1_PERFORMING,0.42%,1.1x,UPPER_HILL
2025-10-31,STR-LN-102035,TKN-SHA256-205A9F9F,Hassan Gitonga,ID-HASH-37B86DEDCD,FOSA-ADV,Salary Advance 30D,105000.00,43000.00,3500.00,0,STAGE_1_PERFORMING,0.78%,1.0x,MOMBASA_BR
2025-10-31,STR-LN-102036,TKN-SHA256-B3544E5E,Cosmas Sang,ID-HASH-6CF6B75849,AGRI-TEA,Tea & Coffee Farm Development,295000.00,209000.00,10500.00,0,STAGE_1_PERFORMING,0.92%,2.2x,KISUMU_BR
2025-10-31,STR-LN-102037,TKN-SHA256-4856518D,Catherine Korir,ID-HASH-11AAA1A501,ASSET-FIN,Vehicle & Asset Finance,2620000.00,429000.00,91500.00,0,STAGE_1_PERFORMING,0.30%,1.2x,UPPER_HILL
2025-10-31,STR-LN-102038,TKN-SHA256-D44C0CC6,Grace Ruto,ID-HASH-902D68792E,BOSA-NRM,Development Loan Normal,1575000.00,300000.00,55000.00,0,STAGE_1_PERFORMING,0.82%,3.0x,KERICHO_CENTRAL
2025-10-31,STR-LN-102039,TKN-SHA256-5C953A7B,Stephen Hassan,ID-HASH-9031E02BB9,BOSA-EMG,Emergency Medical Facility,185000.00,84000.00,6500.00,0,STAGE_1_PERFORMING,0.27%,2.7x,BOMET_BRANCH
2025-10-31,STR-LN-102040,TKN-SHA256-9BBFE5C5,Hassan Kamau,ID-HASH-FB0C450D8C,MSME-WCP,Business Working Capital,1615000.00,734000.00,56500.00,7,STAGE_1_EARLY_WATCH,4.09%,2.5x,KERICHO_CENTRAL
2025-10-31,STR-LN-102041,TKN-SHA256-F40300B5,Geoffrey Kamau,ID-HASH-613CF7423C,BOSA-NRM,Development Loan Normal,1770000.00,1490000.00,62000.00,0,STAGE_1_PERFORMING,0.61%,2.7x,KISUMU_BR
2025-10-31,STR-LN-102042,TKN-SHA256-73963E52,Mercy Mwangi,ID-HASH-61F808B883,FOSA-ADV,Salary Advance 30D,150000.00,45000.00,5500.00,0,STAGE_1_PERFORMING,0.17%,1.2x,UPPER_HILL
2025-10-31,STR-LN-102043,TKN-SHA256-B077C222,Cosmas Kariuki,ID-HASH-0BA0825CEC,FOSA-ADV,Salary Advance 30D,30000.00,24000.00,1000.00,0,STAGE_1_PERFORMING,0.20%,0.9x,MOMBASA_BR
2025-10-31,STR-LN-102044,TKN-SHA256-B0055662,Dennis Sang,ID-HASH-43758019EE,MSME-WCP,Business Working Capital,640000.00,437000.00,22500.00,0,STAGE_1_PERFORMING,0.88%,2.1x,WESTLANDS
2025-10-31,STR-LN-102045,TKN-SHA256-1E43CF9E,Kiprono Bett,ID-HASH-AD75D9309D,ASSET-FIN,Vehicle & Asset Finance,2650000.00,630000.00,93000.00,0,STAGE_1_PERFORMING,0.91%,1.3x,MOMBASA_BR
2025-10-31,STR-LN-102046,TKN-SHA256-034A3716,Kiprono Bett,ID-HASH-9C90D235BB,ASSET-FIN,Vehicle & Asset Finance,3920000.00,1796000.00,137000.00,0,STAGE_1_PERFORMING,0.36%,1.1x,WESTLANDS
2025-10-31,STR-LN-102047,TKN-SHA256-9E9D82D0,Lucy Wanjiku,ID-HASH-825518EFBE,FOSA-ADV,Salary Advance 30D,75000.00,13000.00,2500.00,29,STAGE_1_EARLY_WATCH,4.50%,1.6x,BOMET_BRANCH
2025-10-31,STR-LN-102048,TKN-SHA256-CCDE8C14,Dennis Kiptoo,ID-HASH-578481EE60,AGRI-TEA,Tea & Coffee Farm Development,535000.00,241000.00,18500.00,0,STAGE_1_PERFORMING,0.21%,3.5x,UPPER_HILL
2025-10-31,STR-LN-102049,TKN-SHA256-1C3EC0E7,Samuel Ruto,ID-HASH-DC12E382C0,BOSA-SCH,School Fees Advance,90000.00,76000.00,3000.00,0,STAGE_1_PERFORMING,0.93%,5.0x,KERICHO_CENTRAL
2025-10-31,STR-LN-102050,TKN-SHA256-43A50620,James Wanjiku,ID-HASH-3B6D0E7A09,ASSET-FIN,Vehicle & Asset Finance,4800000.00,1796000.00,168000.00,0,STAGE_1_PERFORMING,0.48%,1.3x,UPPER_HILL
2025-10-31,STR-LN-102051,TKN-SHA256-803EDE0F,Emmanuel Omondi,ID-HASH-298D504260,MSME-WCP,Business Working Capital,995000.00,471000.00,35000.00,13,STAGE_1_EARLY_WATCH,3.12%,2.6x,NAKURU_BR
2025-10-31,STR-LN-102052,TKN-SHA256-D7FC75BA,Philemon Gitonga,ID-HASH-9FC77E0F0C,BOSA-SCH,School Fees Advance,135000.00,112000.00,4500.00,0,STAGE_1_PERFORMING,0.71%,5.1x,HQ_NAIROBI
2025-10-31,STR-LN-102053,TKN-SHA256-EE3A7DDE,Gladys Korir,ID-HASH-0C1952DBE5,BOSA-EMG,Emergency Medical Facility,255000.00,76000.00,9000.00,57,STAGE_2_UNDERPERFORMING,10.71%,2.2x,NAKURU_BR
2025-10-31,STR-LN-102054,TKN-SHA256-3207F5AA,Lucy Chebet,ID-HASH-67FC31B4CF,FOSA-ADV,Salary Advance 30D,40000.00,31000.00,1500.00,0,STAGE_1_PERFORMING,0.26%,1.0x,KISUMU_BR
2025-10-31,STR-LN-102055,TKN-SHA256-D59248F0,Philemon Gitonga,ID-HASH-212040EF3C,FOSA-ADV,Salary Advance 30D,150000.00,64000.00,5500.00,0,STAGE_1_PERFORMING,0.43%,0.9x,KISUMU_BR
2025-10-31,STR-LN-102056,TKN-SHA256-2703F2D1,Geoffrey Mutua,ID-HASH-885A573927,BOSA-NRM,Development Loan Normal,3080000.00,2664000.00,108000.00,0,STAGE_1_PERFORMING,0.54%,2.9x,MOMBASA_BR
2025-10-31,STR-LN-102057,TKN-SHA256-E67D3E44,Hassan Otieno,ID-HASH-134582A388,BOSA-EMG,Emergency Medical Facility,70000.00,63000.00,2500.00,18,STAGE_1_EARLY_WATCH,1.22%,2.6x,NANDI_HILLS
2025-10-31,STR-LN-102058,TKN-SHA256-DB83CCE6,Stephen Korir,ID-HASH-C4EB2E4E9A,BOSA-SCH,School Fees Advance,205000.00,188000.00,7000.00,0,STAGE_1_PERFORMING,0.34%,3.0x,HQ_NAIROBI
2025-10-31,STR-LN-102059,TKN-SHA256-8141C351,Lucy Hassan,ID-HASH-8B13CFF1E3,AGRI-TEA,Tea & Coffee Farm Development,665000.00,124000.00,23500.00,0,STAGE_1_PERFORMING,0.35%,3.0x,UPPER_HILL
2025-10-31,STR-LN-102060,TKN-SHA256-19F2AFC0,Emmanuel Cheruiyot,ID-HASH-D83FA127CE,BOSA-NRM,Development Loan Normal,3295000.00,861000.00,115500.00,5,STAGE_1_EARLY_WATCH,2.86%,3.7x,UPPER_HILL
2025-10-31,STR-LN-102061,TKN-SHA256-89040D55,Stephen Otieno,ID-HASH-62F7F6F600,BOSA-NRM,Development Loan Normal,2440000.00,1941000.00,85500.00,0,STAGE_1_PERFORMING,0.41%,2.8x,KERICHO_CENTRAL
2025-10-31,STR-LN-102062,TKN-SHA256-97EA0BE5,Grace Ruto,ID-HASH-CF02AEAFEE,FOSA-ADV,Salary Advance 30D,140000.00,127000.00,5000.00,0,STAGE_1_PERFORMING,0.22%,1.1x,WESTLANDS
2025-10-31,STR-LN-102063,TKN-SHA256-A157FE19,Samuel Ali,ID-HASH-00946250D6,BOSA-EMG,Emergency Medical Facility,90000.00,23000.00,3000.00,0,STAGE_1_PERFORMING,0.87%,3.3x,BOMET_BRANCH
2025-10-31,STR-LN-102064,TKN-SHA256-0BC91E9E,Gladys Njoroge,ID-HASH-016BE0F13E,BOSA-NRM,Development Loan Normal,2560000.00,2150000.00,89500.00,0,STAGE_1_PERFORMING,0.84%,3.0x,NAKURU_BR
2025-10-31,STR-LN-102065,TKN-SHA256-3C93DF32,Wesley Ochieng,ID-HASH-097A3B66EF,BOSA-NRM,Development Loan Normal,1680000.00,1589000.00,59000.00,0,STAGE_1_PERFORMING,0.93%,2.5x,WESTLANDS
2025-10-31,STR-LN-102066,TKN-SHA256-F7D3D7F6,Peter Sang,ID-HASH-5FB512B747,BOSA-NRM,Development Loan Normal,2655000.00,1866000.00,93000.00,0,STAGE_1_PERFORMING,0.57%,3.4x,NAKURU_BR
2025-10-31,STR-LN-102067,TKN-SHA256-BE127A29,David Mwangi,ID-HASH-7608669054,ASSET-FIN,Vehicle & Asset Finance,3530000.00,2309000.00,123500.00,0,STAGE_1_PERFORMING,0.80%,2.0x,MOMBASA_BR
2025-10-31,STR-LN-102068,TKN-SHA256-B9D24002,Wesley Koech,ID-HASH-2A1CD9CAC6,AGRI-TEA,Tea & Coffee Farm Development,820000.00,724000.00,28500.00,0,STAGE_1_PERFORMING,0.81%,3.6x,ELDORET_BR
2025-10-31,STR-LN-102069,TKN-SHA256-910EF155,Cosmas Korir,ID-HASH-870FCE2556,BOSA-SCH,School Fees Advance,240000.00,203000.00,8500.00,0,STAGE_1_PERFORMING,0.32%,2.9x,NAKURU_BR
2025-10-31,STR-LN-102070,TKN-SHA256-8E4E155C,Bernard Njoroge,ID-HASH-F10EAFB5A9,BOSA-SCH,School Fees Advance,90000.00,72000.00,3000.00,0,STAGE_1_PERFORMING,0.48%,4.3x,KISUMU_BR
2025-10-31,STR-LN-102071,TKN-SHA256-520BE4A9,Peter Cheruiyot,ID-HASH-BEA538361F,ASSET-FIN,Vehicle & Asset Finance,2915000.00,540000.00,102000.00,0,STAGE_1_PERFORMING,0.69%,1.2x,HQ_NAIROBI
2025-10-31,STR-LN-102072,TKN-SHA256-93559362,Alice Omondi,ID-HASH-94C7CC9078,FOSA-ADV,Salary Advance 30D,115000.00,88000.00,4000.00,0,STAGE_1_PERFORMING,0.81%,1.2x,KERICHO_CENTRAL
2025-10-31,STR-LN-102073,TKN-SHA256-8520ABD5,Hassan Mwangi,ID-HASH-240CBCEB4B,ASSET-FIN,Vehicle & Asset Finance,1905000.00,571000.00,66500.00,0,STAGE_1_PERFORMING,0.63%,1.4x,KERICHO_CENTRAL
2025-10-31,STR-LN-102074,TKN-SHA256-B923DDBB,Wesley Ochieng,ID-HASH-3D958ACCB3,AGRI-TEA,Tea & Coffee Farm Development,610000.00,92000.00,21500.00,0,STAGE_1_PERFORMING,0.82%,2.1x,UPPER_HILL
2025-10-31,STR-LN-102075,TKN-SHA256-53900ED0,Geoffrey Gitonga,ID-HASH-320B0AAE53,BOSA-SCH,School Fees Advance,185000.00,103000.00,6500.00,0,STAGE_1_PERFORMING,0.81%,4.8x,KISUMU_BR
2025-10-31,STR-LN-102076,TKN-SHA256-E68AB6B0,Gladys Kiptoo,ID-HASH-22172462D1,ASSET-FIN,Vehicle & Asset Finance,3155000.00,2274000.00,110500.00,0,STAGE_1_PERFORMING,0.76%,1.2x,WESTLANDS
2025-10-31,STR-LN-102077,TKN-SHA256-F0146278,Mary Kimani,ID-HASH-E6AD4BE6F3,ASSET-FIN,Vehicle & Asset Finance,3425000.00,3151000.00,120000.00,0,STAGE_1_PERFORMING,0.85%,1.4x,NANDI_HILLS
2025-10-31,STR-LN-102078,TKN-SHA256-7AF5DDCA,Emmanuel Njoroge,ID-HASH-7D51A35B01,ASSET-FIN,Vehicle & Asset Finance,2315000.00,641000.00,81000.00,0,STAGE_1_PERFORMING,0.44%,1.6x,KERICHO_CENTRAL
2025-10-31,STR-LN-102079,TKN-SHA256-D831100C,Wesley Achieng,ID-HASH-071B8E121A,FOSA-ADV,Salary Advance 30D,120000.00,91000.00,4000.00,0,STAGE_1_PERFORMING,0.46%,1.3x,NANDI_HILLS
2025-10-31,STR-LN-102080,TKN-SHA256-36A13007,Philemon Sang,ID-HASH-009BE33BFF,BOSA-NRM,Development Loan Normal,2975000.00,1683000.00,104000.00,0,STAGE_1_PERFORMING,0.27%,2.8x,BOMET_BRANCH
2025-10-31,STR-LN-102081,TKN-SHA256-E45918F5,Tabitha Ruto,ID-HASH-71AC2ADDFD,BOSA-EMG,Emergency Medical Facility,255000.00,63000.00,9000.00,0,STAGE_1_PERFORMING,0.66%,2.4x,NAKURU_BR
2025-10-31,STR-LN-102082,TKN-SHA256-0394A371,Beatrice Chebet,ID-HASH-D9E085910C,BOSA-NRM,Development Loan Normal,1115000.00,838000.00,39000.00,0,STAGE_1_PERFORMING,0.62%,2.5x,HQ_NAIROBI
2025-10-31,STR-LN-102083,TKN-SHA256-5940A194,Stephen Langat,ID-HASH-D6C357F88A,BOSA-EMG,Emergency Medical Facility,265000.00,234000.00,9500.00,0,STAGE_1_PERFORMING,0.17%,2.7x,KISUMU_BR
2025-10-31,STR-LN-102084,TKN-SHA256-CB4ADACB,John Omondi,ID-HASH-CD5976CF02,MSME-WCP,Business Working Capital,835000.00,736000.00,29000.00,0,STAGE_1_PERFORMING,0.50%,1.7x,UPPER_HILL
2025-10-31,STR-LN-102085,TKN-SHA256-585591A0,Mary Wanjiku,ID-HASH-F01952A551,ASSET-FIN,Vehicle & Asset Finance,2090000.00,1483000.00,73000.00,0,STAGE_1_PERFORMING,0.89%,1.7x,MOMBASA_BR
2025-10-31,STR-LN-102086,TKN-SHA256-156C9402,James Korir,ID-HASH-7AA48D3196,MSME-WCP,Business Working Capital,955000.00,640000.00,33500.00,0,STAGE_1_PERFORMING,0.87%,1.7x,WESTLANDS
2025-10-31,STR-LN-102087,TKN-SHA256-7F8ADB36,David Gitonga,ID-HASH-67865A01AB,BOSA-EMG,Emergency Medical Facility,180000.00,128000.00,6500.00,0,STAGE_1_PERFORMING,0.66%,2.6x,UPPER_HILL
2025-10-31,STR-LN-102088,TKN-SHA256-01D0A607,James Omondi,ID-HASH-4401AA8FD1,MSME-WCP,Business Working Capital,1315000.00,652000.00,46000.00,0,STAGE_1_PERFORMING,0.53%,2.6x,ELDORET_BR
2025-10-31,STR-LN-102089,TKN-SHA256-90B3EAC8,Fatuma Chebet,ID-HASH-FC1B749DED,MSME-WCP,Business Working Capital,1105000.00,614000.00,38500.00,0,STAGE_1_PERFORMING,0.75%,2.6x,BOMET_BRANCH
2025-10-31,STR-LN-102090,TKN-SHA256-E6CEB3E1,Mercy Otieno,ID-HASH-8B4DD2178A,BOSA-EMG,Emergency Medical Facility,235000.00,78000.00,8000.00,0,STAGE_1_PERFORMING,0.23%,3.0x,BOMET_BRANCH
2025-10-31,STR-LN-102091,TKN-SHA256-4462B15D,Philemon Mutua,ID-HASH-7707F10245,MSME-WCP,Business Working Capital,1000000.00,424000.00,35000.00,0,STAGE_1_PERFORMING,0.54%,2.4x,KISUMU_BR
2025-10-31,STR-LN-102092,TKN-SHA256-23B6F5E4,Samuel Bett,ID-HASH-1AE99A6FFB,MSME-WCP,Business Working Capital,815000.00,571000.00,28500.00,0,STAGE_1_PERFORMING,0.87%,1.8x,HQ_NAIROBI
2025-10-31,STR-LN-102093,TKN-SHA256-ADAAD997,Stephen Cheruiyot,ID-HASH-EE8ABE9E69,AGRI-TEA,Tea & Coffee Farm Development,1135000.00,749000.00,39500.00,0,STAGE_1_PERFORMING,0.49%,3.0x,ELDORET_BR
2025-10-31,STR-LN-102094,TKN-SHA256-BEC47AFC,Bernard Njoroge,ID-HASH-A8990707DB,AGRI-TEA,Tea & Coffee Farm Development,360000.00,55000.00,12500.00,29,STAGE_1_EARLY_WATCH,3.84%,3.4x,KERICHO_CENTRAL
2025-10-31,STR-LN-102095,TKN-SHA256-EBBE9635,Jane Njoroge,ID-HASH-84C4F9BD8A,BOSA-NRM,Development Loan Normal,2640000.00,1655000.00,92500.00,69,STAGE_2_UNDERPERFORMING,8.22%,2.5x,BOMET_BRANCH
2025-10-31,STR-LN-102096,TKN-SHA256-DE69E81D,Wesley Hassan,ID-HASH-2FD627EEAA,ASSET-FIN,Vehicle & Asset Finance,1965000.00,1491000.00,69000.00,0,STAGE_1_PERFORMING,0.24%,1.4x,KISUMU_BR
2025-10-31,STR-LN-102097,TKN-SHA256-C970B05D,Hassan Omondi,ID-HASH-2100140DDF,ASSET-FIN,Vehicle & Asset Finance,1730000.00,376000.00,60500.00,0,STAGE_1_PERFORMING,0.82%,1.4x,UPPER_HILL
2025-10-31,STR-LN-102098,TKN-SHA256-103D88FA,Philemon Kiptoo,ID-HASH-9707DD5C86,AGRI-TEA,Tea & Coffee Farm Development,1110000.00,722000.00,39000.00,37,STAGE_2_UNDERPERFORMING,13.93%,3.5x,WESTLANDS
2025-10-31,STR-LN-102099,TKN-SHA256-EAA82BC8,Stephen Chebet,ID-HASH-D87A873119,AGRI-TEA,Tea & Coffee Farm Development,240000.00,177000.00,8500.00,0,STAGE_1_PERFORMING,0.61%,2.1x,KISUMU_BR
2025-10-31,STR-LN-102100,TKN-SHA256-E3239DB5,David Rono,ID-HASH-F4A7E264D2,ASSET-FIN,Vehicle & Asset Finance,4420000.00,3065000.00,154500.00,0,STAGE_1_PERFORMING,0.53%,1.3x,WESTLANDS
2025-10-31,STR-LN-102101,TKN-SHA256-C9E91807,James Korir,ID-HASH-2E0D8AF005,FOSA-ADV,Salary Advance 30D,105000.00,66000.00,3500.00,22,STAGE_1_EARLY_WATCH,3.79%,1.3x,WESTLANDS
2025-10-31,STR-LN-102102,TKN-SHA256-75133A58,Lucy Kariuki,ID-HASH-D608C6D7A1,MSME-WCP,Business Working Capital,940000.00,389000.00,33000.00,0,STAGE_1_PERFORMING,0.30%,1.9x,WESTLANDS
2025-10-31,STR-LN-102103,TKN-SHA256-E368F1B4,Bernard Wanjiku,ID-HASH-4AE4F967CD,AGRI-TEA,Tea & Coffee Farm Development,980000.00,820000.00,34500.00,0,STAGE_1_PERFORMING,0.56%,2.4x,MOMBASA_BR
2025-10-31,STR-LN-102104,TKN-SHA256-3A3C9319,Emmanuel Hassan,ID-HASH-21DC3738ED,BOSA-EMG,Emergency Medical Facility,125000.00,84000.00,4500.00,0,STAGE_1_PERFORMING,0.84%,1.9x,BOMET_BRANCH
2025-10-31,STR-LN-102105,TKN-SHA256-C9EB731F,Stephen Kiptoo,ID-HASH-F6AEF289F5,MSME-WCP,Business Working Capital,635000.00,439000.00,22000.00,89,STAGE_2_UNDERPERFORMING,8.61%,2.3x,UPPER_HILL
2025-10-31,STR-LN-102106,TKN-SHA256-F98ECB4F,Hassan Mwangi,ID-HASH-843F0F62DA,BOSA-EMG,Emergency Medical Facility,105000.00,65000.00,3500.00,0,STAGE_1_PERFORMING,0.34%,3.3x,WESTLANDS
2025-10-31,STR-LN-102107,TKN-SHA256-FDA9F0C1,Tabitha Bett,ID-HASH-389E89524D,AGRI-TEA,Tea & Coffee Farm Development,385000.00,339000.00,13500.00,0,STAGE_1_PERFORMING,0.40%,2.8x,KERICHO_CENTRAL
2025-10-31,STR-LN-102108,TKN-SHA256-33D7BA0C,Lucy Wambui,ID-HASH-331EA82AD6,BOSA-EMG,Emergency Medical Facility,145000.00,53000.00,5000.00,0,STAGE_1_PERFORMING,0.82%,2.9x,BOMET_BRANCH
2025-10-31,STR-LN-102109,TKN-SHA256-3EF2557D,Tabitha Ochieng,ID-HASH-CF840FB8B3,BOSA-SCH,School Fees Advance,150000.00,61000.00,5500.00,0,STAGE_1_PERFORMING,0.44%,3.8x,WESTLANDS
2025-10-31,STR-LN-102110,TKN-SHA256-AB487729,David Mutua,ID-HASH-5D19F1D395,ASSET-FIN,Vehicle & Asset Finance,2960000.00,1067000.00,103500.00,85,STAGE_2_UNDERPERFORMING,13.40%,1.7x,NAKURU_BR
2025-10-31,STR-LN-102111,TKN-SHA256-345F9C36,Philemon Kariuki,ID-HASH-B2DC1C5F70,BOSA-SCH,School Fees Advance,230000.00,79000.00,8000.00,0,STAGE_1_PERFORMING,0.30%,4.7x,HQ_NAIROBI
2025-10-31,STR-LN-102112,TKN-SHA256-AF93AD69,David Otieno,ID-HASH-22E69F4E34,FOSA-ADV,Salary Advance 30D,50000.00,19000.00,2000.00,0,STAGE_1_PERFORMING,0.67%,1.4x,NAKURU_BR
2025-10-31,STR-LN-102113,TKN-SHA256-40C21E09,Lucy Ruto,ID-HASH-5477A8F0C5,AGRI-TEA,Tea & Coffee Farm Development,1140000.00,238000.00,40000.00,0,STAGE_1_PERFORMING,0.92%,3.3x,KISUMU_BR
2025-10-31,STR-LN-102114,TKN-SHA256-2B0C96CA,Mary Ruto,ID-HASH-7A50E46417,BOSA-SCH,School Fees Advance,75000.00,63000.00,2500.00,0,STAGE_1_PERFORMING,0.65%,4.6x,KISUMU_BR
2025-10-31,STR-LN-102115,TKN-SHA256-66FA0F4E,Fatuma Sang,ID-HASH-3B1DEB5865,FOSA-ADV,Salary Advance 30D,25000.00,4000.00,1000.00,0,STAGE_1_PERFORMING,0.76%,1.5x,UPPER_HILL
2025-10-31,STR-LN-102116,TKN-SHA256-279E9CCC,Kiprono Langat,ID-HASH-15EAF0B71E,BOSA-SCH,School Fees Advance,225000.00,70000.00,8000.00,0,STAGE_1_PERFORMING,0.27%,4.2x,HQ_NAIROBI
2025-10-31,STR-LN-102117,TKN-SHA256-7E70FD3E,Peter Achieng,ID-HASH-A90FA21033,BOSA-SCH,School Fees Advance,210000.00,70000.00,7500.00,0,STAGE_1_PERFORMING,0.72%,4.0x,KISUMU_BR
2025-10-31,STR-LN-102118,TKN-SHA256-8C837DFF,Tabitha Wanjiku,ID-HASH-BC14C23317,ASSET-FIN,Vehicle & Asset Finance,3700000.00,2323000.00,129500.00,0,STAGE_1_PERFORMING,0.25%,2.0x,WESTLANDS
2025-10-31,STR-LN-102119,TKN-SHA256-A22A0401,Catherine Mwangi,ID-HASH-FC3E08CA73,AGRI-TEA,Tea & Coffee Farm Development,1080000.00,535000.00,38000.00,0,STAGE_1_PERFORMING,0.46%,3.5x,BOMET_BRANCH
2025-10-31,STR-LN-102120,TKN-SHA256-893454AA,Wesley Wanjiku,ID-HASH-18EA9A269D,FOSA-ADV,Salary Advance 30D,145000.00,40000.00,5000.00,0,STAGE_1_PERFORMING,0.80%,1.1x,MOMBASA_BR
2025-10-31,STR-LN-102121,TKN-SHA256-0185E654,David Bett,ID-HASH-EB07CBFE02,BOSA-SCH,School Fees Advance,95000.00,75000.00,3500.00,0,STAGE_1_PERFORMING,0.40%,4.0x,NANDI_HILLS
2025-10-31,STR-LN-102122,TKN-SHA256-0B865505,Catherine Wambui,ID-HASH-2B5BC9C669,ASSET-FIN,Vehicle & Asset Finance,1770000.00,717000.00,62000.00,0,STAGE_1_PERFORMING,0.92%,1.6x,HQ_NAIROBI
2025-10-31,STR-LN-102123,TKN-SHA256-DBE4B877,Kiprono Otieno,ID-HASH-9835EAEEB1,AGRI-TEA,Tea & Coffee Farm Development,815000.00,602000.00,28500.00,0,STAGE_1_PERFORMING,0.79%,3.5x,ELDORET_BR
2025-10-31,STR-LN-102124,TKN-SHA256-18DB7B5A,Bernard Langat,ID-HASH-0259F8AD73,AGRI-TEA,Tea & Coffee Farm Development,260000.00,222000.00,9000.00,0,STAGE_1_PERFORMING,0.80%,2.9x,HQ_NAIROBI
2025-10-31,STR-LN-102125,TKN-SHA256-4051CBBC,Gladys Achieng,ID-HASH-F59A128FFF,BOSA-EMG,Emergency Medical Facility,195000.00,168000.00,7000.00,0,STAGE_1_PERFORMING,0.73%,2.6x,NAKURU_BR
2025-10-31,STR-LN-102126,TKN-SHA256-21E50D04,Peter Kamau,ID-HASH-B3083E66BE,BOSA-SCH,School Fees Advance,165000.00,130000.00,6000.00,0,STAGE_1_PERFORMING,0.72%,4.9x,KERICHO_CENTRAL
2025-10-31,STR-LN-102127,TKN-SHA256-9E1F870B,Alice Ali,ID-HASH-149C01B4D5,FOSA-ADV,Salary Advance 30D,75000.00,49000.00,2500.00,0,STAGE_1_PERFORMING,0.36%,1.6x,NAKURU_BR
2025-10-31,STR-LN-102128,TKN-SHA256-FF2E941D,Wesley Korir,ID-HASH-A526A2178C,FOSA-ADV,Salary Advance 30D,130000.00,111000.00,4500.00,0,STAGE_1_PERFORMING,0.34%,1.0x,UPPER_HILL
2025-10-31,STR-LN-102129,TKN-SHA256-5F73A973,Cosmas Ochieng,ID-HASH-AD0E2394CF,ASSET-FIN,Vehicle & Asset Finance,3250000.00,1791000.00,114000.00,0,STAGE_1_PERFORMING,0.59%,1.3x,ELDORET_BR
2025-10-31,STR-LN-102130,TKN-SHA256-F47375EF,Beatrice Rono,ID-HASH-9613FE7478,FOSA-ADV,Salary Advance 30D,110000.00,85000.00,4000.00,0,STAGE_1_PERFORMING,0.81%,1.4x,WESTLANDS
2025-10-31,STR-LN-102131,TKN-SHA256-09A0BEDF,Mary Kiptoo,ID-HASH-A325A7344F,BOSA-NRM,Development Loan Normal,1855000.00,662000.00,65000.00,0,STAGE_1_PERFORMING,0.72%,4.3x,ELDORET_BR
2025-10-31,STR-LN-102132,TKN-SHA256-ECD4A3AF,David Langat,ID-HASH-575B803517,BOSA-EMG,Emergency Medical Facility,275000.00,127000.00,9500.00,0,STAGE_1_PERFORMING,0.17%,3.1x,HQ_NAIROBI
2025-10-31,STR-LN-102133,TKN-SHA256-DE4671A8,Peter Rono,ID-HASH-736BDF623C,AGRI-TEA,Tea & Coffee Farm Development,455000.00,136000.00,16000.00,0,STAGE_1_PERFORMING,0.55%,3.0x,WESTLANDS
2025-10-31,STR-LN-102134,TKN-SHA256-401849CD,Wesley Ochieng,ID-HASH-748AA69F85,BOSA-SCH,School Fees Advance,160000.00,50000.00,5500.00,0,STAGE_1_PERFORMING,0.85%,4.5x,UPPER_HILL
2025-10-31,STR-LN-102135,TKN-SHA256-F91A23E8,Beatrice Koech,ID-HASH-1CBBF61D68,ASSET-FIN,Vehicle & Asset Finance,3560000.00,2653000.00,124500.00,0,STAGE_1_PERFORMING,0.92%,2.0x,KERICHO_CENTRAL
2025-10-31,STR-LN-102136,TKN-SHA256-4E358EBE,John Korir,ID-HASH-C732700CA0,MSME-WCP,Business Working Capital,1100000.00,252000.00,38500.00,0,STAGE_1_PERFORMING,0.40%,2.6x,ELDORET_BR
2025-10-31,STR-LN-102137,TKN-SHA256-E7DF8AD8,David Wambui,ID-HASH-5F27012DB5,BOSA-EMG,Emergency Medical Facility,80000.00,22000.00,3000.00,0,STAGE_1_PERFORMING,0.61%,2.2x,UPPER_HILL
2025-10-31,STR-LN-102138,TKN-SHA256-C95B12A5,Gladys Kamau,ID-HASH-CA5C474A34,BOSA-NRM,Development Loan Normal,1305000.00,237000.00,45500.00,0,STAGE_1_PERFORMING,0.19%,3.5x,WESTLANDS
2025-10-31,STR-LN-102139,TKN-SHA256-CFEBF25C,Wesley Bett,ID-HASH-BA5FBE024C,BOSA-EMG,Emergency Medical Facility,220000.00,58000.00,7500.00,0,STAGE_1_PERFORMING,0.68%,2.6x,NAKURU_BR
2025-10-31,STR-LN-102140,TKN-SHA256-85A3582D,Mary Mwangi,ID-HASH-2D4147E790,BOSA-NRM,Development Loan Normal,3040000.00,1948000.00,106500.00,0,STAGE_1_PERFORMING,0.82%,4.2x,BOMET_BRANCH
2025-10-31,STR-LN-102141,TKN-SHA256-67C7FF6F,Catherine Sang,ID-HASH-EE1F1EB3B6,MSME-WCP,Business Working Capital,740000.00,254000.00,26000.00,0,STAGE_1_PERFORMING,0.68%,1.8x,UPPER_HILL
2025-10-31,STR-LN-102142,TKN-SHA256-1B1192AB,Mary Wambui,ID-HASH-FC230BF33D,BOSA-EMG,Emergency Medical Facility,215000.00,35000.00,7500.00,0,STAGE_1_PERFORMING,0.57%,3.1x,BOMET_BRANCH
2025-10-31,STR-LN-102143,TKN-SHA256-44EFF5CC,Jane Kimani,ID-HASH-FC39E2A95E,BOSA-EMG,Emergency Medical Facility,85000.00,58000.00,3000.00,0,STAGE_1_PERFORMING,0.77%,2.4x,BOMET_BRANCH
2025-10-31,STR-LN-102144,TKN-SHA256-5FAABEF4,Alice Mutua,ID-HASH-B10D4FF376,FOSA-ADV,Salary Advance 30D,135000.00,125000.00,4500.00,0,STAGE_1_PERFORMING,0.52%,1.6x,WESTLANDS
2025-10-31,STR-LN-102145,TKN-SHA256-349D10C8,Geoffrey Korir,ID-HASH-6CF2D7B2D3,ASSET-FIN,Vehicle & Asset Finance,3290000.00,589000.00,115000.00,0,STAGE_1_PERFORMING,0.92%,1.2x,KISUMU_BR
2025-10-31,STR-LN-102146,TKN-SHA256-C43519BB,Philemon Sang,ID-HASH-1D500F1EB5,ASSET-FIN,Vehicle & Asset Finance,2935000.00,1244000.00,102500.00,0,STAGE_1_PERFORMING,0.39%,1.8x,HQ_NAIROBI
2025-10-31,STR-LN-102147,TKN-SHA256-0850DA03,Grace Chebet,ID-HASH-68B1529A35,FOSA-ADV,Salary Advance 30D,30000.00,21000.00,1000.00,0,STAGE_1_PERFORMING,0.84%,1.3x,KISUMU_BR
2025-10-31,STR-LN-102148,TKN-SHA256-437AA593,Peter Kariuki,ID-HASH-B034FC96BE,BOSA-SCH,School Fees Advance,220000.00,64000.00,7500.00,0,STAGE_1_PERFORMING,0.84%,2.9x,NAKURU_BR
2025-10-31,STR-LN-102149,TKN-SHA256-44750E20,David Wambui,ID-HASH-5A705EC9D3,FOSA-ADV,Salary Advance 30D,60000.00,50000.00,2000.00,15,STAGE_1_EARLY_WATCH,3.06%,1.4x,BOMET_BRANCH
2025-10-31,STR-LN-102150,TKN-SHA256-9B34D150,Geoffrey Mutua,ID-HASH-7E01014F4E,BOSA-EMG,Emergency Medical Facility,130000.00,119000.00,4500.00,0,STAGE_1_PERFORMING,0.88%,2.7x,WESTLANDS
2025-10-31,STR-LN-102151,TKN-SHA256-7F88B2F7,Gladys Kimani,ID-HASH-8D050A727E,BOSA-SCH,School Fees Advance,135000.00,34000.00,4500.00,0,STAGE_1_PERFORMING,0.73%,3.0x,MOMBASA_BR
2025-10-31,STR-LN-102152,TKN-SHA256-48AC5CBB,Bernard Rono,ID-HASH-12F3B99EF5,ASSET-FIN,Vehicle & Asset Finance,3710000.00,3191000.00,130000.00,0,STAGE_1_PERFORMING,0.71%,1.8x,UPPER_HILL
2025-10-31,STR-LN-102153,TKN-SHA256-B048D18C,Hassan Mwangi,ID-HASH-39AECEA748,BOSA-SCH,School Fees Advance,220000.00,41000.00,7500.00,0,STAGE_1_PERFORMING,0.55%,4.7x,NANDI_HILLS
2025-10-31,STR-LN-102154,TKN-SHA256-474A181F,Cosmas Langat,ID-HASH-30CDE3DFCA,MSME-WCP,Business Working Capital,1455000.00,1268000.00,51000.00,0,STAGE_1_PERFORMING,0.50%,2.4x,ELDORET_BR
2025-10-31,STR-LN-102155,TKN-SHA256-D26D6A72,Tabitha Achieng,ID-HASH-48E8A6822E,MSME-WCP,Business Working Capital,1505000.00,447000.00,52500.00,17,STAGE_1_EARLY_WATCH,2.33%,2.6x,MOMBASA_BR
2025-10-31,STR-LN-102156,TKN-SHA256-4DE11AC0,David Ruto,ID-HASH-B40F0041B6,ASSET-FIN,Vehicle & Asset Finance,4100000.00,950000.00,143500.00,15,STAGE_1_EARLY_WATCH,4.16%,1.4x,UPPER_HILL
2025-10-31,STR-LN-102157,TKN-SHA256-4B986468,Alice Kamau,ID-HASH-2EBC69E8FF,BOSA-EMG,Emergency Medical Facility,295000.00,63000.00,10500.00,0,STAGE_1_PERFORMING,0.77%,2.3x,KERICHO_CENTRAL
2025-10-31,STR-LN-102158,TKN-SHA256-1C5E2CFF,Grace Chebet,ID-HASH-01F28BA488,BOSA-NRM,Development Loan Normal,2100000.00,1920000.00,73500.00,0,STAGE_1_PERFORMING,0.45%,4.3x,KERICHO_CENTRAL
2025-10-31,STR-LN-102159,TKN-SHA256-5FF6F556,Fatuma Siele,ID-HASH-4389B7707A,FOSA-ADV,Salary Advance 30D,45000.00,34000.00,1500.00,43,STAGE_2_UNDERPERFORMING,12.10%,1.3x,ELDORET_BR
2025-10-31,STR-LN-102160,TKN-SHA256-1EFB35D8,Gladys Koech,ID-HASH-E6CD9B62F4,BOSA-EMG,Emergency Medical Facility,130000.00,38000.00,4500.00,0,STAGE_1_PERFORMING,0.83%,2.8x,KERICHO_CENTRAL
2025-10-31,STR-LN-102161,TKN-SHA256-7033BB89,James Korir,ID-HASH-BE682C97EF,BOSA-NRM,Development Loan Normal,1950000.00,1123000.00,68000.00,0,STAGE_1_PERFORMING,0.44%,4.2x,BOMET_BRANCH
2025-10-31,STR-LN-102162,TKN-SHA256-5CF79FCA,Hassan Otieno,ID-HASH-CA28CA3314,BOSA-NRM,Development Loan Normal,1640000.00,650000.00,57500.00,0,STAGE_1_PERFORMING,0.43%,3.5x,NANDI_HILLS
2025-10-31,STR-LN-102163,TKN-SHA256-680C28C3,Lucy Ochieng,ID-HASH-641A1C7866,AGRI-TEA,Tea & Coffee Farm Development,840000.00,534000.00,29500.00,0,STAGE_1_PERFORMING,0.21%,3.2x,WESTLANDS
2025-10-31,STR-LN-102164,TKN-SHA256-1114F90C,Grace Achieng,ID-HASH-303E5112C4,ASSET-FIN,Vehicle & Asset Finance,2760000.00,1892000.00,96500.00,0,STAGE_1_PERFORMING,0.81%,1.5x,HQ_NAIROBI
2025-10-31,STR-LN-102165,TKN-SHA256-3A9111AF,Dennis Rono,ID-HASH-36A3EC8E10,FOSA-ADV,Salary Advance 30D,50000.00,46000.00,2000.00,0,STAGE_1_PERFORMING,0.34%,1.1x,KERICHO_CENTRAL
2025-10-31,STR-LN-102166,TKN-SHA256-686BCEEB,Hassan Kimani,ID-HASH-8042340EDC,ASSET-FIN,Vehicle & Asset Finance,4555000.00,4269000.00,159500.00,0,STAGE_1_PERFORMING,0.81%,1.4x,UPPER_HILL
2025-10-31,STR-LN-102167,TKN-SHA256-18221039,Beatrice Ali,ID-HASH-15BF57A8C3,ASSET-FIN,Vehicle & Asset Finance,3390000.00,1147000.00,118500.00,0,STAGE_1_PERFORMING,0.58%,2.0x,BOMET_BRANCH
2025-10-31,STR-LN-102168,TKN-SHA256-F2551B1A,Grace Ruto,ID-HASH-B52F537B6B,ASSET-FIN,Vehicle & Asset Finance,4675000.00,3087000.00,163500.00,0,STAGE_1_PERFORMING,0.62%,1.4x,KISUMU_BR
2025-10-31,STR-LN-102169,TKN-SHA256-FE24376E,James Gitonga,ID-HASH-1937F03BE3,BOSA-SCH,School Fees Advance,135000.00,58000.00,4500.00,0,STAGE_1_PERFORMING,0.24%,4.8x,NAKURU_BR
2025-10-31,STR-LN-102170,TKN-SHA256-A5F688CC,Beatrice Gitonga,ID-HASH-C230B99525,BOSA-SCH,School Fees Advance,205000.00,35000.00,7000.00,14,STAGE_1_EARLY_WATCH,3.72%,4.6x,HQ_NAIROBI
2025-10-31,STR-LN-102171,TKN-SHA256-31B97D00,Cosmas Hassan,ID-HASH-093B38BB02,BOSA-SCH,School Fees Advance,150000.00,80000.00,5500.00,0,STAGE_1_PERFORMING,0.73%,4.2x,ELDORET_BR
2025-10-31,STR-LN-102172,TKN-SHA256-FE5798ED,Cosmas Sang,ID-HASH-4324384838,BOSA-EMG,Emergency Medical Facility,175000.00,145000.00,6000.00,0,STAGE_1_PERFORMING,0.48%,2.8x,MOMBASA_BR
2025-10-31,STR-LN-102173,TKN-SHA256-490C2936,Cosmas Ochieng,ID-HASH-C6B5DC8C70,MSME-WCP,Business Working Capital,1770000.00,1242000.00,62000.00,0,STAGE_1_PERFORMING,0.29%,2.6x,MOMBASA_BR
2025-10-31,STR-LN-102174,TKN-SHA256-3283F252,Hassan Koech,ID-HASH-DCF6ABDC56,AGRI-TEA,Tea & Coffee Farm Development,640000.00,304000.00,22500.00,0,STAGE_1_PERFORMING,0.40%,2.3x,KISUMU_BR
2025-10-31,STR-LN-102175,TKN-SHA256-B1D3EB65,Stephen Kimani,ID-HASH-BDD742A4CB,FOSA-ADV,Salary Advance 30D,65000.00,60000.00,2500.00,0,STAGE_1_PERFORMING,0.89%,1.4x,HQ_NAIROBI
2025-10-31,STR-LN-102176,TKN-SHA256-9C4964D6,Dennis Mwangi,ID-HASH-60BF05A153,MSME-WCP,Business Working Capital,320000.00,49000.00,11000.00,0,STAGE_1_PERFORMING,0.84%,2.2x,KISUMU_BR
2025-10-31,STR-LN-102177,TKN-SHA256-50F06244,Fatuma Bett,ID-HASH-817A95DAD3,FOSA-ADV,Salary Advance 30D,140000.00,111000.00,5000.00,0,STAGE_1_PERFORMING,0.72%,1.1x,KISUMU_BR
2025-10-31,STR-LN-102178,TKN-SHA256-B74B7AD7,Mercy Korir,ID-HASH-945970F6B7,BOSA-NRM,Development Loan Normal,3465000.00,635000.00,121500.00,0,STAGE_1_PERFORMING,0.34%,2.9x,KISUMU_BR
2025-10-31,STR-LN-102179,TKN-SHA256-CE398D1D,Catherine Otieno,ID-HASH-5FF510CC01,ASSET-FIN,Vehicle & Asset Finance,2695000.00,939000.00,94500.00,0,STAGE_1_PERFORMING,0.53%,1.3x,MOMBASA_BR
2025-10-31,STR-LN-102180,TKN-SHA256-9D8A4942,Lucy Mwangi,ID-HASH-45CEC9F243,BOSA-EMG,Emergency Medical Facility,90000.00,61000.00,3000.00,0,STAGE_1_PERFORMING,0.29%,2.6x,NANDI_HILLS
2025-10-31,STR-LN-102181,TKN-SHA256-2588342A,Kiprono Ruto,ID-HASH-F34B523507,BOSA-SCH,School Fees Advance,245000.00,64000.00,8500.00,0,STAGE_1_PERFORMING,0.79%,3.0x,UPPER_HILL
2025-10-31,STR-LN-102182,TKN-SHA256-3C9ACBB4,Stephen Mutua,ID-HASH-6ECD9310FF,BOSA-NRM,Development Loan Normal,2050000.00,617000.00,72000.00,0,STAGE_1_PERFORMING,0.34%,2.5x,KERICHO_CENTRAL
2025-10-31,STR-LN-102183,TKN-SHA256-7708E96E,Wesley Rono,ID-HASH-D62560D258,MSME-WCP,Business Working Capital,215000.00,104000.00,7500.00,0,STAGE_1_PERFORMING,0.81%,1.7x,NAKURU_BR
2025-10-31,STR-LN-102184,TKN-SHA256-E0C7202B,Bernard Bett,ID-HASH-E2D4973AF0,AGRI-TEA,Tea & Coffee Farm Development,1085000.00,974000.00,38000.00,0,STAGE_1_PERFORMING,0.53%,3.3x,ELDORET_BR
2025-10-31,STR-LN-102185,TKN-SHA256-180A38AE,Bernard Sang,ID-HASH-5BF7BEF29E,FOSA-ADV,Salary Advance 30D,40000.00,23000.00,1500.00,0,STAGE_1_PERFORMING,0.36%,1.5x,KISUMU_BR
2025-10-31,STR-LN-102186,TKN-SHA256-11D40645,John Bett,ID-HASH-4E78D6C93C,FOSA-ADV,Salary Advance 30D,120000.00,88000.00,4000.00,0,STAGE_1_PERFORMING,0.80%,1.0x,NAKURU_BR
2025-10-31,STR-LN-102187,TKN-SHA256-B6DABAEA,Lucy Achieng,ID-HASH-F948B42701,ASSET-FIN,Vehicle & Asset Finance,4765000.00,3756000.00,167000.00,0,STAGE_1_PERFORMING,0.71%,1.6x,WESTLANDS
2025-10-31,STR-LN-102188,TKN-SHA256-59E4833D,Kiprono Kariuki,ID-HASH-0A7FBE9F30,ASSET-FIN,Vehicle & Asset Finance,1660000.00,569000.00,58000.00,0,STAGE_1_PERFORMING,0.20%,1.6x,NAKURU_BR
2025-10-31,STR-LN-102189,TKN-SHA256-1313D2D8,Mary Wanjiku,ID-HASH-B34233CD36,FOSA-ADV,Salary Advance 30D,95000.00,25000.00,3500.00,0,STAGE_1_PERFORMING,0.82%,1.1x,KISUMU_BR
2025-10-31,STR-LN-102190,TKN-SHA256-DEB519BF,Tabitha Koech,ID-HASH-F44A5FF88E,FOSA-ADV,Salary Advance 30D,50000.00,44000.00,2000.00,0,STAGE_1_PERFORMING,0.74%,0.9x,NAKURU_BR
2025-10-31,STR-LN-102191,TKN-SHA256-2AF56A3F,Kiprono Kamau,ID-HASH-A6DC24880F,BOSA-NRM,Development Loan Normal,1190000.00,249000.00,41500.00,0,STAGE_1_PERFORMING,0.83%,3.8x,BOMET_BRANCH
2025-10-31,STR-LN-102192,TKN-SHA256-F9411BF2,Gladys Bett,ID-HASH-7034153F60,MSME-WCP,Business Working Capital,490000.00,278000.00,17000.00,21,STAGE_1_EARLY_WATCH,4.25%,2.5x,HQ_NAIROBI
2025-10-31,STR-LN-102193,TKN-SHA256-6D056A1C,Beatrice Mutua,ID-HASH-9A777FAC5A,MSME-WCP,Business Working Capital,1190000.00,212000.00,41500.00,0,STAGE_1_PERFORMING,0.21%,2.5x,KERICHO_CENTRAL
2025-10-31,STR-LN-102194,TKN-SHA256-C2FAEB41,Philemon Mutua,ID-HASH-C41C905506,BOSA-NRM,Development Loan Normal,1155000.00,484000.00,40500.00,0,STAGE_1_PERFORMING,0.31%,2.6x,KERICHO_CENTRAL
2025-10-31,STR-LN-102195,TKN-SHA256-C74866BF,Bernard Hassan,ID-HASH-B264B8881B,BOSA-SCH,School Fees Advance,45000.00,42000.00,1500.00,19,STAGE_1_EARLY_WATCH,2.10%,3.8x,BOMET_BRANCH
2025-10-31,STR-LN-102196,TKN-SHA256-EF9C3D50,Dennis Kamau,ID-HASH-17121071B1,ASSET-FIN,Vehicle & Asset Finance,3070000.00,2096000.00,107500.00,0,STAGE_1_PERFORMING,0.81%,1.7x,HQ_NAIROBI
2025-10-31,STR-LN-102197,TKN-SHA256-242EBD28,Hassan Chebet,ID-HASH-998408609D,MSME-WCP,Business Working Capital,660000.00,608000.00,23000.00,0,STAGE_1_PERFORMING,0.78%,2.5x,WESTLANDS
2025-10-31,STR-LN-102198,TKN-SHA256-A521CFCA,David Langat,ID-HASH-666773DD46,BOSA-EMG,Emergency Medical Facility,235000.00,184000.00,8000.00,0,STAGE_1_PERFORMING,0.67%,2.4x,HQ_NAIROBI
2025-10-31,STR-LN-102199,TKN-SHA256-53A46300,Hassan Sang,ID-HASH-5FF0F8EB72,BOSA-SCH,School Fees Advance,245000.00,90000.00,8500.00,0,STAGE_1_PERFORMING,0.94%,3.8x,NANDI_HILLS
2025-10-31,STR-LN-102200,TKN-SHA256-45A7854A,Samuel Kamau,ID-HASH-B8673A2668,ASSET-FIN,Vehicle & Asset Finance,4775000.00,2047000.00,167000.00,0,STAGE_1_PERFORMING,0.38%,1.1x,UPPER_HILL
2025-10-31,STR-LN-102201,TKN-SHA256-C1F42A7A,Peter Otieno,ID-HASH-8C035BD908,BOSA-EMG,Emergency Medical Facility,85000.00,55000.00,3000.00,0,STAGE_1_PERFORMING,0.91%,2.5x,UPPER_HILL
2025-10-31,STR-LN-102202,TKN-SHA256-C4FB5327,Fatuma Ochieng,ID-HASH-6FD02A0832,BOSA-NRM,Development Loan Normal,2340000.00,2048000.00,82000.00,0,STAGE_1_PERFORMING,0.49%,2.9x,MOMBASA_BR
2025-10-31,STR-LN-102203,TKN-SHA256-8B1FF39E,Dennis Njoroge,ID-HASH-D91285E225,ASSET-FIN,Vehicle & Asset Finance,2380000.00,1381000.00,83500.00,0,STAGE_1_PERFORMING,0.88%,1.3x,KISUMU_BR
2025-10-31,STR-LN-102204,TKN-SHA256-9DF70F1D,Kiprono Siele,ID-HASH-4C77F7AB8C,AGRI-TEA,Tea & Coffee Farm Development,265000.00,141000.00,9500.00,0,STAGE_1_PERFORMING,0.44%,3.7x,ELDORET_BR
2025-10-31,STR-LN-102205,TKN-SHA256-BA06BE9B,Stephen Omondi,ID-HASH-B20F31745E,AGRI-TEA,Tea & Coffee Farm Development,1095000.00,193000.00,38500.00,0,STAGE_1_PERFORMING,0.39%,3.7x,KISUMU_BR
2025-10-31,STR-LN-102206,TKN-SHA256-34F8F47F,Bernard Ali,ID-HASH-A4D3545A84,BOSA-EMG,Emergency Medical Facility,130000.00,74000.00,4500.00,0,STAGE_1_PERFORMING,0.93%,2.1x,NANDI_HILLS
2025-10-31,STR-LN-102207,TKN-SHA256-90607407,Peter Ali,ID-HASH-4767FAB0D8,BOSA-NRM,Development Loan Normal,1345000.00,208000.00,47000.00,0,STAGE_1_PERFORMING,0.27%,4.0x,NANDI_HILLS
2025-10-31,STR-LN-102208,TKN-SHA256-D265AAE4,Lucy Mwangi,ID-HASH-CB3BC652A4,AGRI-TEA,Tea & Coffee Farm Development,1200000.00,1015000.00,42000.00,26,STAGE_1_EARLY_WATCH,3.27%,2.5x,NAKURU_BR
2025-10-31,STR-LN-102209,TKN-SHA256-3644C992,Beatrice Achieng,ID-HASH-F3C2E8A272,ASSET-FIN,Vehicle & Asset Finance,2480000.00,1427000.00,87000.00,0,STAGE_1_PERFORMING,0.54%,1.4x,MOMBASA_BR
2025-10-31,STR-LN-102210,TKN-SHA256-C63377A0,Grace Korir,ID-HASH-B0E3BF2A45,AGRI-TEA,Tea & Coffee Farm Development,430000.00,127000.00,15000.00,0,STAGE_1_PERFORMING,0.69%,3.5x,KISUMU_BR
2025-10-31,STR-LN-102211,TKN-SHA256-D19456CA,Grace Gitonga,ID-HASH-1E738088E5,MSME-WCP,Business Working Capital,1500000.00,1191000.00,52500.00,0,STAGE_1_PERFORMING,0.43%,1.9x,ELDORET_BR
2025-10-31,STR-LN-102212,TKN-SHA256-C33AF8F2,Gladys Ruto,ID-HASH-DF8A02A76A,BOSA-SCH,School Fees Advance,75000.00,22000.00,2500.00,161,STAGE_3_NON_PERFORMING,42.51%,4.1x,KERICHO_CENTRAL
2025-10-31,STR-LN-102213,TKN-SHA256-7A36E333,Lucy Wambui,ID-HASH-341BE8A948,BOSA-SCH,School Fees Advance,205000.00,124000.00,7000.00,0,STAGE_1_PERFORMING,0.52%,4.3x,UPPER_HILL
2025-10-31,STR-LN-102214,TKN-SHA256-B280A343,John Mwangi,ID-HASH-60A04A4177,FOSA-ADV,Salary Advance 30D,145000.00,128000.00,5000.00,0,STAGE_1_PERFORMING,0.88%,1.0x,KISUMU_BR
2025-10-31,STR-LN-102215,TKN-SHA256-93057E7E,Fatuma Ruto,ID-HASH-601FB83F70,BOSA-SCH,School Fees Advance,160000.00,87000.00,5500.00,0,STAGE_1_PERFORMING,0.27%,4.6x,NAKURU_BR
2025-10-31,STR-LN-102216,TKN-SHA256-06A31594,James Langat,ID-HASH-33020A5C5F,FOSA-ADV,Salary Advance 30D,85000.00,45000.00,3000.00,0,STAGE_1_PERFORMING,0.69%,1.1x,HQ_NAIROBI
2025-10-31,STR-LN-102217,TKN-SHA256-8A4E2AC3,Geoffrey Ochieng,ID-HASH-979386FEA6,BOSA-EMG,Emergency Medical Facility,260000.00,178000.00,9000.00,0,STAGE_1_PERFORMING,0.26%,1.9x,NANDI_HILLS
2025-10-31,STR-LN-102218,TKN-SHA256-9E3F8911,Bernard Langat,ID-HASH-A88B850ED1,BOSA-NRM,Development Loan Normal,2425000.00,2161000.00,85000.00,0,STAGE_1_PERFORMING,0.21%,3.6x,MOMBASA_BR
2025-10-31,STR-LN-102219,TKN-SHA256-C8FD22F7,Wesley Ali,ID-HASH-944391687C,MSME-WCP,Business Working Capital,300000.00,178000.00,10500.00,0,STAGE_1_PERFORMING,0.94%,2.6x,KERICHO_CENTRAL
2025-10-31,STR-LN-102220,TKN-SHA256-AF346FD7,Dennis Achieng,ID-HASH-517EE6AA25,AGRI-TEA,Tea & Coffee Farm Development,1025000.00,803000.00,36000.00,0,STAGE_1_PERFORMING,0.65%,2.9x,ELDORET_BR
2025-10-31,STR-LN-102221,TKN-SHA256-D6737EED,Catherine Korir,ID-HASH-4B55DE6E79,FOSA-ADV,Salary Advance 30D,120000.00,70000.00,4000.00,0,STAGE_1_PERFORMING,0.24%,0.9x,KERICHO_CENTRAL
2025-10-31,STR-LN-102222,TKN-SHA256-DD75C075,Cosmas Cheruiyot,ID-HASH-7858891A9D,BOSA-SCH,School Fees Advance,185000.00,168000.00,6500.00,0,STAGE_1_PERFORMING,0.57%,3.9x,NANDI_HILLS
2025-10-31,STR-LN-102223,TKN-SHA256-D3CE2A25,Kiprono Koech,ID-HASH-61E2554707,BOSA-NRM,Development Loan Normal,2560000.00,1028000.00,89500.00,0,STAGE_1_PERFORMING,0.39%,2.9x,BOMET_BRANCH
2025-10-31,STR-LN-102224,TKN-SHA256-5059AD23,David Sang,ID-HASH-EE154B86D2,BOSA-SCH,School Fees Advance,155000.00,40000.00,5500.00,0,STAGE_1_PERFORMING,0.85%,4.6x,UPPER_HILL
2025-10-31,STR-LN-102225,TKN-SHA256-FD6F9329,Stephen Rono,ID-HASH-E47D98056C,BOSA-SCH,School Fees Advance,145000.00,41000.00,5000.00,38,STAGE_2_UNDERPERFORMING,12.69%,4.9x,WESTLANDS
2025-10-31,STR-LN-102226,TKN-SHA256-1D6E1F4B,Alice Rono,ID-HASH-AEFA182DBD,FOSA-ADV,Salary Advance 30D,85000.00,37000.00,3000.00,0,STAGE_1_PERFORMING,0.26%,1.6x,UPPER_HILL
2025-10-31,STR-LN-102227,TKN-SHA256-E39BFFE8,Geoffrey Langat,ID-HASH-0A7CA0D780,FOSA-ADV,Salary Advance 30D,90000.00,69000.00,3000.00,0,STAGE_1_PERFORMING,0.17%,1.0x,ELDORET_BR
2025-10-31,STR-LN-102228,TKN-SHA256-896F1BDA,James Rono,ID-HASH-44FBCCD32F,MSME-WCP,Business Working Capital,435000.00,389000.00,15000.00,0,STAGE_1_PERFORMING,0.44%,1.9x,NAKURU_BR
2025-10-31,STR-LN-102229,TKN-SHA256-15215B58,Geoffrey Bett,ID-HASH-CC5F04F0CB,MSME-WCP,Business Working Capital,390000.00,300000.00,13500.00,0,STAGE_1_PERFORMING,0.24%,2.3x,BOMET_BRANCH
2025-10-31,STR-LN-102230,TKN-SHA256-00EBE1E9,Wesley Siele,ID-HASH-B1BD4614DD,ASSET-FIN,Vehicle & Asset Finance,4875000.00,3162000.00,170500.00,0,STAGE_1_PERFORMING,0.68%,1.7x,UPPER_HILL
2025-10-31,STR-LN-102231,TKN-SHA256-7326A2CC,Gladys Otieno,ID-HASH-5ECFDC65A6,FOSA-ADV,Salary Advance 30D,80000.00,23000.00,3000.00,0,STAGE_1_PERFORMING,0.25%,1.4x,HQ_NAIROBI
2025-10-31,STR-LN-102232,TKN-SHA256-A832EEDB,Dennis Ali,ID-HASH-CD57775B42,MSME-WCP,Business Working Capital,1695000.00,1434000.00,59500.00,0,STAGE_1_PERFORMING,0.24%,2.5x,WESTLANDS
2025-10-31,STR-LN-102233,TKN-SHA256-463C2C57,Peter Rono,ID-HASH-47A2073E35,AGRI-TEA,Tea & Coffee Farm Development,340000.00,187000.00,12000.00,28,STAGE_1_EARLY_WATCH,3.55%,2.3x,KERICHO_CENTRAL
2025-10-31,STR-LN-102234,TKN-SHA256-9F96E12A,John Koech,ID-HASH-82E46DEF53,BOSA-SCH,School Fees Advance,130000.00,25000.00,4500.00,0,STAGE_1_PERFORMING,0.69%,4.9x,KISUMU_BR
2025-10-31,STR-LN-102235,TKN-SHA256-A436AA33,Peter Mutua,ID-HASH-F1D53EB73F,BOSA-SCH,School Fees Advance,85000.00,67000.00,3000.00,0,STAGE_1_PERFORMING,0.88%,4.7x,NAKURU_BR
2025-10-31,STR-LN-102236,TKN-SHA256-395D6223,Fatuma Otieno,ID-HASH-2F7B599648,BOSA-SCH,School Fees Advance,150000.00,135000.00,5500.00,47,STAGE_2_UNDERPERFORMING,13.21%,5.0x,NANDI_HILLS
2025-10-31,STR-LN-102237,TKN-SHA256-BD7EB283,Philemon Njoroge,ID-HASH-E9746E33AB,ASSET-FIN,Vehicle & Asset Finance,4030000.00,865000.00,141000.00,0,STAGE_1_PERFORMING,0.16%,1.3x,MOMBASA_BR
2025-10-31,STR-LN-102238,TKN-SHA256-5D1CD9AE,Fatuma Otieno,ID-HASH-8BA9050D85,AGRI-TEA,Tea & Coffee Farm Development,810000.00,579000.00,28500.00,0,STAGE_1_PERFORMING,0.30%,3.3x,UPPER_HILL
2025-10-31,STR-LN-102239,TKN-SHA256-8A19734A,Mary Gitonga,ID-HASH-183EF1934E,AGRI-TEA,Tea & Coffee Farm Development,515000.00,260000.00,18000.00,0,STAGE_1_PERFORMING,0.48%,2.4x,HQ_NAIROBI
2025-10-31,STR-LN-102240,TKN-SHA256-785DF373,Stephen Gitonga,ID-HASH-3CDC67C946,AGRI-TEA,Tea & Coffee Farm Development,595000.00,295000.00,21000.00,0,STAGE_1_PERFORMING,0.60%,2.7x,UPPER_HILL
2025-10-31,STR-LN-102241,TKN-SHA256-CA68B5B5,Philemon Hassan,ID-HASH-99FD8F72C9,AGRI-TEA,Tea & Coffee Farm Development,495000.00,262000.00,17500.00,0,STAGE_1_PERFORMING,0.52%,2.8x,HQ_NAIROBI
2025-10-31,STR-LN-102242,TKN-SHA256-A8A8D619,James Omondi,ID-HASH-03AA7999E0,BOSA-SCH,School Fees Advance,240000.00,193000.00,8500.00,0,STAGE_1_PERFORMING,0.71%,3.9x,NAKURU_BR
2025-10-31,STR-LN-102243,TKN-SHA256-8E6E8F89,Alice Hassan,ID-HASH-BD9439AC78,FOSA-ADV,Salary Advance 30D,80000.00,31000.00,3000.00,0,STAGE_1_PERFORMING,0.43%,1.0x,NAKURU_BR
2025-10-31,STR-LN-102244,TKN-SHA256-AB5BDCAA,Catherine Sang,ID-HASH-263F335817,MSME-WCP,Business Working Capital,1330000.00,287000.00,46500.00,0,STAGE_1_PERFORMING,0.42%,2.1x,ELDORET_BR
2025-10-31,STR-LN-102245,TKN-SHA256-8C5B0AC4,Alice Wanjiku,ID-HASH-CC8589368C,ASSET-FIN,Vehicle & Asset Finance,1705000.00,1518000.00,59500.00,0,STAGE_1_PERFORMING,0.42%,1.3x,NAKURU_BR
2025-10-31,STR-LN-102246,TKN-SHA256-4F2D39F3,John Ochieng,ID-HASH-D5EDA4F927,FOSA-ADV,Salary Advance 30D,35000.00,24000.00,1000.00,0,STAGE_1_PERFORMING,0.69%,1.5x,UPPER_HILL
2025-10-31,STR-LN-102247,TKN-SHA256-538C838B,Kiprono Kiptoo,ID-HASH-8866D8AA28,BOSA-EMG,Emergency Medical Facility,165000.00,97000.00,6000.00,28,STAGE_1_EARLY_WATCH,3.67%,2.8x,MOMBASA_BR
2025-10-31,STR-LN-102248,TKN-SHA256-6E4ADF6C,Gladys Ochieng,ID-HASH-51EEE56430,BOSA-NRM,Development Loan Normal,3220000.00,2154000.00,112500.00,0,STAGE_1_PERFORMING,0.40%,2.8x,NAKURU_BR
2025-10-31,STR-LN-102249,TKN-SHA256-8EC2F13C,Emmanuel Ruto,ID-HASH-3F1F3528AA,ASSET-FIN,Vehicle & Asset Finance,3130000.00,1687000.00,109500.00,0,STAGE_1_PERFORMING,0.65%,1.3x,MOMBASA_BR
2025-10-31,STR-LN-102250,TKN-SHA256-25AAB1C1,Peter Hassan,ID-HASH-7FACD0D8CA,ASSET-FIN,Vehicle & Asset Finance,2360000.00,1788000.00,82500.00,55,STAGE_2_UNDERPERFORMING,5.96%,1.9x,BOMET_BRANCH
2025-10-31,STR-LN-102251,TKN-SHA256-CA8F3139,Catherine Gitonga,ID-HASH-1FC77CD3AB,BOSA-EMG,Emergency Medical Facility,105000.00,88000.00,3500.00,0,STAGE_1_PERFORMING,0.32%,3.2x,HQ_NAIROBI
2025-10-31,STR-LN-102252,TKN-SHA256-5412A56D,Alice Kamau,ID-HASH-F615A2431C,FOSA-ADV,Salary Advance 30D,130000.00,113000.00,4500.00,85,STAGE_2_UNDERPERFORMING,13.06%,1.4x,HQ_NAIROBI
2025-10-31,STR-LN-102253,TKN-SHA256-05E49E19,Dennis Ali,ID-HASH-F17D26C350,BOSA-NRM,Development Loan Normal,3230000.00,3062000.00,113000.00,131,STAGE_3_NON_PERFORMING,35.63%,3.0x,MOMBASA_BR
2025-10-31,STR-LN-102254,TKN-SHA256-1556189C,David Cheruiyot,ID-HASH-F38212A396,BOSA-SCH,School Fees Advance,45000.00,39000.00,1500.00,0,STAGE_1_PERFORMING,0.64%,3.5x,NAKURU_BR
2025-10-31,STR-LN-102255,TKN-SHA256-6BF1290C,Geoffrey Rono,ID-HASH-8B0156544E,MSME-WCP,Business Working Capital,935000.00,619000.00,32500.00,0,STAGE_1_PERFORMING,0.75%,1.6x,NAKURU_BR
2025-10-31,STR-LN-102256,TKN-SHA256-397F07D6,Philemon Langat,ID-HASH-5A556E0EB8,ASSET-FIN,Vehicle & Asset Finance,4385000.00,2629000.00,153500.00,0,STAGE_1_PERFORMING,0.91%,1.3x,BOMET_BRANCH
2025-10-31,STR-LN-102257,TKN-SHA256-CF2870CD,Fatuma Rono,ID-HASH-EF6DE3F6B5,AGRI-TEA,Tea & Coffee Farm Development,835000.00,719000.00,29000.00,0,STAGE_1_PERFORMING,0.32%,3.6x,KERICHO_CENTRAL
2025-10-31,STR-LN-102258,TKN-SHA256-AD0730EA,Hassan Wanjiku,ID-HASH-27B7A1F553,BOSA-NRM,Development Loan Normal,1325000.00,1029000.00,46500.00,72,STAGE_2_UNDERPERFORMING,13.74%,3.1x,KERICHO_CENTRAL
2025-10-31,STR-LN-102259,TKN-SHA256-6D5CC68E,Dennis Ruto,ID-HASH-5486538237,BOSA-NRM,Development Loan Normal,3260000.00,2654000.00,114000.00,0,STAGE_1_PERFORMING,0.26%,2.6x,HQ_NAIROBI
2025-10-31,STR-LN-102260,TKN-SHA256-66B7293E,John Ruto,ID-HASH-9F66EB8E56,BOSA-SCH,School Fees Advance,150000.00,125000.00,5500.00,0,STAGE_1_PERFORMING,0.45%,4.4x,KISUMU_BR
2025-10-31,STR-LN-102261,TKN-SHA256-E7B3039F,Kiprono Kimani,ID-HASH-2E63F88CC4,FOSA-ADV,Salary Advance 30D,70000.00,61000.00,2500.00,0,STAGE_1_PERFORMING,0.49%,1.2x,KISUMU_BR
2025-10-31,STR-LN-102262,TKN-SHA256-B2E7AB4F,Fatuma Korir,ID-HASH-C13DB0B898,ASSET-FIN,Vehicle & Asset Finance,3515000.00,2336000.00,123000.00,0,STAGE_1_PERFORMING,0.64%,1.4x,MOMBASA_BR
2025-10-31,STR-LN-102263,TKN-SHA256-DD18E585,Catherine Sang,ID-HASH-FD6E37B8A7,BOSA-SCH,School Fees Advance,45000.00,8000.00,1500.00,0,STAGE_1_PERFORMING,0.89%,4.7x,UPPER_HILL
2025-10-31,STR-LN-102264,TKN-SHA256-70B79477,Dennis Bett,ID-HASH-327C159080,FOSA-ADV,Salary Advance 30D,110000.00,20000.00,4000.00,0,STAGE_1_PERFORMING,0.55%,1.0x,KERICHO_CENTRAL
2025-10-31,STR-LN-102265,TKN-SHA256-B2C943CB,Alice Kiptoo,ID-HASH-3271C81F27,BOSA-EMG,Emergency Medical Facility,180000.00,111000.00,6500.00,0,STAGE_1_PERFORMING,0.58%,2.8x,KISUMU_BR
2025-10-31,STR-LN-102266,TKN-SHA256-25646211,James Gitonga,ID-HASH-0A6AC16D6C,MSME-WCP,Business Working Capital,1100000.00,583000.00,38500.00,0,STAGE_1_PERFORMING,0.19%,2.3x,NAKURU_BR
2025-10-31,STR-LN-102267,TKN-SHA256-599DF5DB,Kiprono Korir,ID-HASH-88AD7F8708,BOSA-SCH,School Fees Advance,90000.00,14000.00,3000.00,0,STAGE_1_PERFORMING,0.89%,3.7x,KISUMU_BR
2025-10-31,STR-LN-102268,TKN-SHA256-B831FD10,Wesley Korir,ID-HASH-533B85A8F1,BOSA-NRM,Development Loan Normal,1845000.00,547000.00,64500.00,103,STAGE_3_NON_PERFORMING,20.56%,3.5x,WESTLANDS
2025-10-31,STR-LN-102269,TKN-SHA256-DC677401,Alice Hassan,ID-HASH-D07E55D3BF,FOSA-ADV,Salary Advance 30D,125000.00,80000.00,4500.00,0,STAGE_1_PERFORMING,0.32%,0.9x,KISUMU_BR
2025-10-31,STR-LN-102270,TKN-SHA256-B5B60AC1,Fatuma Koech,ID-HASH-0EDE092C70,ASSET-FIN,Vehicle & Asset Finance,4155000.00,3676000.00,145500.00,0,STAGE_1_PERFORMING,0.58%,1.5x,NAKURU_BR
2025-10-31,STR-LN-102271,TKN-SHA256-07F05114,Peter Ali,ID-HASH-F69EE02B4D,ASSET-FIN,Vehicle & Asset Finance,3980000.00,1569000.00,139500.00,0,STAGE_1_PERFORMING,0.44%,1.7x,WESTLANDS
2025-10-31,STR-LN-102272,TKN-SHA256-B12EE2B9,Grace Mutua,ID-HASH-A672542883,BOSA-SCH,School Fees Advance,245000.00,71000.00,8500.00,0,STAGE_1_PERFORMING,0.20%,4.9x,KERICHO_CENTRAL
2025-10-31,STR-LN-102273,TKN-SHA256-5D423237,Philemon Ruto,ID-HASH-92A31EC294,BOSA-SCH,School Fees Advance,170000.00,123000.00,6000.00,0,STAGE_1_PERFORMING,0.65%,3.3x,BOMET_BRANCH
2025-10-31,STR-LN-102274,TKN-SHA256-0F76A88E,Lucy Bett,ID-HASH-0CA3E7E5DF,MSME-WCP,Business Working Capital,310000.00,251000.00,11000.00,0,STAGE_1_PERFORMING,0.46%,2.1x,HQ_NAIROBI
2025-10-31,STR-LN-102275,TKN-SHA256-3D54DD93,Cosmas Wambui,ID-HASH-6705771782,FOSA-ADV,Salary Advance 30D,85000.00,50000.00,3000.00,0,STAGE_1_PERFORMING,0.67%,1.2x,ELDORET_BR
2025-10-31,STR-LN-102276,TKN-SHA256-6FDC0186,Philemon Hassan,ID-HASH-63669D3962,AGRI-TEA,Tea & Coffee Farm Development,530000.00,445000.00,18500.00,0,STAGE_1_PERFORMING,0.37%,2.8x,KISUMU_BR
2025-10-31,STR-LN-102277,TKN-SHA256-69CF060A,Catherine Wambui,ID-HASH-69637EA7C5,FOSA-ADV,Salary Advance 30D,110000.00,69000.00,4000.00,0,STAGE_1_PERFORMING,0.48%,1.5x,BOMET_BRANCH
2025-10-31,STR-LN-102278,TKN-SHA256-33BD2630,Emmanuel Mutua,ID-HASH-4E823E1FD8,ASSET-FIN,Vehicle & Asset Finance,2490000.00,447000.00,87000.00,0,STAGE_1_PERFORMING,0.54%,1.2x,WESTLANDS
2025-10-31,STR-LN-102279,TKN-SHA256-EB23EF6D,Geoffrey Gitonga,ID-HASH-EC493DB640,FOSA-ADV,Salary Advance 30D,115000.00,48000.00,4000.00,0,STAGE_1_PERFORMING,0.94%,1.5x,KISUMU_BR
2025-10-31,STR-LN-102280,TKN-SHA256-6449C92D,Cosmas Rono,ID-HASH-E5D370C58E,BOSA-EMG,Emergency Medical Facility,50000.00,13000.00,2000.00,0,STAGE_1_PERFORMING,0.60%,3.2x,KERICHO_CENTRAL
2025-10-31,STR-LN-102281,TKN-SHA256-02E91B17,Gladys Ali,ID-HASH-AA6504ADA0,FOSA-ADV,Salary Advance 30D,140000.00,60000.00,5000.00,0,STAGE_1_PERFORMING,0.36%,1.5x,UPPER_HILL
2025-10-31,STR-LN-102282,TKN-SHA256-AAC56347,James Cheruiyot,ID-HASH-367FC59215,BOSA-NRM,Development Loan Normal,2975000.00,2257000.00,104000.00,0,STAGE_1_PERFORMING,0.95%,2.5x,ELDORET_BR
2025-10-31,STR-LN-102283,TKN-SHA256-A96B3440,Beatrice Mwangi,ID-HASH-4E550C1AB2,ASSET-FIN,Vehicle & Asset Finance,3660000.00,3311000.00,128000.00,0,STAGE_1_PERFORMING,0.73%,2.0x,ELDORET_BR
2025-10-31,STR-LN-102284,TKN-SHA256-7DB40B39,Alice Achieng,ID-HASH-CC64AB15A6,AGRI-TEA,Tea & Coffee Farm Development,380000.00,169000.00,13500.00,0,STAGE_1_PERFORMING,0.28%,3.5x,NANDI_HILLS
2025-10-31,STR-LN-102285,TKN-SHA256-F219A284,Mary Koech,ID-HASH-80E5D37AA9,AGRI-TEA,Tea & Coffee Farm Development,710000.00,447000.00,25000.00,10,STAGE_1_EARLY_WATCH,1.98%,3.4x,BOMET_BRANCH
2025-10-31,STR-LN-102286,TKN-SHA256-3262E994,Hassan Otieno,ID-HASH-3660D73D99,ASSET-FIN,Vehicle & Asset Finance,1395000.00,1132000.00,49000.00,0,STAGE_1_PERFORMING,0.19%,1.2x,KERICHO_CENTRAL
2025-10-31,STR-LN-102287,TKN-SHA256-33763C7C,Fatuma Siele,ID-HASH-C64903238F,AGRI-TEA,Tea & Coffee Farm Development,740000.00,291000.00,26000.00,0,STAGE_1_PERFORMING,0.32%,3.7x,KISUMU_BR
2025-10-31,STR-LN-102288,TKN-SHA256-E141D216,Emmanuel Otieno,ID-HASH-5677DD8A5E,BOSA-SCH,School Fees Advance,210000.00,106000.00,7500.00,0,STAGE_1_PERFORMING,0.85%,4.1x,ELDORET_BR
2025-10-31,STR-LN-102289,TKN-SHA256-C79B464F,Samuel Bett,ID-HASH-0E7B7F9314,BOSA-EMG,Emergency Medical Facility,235000.00,56000.00,8000.00,0,STAGE_1_PERFORMING,0.75%,3.1x,WESTLANDS
2025-10-31,STR-LN-102290,TKN-SHA256-F17A3744,Fatuma Ochieng,ID-HASH-6E3EC2B997,BOSA-SCH,School Fees Advance,80000.00,53000.00,3000.00,0,STAGE_1_PERFORMING,0.88%,4.0x,KISUMU_BR
2025-10-31,STR-LN-102291,TKN-SHA256-FA766FE6,Lucy Gitonga,ID-HASH-F1BDC1AC7B,FOSA-ADV,Salary Advance 30D,55000.00,15000.00,2000.00,56,STAGE_2_UNDERPERFORMING,9.92%,1.0x,HQ_NAIROBI
2025-10-31,STR-LN-102292,TKN-SHA256-E22AEEDD,James Wambui,ID-HASH-96EFD300BA,BOSA-EMG,Emergency Medical Facility,175000.00,88000.00,6000.00,0,STAGE_1_PERFORMING,0.52%,3.3x,WESTLANDS
2025-10-31,STR-LN-102293,TKN-SHA256-601ACCAA,Emmanuel Otieno,ID-HASH-9BBC7AC4A5,MSME-WCP,Business Working Capital,1490000.00,1090000.00,52000.00,0,STAGE_1_PERFORMING,0.33%,2.4x,HQ_NAIROBI
2025-10-31,STR-LN-102294,TKN-SHA256-95F9A5DC,Peter Korir,ID-HASH-43A6DB0EEC,BOSA-EMG,Emergency Medical Facility,200000.00,164000.00,7000.00,0,STAGE_1_PERFORMING,0.88%,3.1x,BOMET_BRANCH
2025-10-31,STR-LN-102295,TKN-SHA256-A7498F01,Gladys Kariuki,ID-HASH-F9946EDDF6,BOSA-NRM,Development Loan Normal,2305000.00,1091000.00,80500.00,0,STAGE_1_PERFORMING,0.91%,3.5x,MOMBASA_BR
2025-10-31,STR-LN-102296,TKN-SHA256-2974DE9A,Hassan Omondi,ID-HASH-189F591274,ASSET-FIN,Vehicle & Asset Finance,2765000.00,2466000.00,97000.00,0,STAGE_1_PERFORMING,0.94%,1.9x,MOMBASA_BR
2025-10-31,STR-LN-102297,TKN-SHA256-322615B2,Mary Mutua,ID-HASH-9C7DEB686B,BOSA-SCH,School Fees Advance,220000.00,208000.00,7500.00,0,STAGE_1_PERFORMING,0.50%,3.1x,KISUMU_BR
2025-10-31,STR-LN-102298,TKN-SHA256-F66B0948,Wesley Hassan,ID-HASH-105BD7A264,FOSA-ADV,Salary Advance 30D,100000.00,30000.00,3500.00,0,STAGE_1_PERFORMING,0.32%,1.0x,KERICHO_CENTRAL
2025-10-31,STR-LN-102299,TKN-SHA256-EA4633AF,Cosmas Njoroge,ID-HASH-FDBAAEA1C0,BOSA-EMG,Emergency Medical Facility,245000.00,117000.00,8500.00,0,STAGE_1_PERFORMING,0.85%,2.9x,BOMET_BRANCH
2025-10-31,STR-LN-102300,TKN-SHA256-21CC9C82,Mary Ochieng,ID-HASH-CC40D75DA8,AGRI-TEA,Tea & Coffee Farm Development,400000.00,232000.00,14000.00,0,STAGE_1_PERFORMING,0.72%,3.7x,UPPER_HILL
2025-10-31,STR-LN-102301,TKN-SHA256-158673EB,Stephen Siele,ID-HASH-1845DDEBF8,MSME-WCP,Business Working Capital,280000.00,83000.00,10000.00,0,STAGE_1_PERFORMING,0.47%,2.1x,MOMBASA_BR
2025-10-31,STR-LN-102302,TKN-SHA256-483E9755,Beatrice Kariuki,ID-HASH-DFD5495893,BOSA-NRM,Development Loan Normal,3425000.00,1753000.00,120000.00,0,STAGE_1_PERFORMING,0.25%,2.5x,NAKURU_BR
2025-10-31,STR-LN-102303,TKN-SHA256-40C78828,Jane Hassan,ID-HASH-4F0C0DF752,BOSA-SCH,School Fees Advance,110000.00,41000.00,4000.00,0,STAGE_1_PERFORMING,0.26%,4.4x,ELDORET_BR
2025-10-31,STR-LN-102304,TKN-SHA256-F4619A44,James Ochieng,ID-HASH-930F12EF98,MSME-WCP,Business Working Capital,1760000.00,590000.00,61500.00,0,STAGE_1_PERFORMING,0.16%,1.8x,BOMET_BRANCH
2025-10-31,STR-LN-102305,TKN-SHA256-B862C37D,Jane Sang,ID-HASH-D7EF4DDAAD,MSME-WCP,Business Working Capital,1220000.00,472000.00,42500.00,0,STAGE_1_PERFORMING,0.39%,2.1x,BOMET_BRANCH
2025-10-31,STR-LN-102306,TKN-SHA256-553615DD,Mary Kiptoo,ID-HASH-BA5DFE5E38,FOSA-ADV,Salary Advance 30D,120000.00,62000.00,4000.00,0,STAGE_1_PERFORMING,0.67%,1.4x,NANDI_HILLS
2025-10-31,STR-LN-102307,TKN-SHA256-57D0F1DB,Grace Hassan,ID-HASH-232781209E,FOSA-ADV,Salary Advance 30D,25000.00,19000.00,1000.00,0,STAGE_1_PERFORMING,0.42%,0.9x,NAKURU_BR
2025-10-31,STR-LN-102308,TKN-SHA256-E5EA8BD0,Peter Hassan,ID-HASH-3DC0212598,ASSET-FIN,Vehicle & Asset Finance,3770000.00,2649000.00,132000.00,0,STAGE_1_PERFORMING,0.62%,1.3x,HQ_NAIROBI
2025-10-31,STR-LN-102309,TKN-SHA256-DD343FC8,Philemon Otieno,ID-HASH-75B46832C9,AGRI-TEA,Tea & Coffee Farm Development,1025000.00,481000.00,36000.00,84,STAGE_2_UNDERPERFORMING,13.03%,2.7x,UPPER_HILL
2025-10-31,STR-LN-102310,TKN-SHA256-9F8B7EAE,Lucy Wambui,ID-HASH-0DB4EC31FF,BOSA-SCH,School Fees Advance,55000.00,12000.00,2000.00,107,STAGE_3_NON_PERFORMING,37.65%,3.0x,NANDI_HILLS
2025-10-31,STR-LN-102311,TKN-SHA256-E18B5398,Cosmas Ali,ID-HASH-B8D710AFB4,BOSA-EMG,Emergency Medical Facility,60000.00,56000.00,2000.00,0,STAGE_1_PERFORMING,0.76%,3.1x,KISUMU_BR
2025-10-31,STR-LN-102312,TKN-SHA256-3F3D4285,Hassan Wanjiku,ID-HASH-CBC8088900,BOSA-NRM,Development Loan Normal,1395000.00,1214000.00,49000.00,0,STAGE_1_PERFORMING,0.64%,2.5x,HQ_NAIROBI
2025-10-31,STR-LN-102313,TKN-SHA256-00A2D91C,Emmanuel Kamau,ID-HASH-6297E83B21,FOSA-ADV,Salary Advance 30D,35000.00,26000.00,1000.00,0,STAGE_1_PERFORMING,0.55%,1.0x,NAKURU_BR
2025-10-31,STR-LN-102314,TKN-SHA256-063F2241,Peter Sang,ID-HASH-D44CB80E48,MSME-WCP,Business Working Capital,1235000.00,353000.00,43000.00,0,STAGE_1_PERFORMING,0.48%,1.9x,NANDI_HILLS
2025-10-31,STR-LN-102315,TKN-SHA256-5866C4B1,Geoffrey Njoroge,ID-HASH-997DE31114,MSME-WCP,Business Working Capital,1370000.00,1229000.00,48000.00,0,STAGE_1_PERFORMING,0.20%,2.2x,NAKURU_BR
2025-10-31,STR-LN-102316,TKN-SHA256-8C6B4C89,Mercy Gitonga,ID-HASH-D96E7414D8,AGRI-TEA,Tea & Coffee Farm Development,730000.00,197000.00,25500.00,0,STAGE_1_PERFORMING,0.78%,2.5x,HQ_NAIROBI
2025-10-31,STR-LN-102317,TKN-SHA256-FB3D20F0,Fatuma Achieng,ID-HASH-C122F3E5AC,FOSA-ADV,Salary Advance 30D,145000.00,34000.00,5000.00,0,STAGE_1_PERFORMING,0.20%,1.2x,KERICHO_CENTRAL
2025-10-31,STR-LN-102318,TKN-SHA256-1511FF5F,Kiprono Kimani,ID-HASH-D49EFB4364,FOSA-ADV,Salary Advance 30D,20000.00,16000.00,500.00,60,STAGE_2_UNDERPERFORMING,12.23%,1.4x,UPPER_HILL
2025-10-31,STR-LN-102319,TKN-SHA256-C3E3A229,Cosmas Wanjiku,ID-HASH-F922F0B7B8,BOSA-SCH,School Fees Advance,180000.00,130000.00,6500.00,62,STAGE_2_UNDERPERFORMING,8.61%,4.5x,ELDORET_BR
2025-10-31,STR-LN-102320,TKN-SHA256-67D0E308,Peter Kiptoo,ID-HASH-17D0094AE3,AGRI-TEA,Tea & Coffee Farm Development,410000.00,261000.00,14500.00,0,STAGE_1_PERFORMING,0.54%,2.4x,HQ_NAIROBI
2025-10-31,STR-LN-102321,TKN-SHA256-E13B3A34,Beatrice Korir,ID-HASH-42C453FD9C,AGRI-TEA,Tea & Coffee Farm Development,1010000.00,363000.00,35500.00,0,STAGE_1_PERFORMING,0.32%,3.2x,UPPER_HILL
2025-10-31,STR-LN-102322,TKN-SHA256-E58AD1BD,Wesley Kiptoo,ID-HASH-B30B5FF91A,MSME-WCP,Business Working Capital,1195000.00,487000.00,42000.00,0,STAGE_1_PERFORMING,0.31%,2.0x,KERICHO_CENTRAL
2025-10-31,STR-LN-102323,TKN-SHA256-039F95EE,Hassan Siele,ID-HASH-E963136D11,BOSA-NRM,Development Loan Normal,2635000.00,842000.00,92000.00,0,STAGE_1_PERFORMING,0.52%,2.5x,UPPER_HILL
2025-10-31,STR-LN-102324,TKN-SHA256-738EB598,Bernard Wanjiku,ID-HASH-3BC33CE91E,AGRI-TEA,Tea & Coffee Farm Development,845000.00,612000.00,29500.00,0,STAGE_1_PERFORMING,0.33%,2.7x,ELDORET_BR
2025-10-31,STR-LN-102325,TKN-SHA256-A0AEA335,Bernard Kimani,ID-HASH-35CCC1A204,AGRI-TEA,Tea & Coffee Farm Development,845000.00,576000.00,29500.00,0,STAGE_1_PERFORMING,0.65%,2.3x,HQ_NAIROBI
2025-10-31,STR-LN-102326,TKN-SHA256-DF24A128,Mary Bett,ID-HASH-B036F29E97,ASSET-FIN,Vehicle & Asset Finance,3290000.00,2943000.00,115000.00,0,STAGE_1_PERFORMING,0.61%,1.2x,KERICHO_CENTRAL
2025-10-31,STR-LN-102327,TKN-SHA256-64910BF7,Samuel Koech,ID-HASH-9F8F4B779C,AGRI-TEA,Tea & Coffee Farm Development,1055000.00,310000.00,37000.00,0,STAGE_1_PERFORMING,0.57%,3.3x,ELDORET_BR
2025-10-31,STR-LN-102328,TKN-SHA256-B466F4FC,Wesley Hassan,ID-HASH-582E798DF5,ASSET-FIN,Vehicle & Asset Finance,3045000.00,2044000.00,106500.00,0,STAGE_1_PERFORMING,0.25%,1.6x,BOMET_BRANCH
2025-10-31,STR-LN-102329,TKN-SHA256-8E22051D,Dennis Achieng,ID-HASH-3CE8E19B94,BOSA-SCH,School Fees Advance,115000.00,73000.00,4000.00,0,STAGE_1_PERFORMING,0.94%,4.7x,NANDI_HILLS
2025-10-31,STR-LN-102330,TKN-SHA256-CDF01912,Mary Siele,ID-HASH-E325CCEB3E,BOSA-NRM,Development Loan Normal,1050000.00,565000.00,37000.00,0,STAGE_1_PERFORMING,0.83%,3.8x,ELDORET_BR
2025-10-31,STR-LN-102331,TKN-SHA256-F859FFBB,John Njoroge,ID-HASH-2CA907FA10,AGRI-TEA,Tea & Coffee Farm Development,275000.00,196000.00,9500.00,0,STAGE_1_PERFORMING,0.22%,2.7x,WESTLANDS
2025-10-31,STR-LN-102332,TKN-SHA256-BEE8A3F4,Mercy Kariuki,ID-HASH-7BCCEA178E,ASSET-FIN,Vehicle & Asset Finance,4125000.00,3850000.00,144500.00,12,STAGE_1_EARLY_WATCH,4.38%,1.3x,KISUMU_BR
2025-10-31,STR-LN-102333,TKN-SHA256-B42D9BE5,Alice Cheruiyot,ID-HASH-3363F448B3,BOSA-SCH,School Fees Advance,65000.00,61000.00,2500.00,31,STAGE_2_UNDERPERFORMING,12.55%,4.4x,MOMBASA_BR
2025-10-31,STR-LN-102334,TKN-SHA256-A7CEC262,Catherine Mwangi,ID-HASH-9060148712,BOSA-SCH,School Fees Advance,105000.00,97000.00,3500.00,0,STAGE_1_PERFORMING,0.30%,4.8x,KERICHO_CENTRAL
2025-10-31,STR-LN-102335,TKN-SHA256-008CEC79,Philemon Wambui,ID-HASH-79FBB1E219,ASSET-FIN,Vehicle & Asset Finance,2845000.00,885000.00,99500.00,0,STAGE_1_PERFORMING,0.50%,1.8x,MOMBASA_BR
2025-10-31,STR-LN-102336,TKN-SHA256-5FDBCA73,Stephen Wanjiku,ID-HASH-148D88921A,ASSET-FIN,Vehicle & Asset Finance,4370000.00,1370000.00,153000.00,0,STAGE_1_PERFORMING,0.78%,1.5x,NAKURU_BR
2025-10-31,STR-LN-102337,TKN-SHA256-8B5C60C4,Alice Ochieng,ID-HASH-95D7131271,MSME-WCP,Business Working Capital,445000.00,293000.00,15500.00,0,STAGE_1_PERFORMING,0.24%,2.4x,BOMET_BRANCH
2025-10-31,STR-LN-102338,TKN-SHA256-D594A625,Fatuma Bett,ID-HASH-2D90B07B4A,ASSET-FIN,Vehicle & Asset Finance,2770000.00,1714000.00,97000.00,0,STAGE_1_PERFORMING,0.25%,2.0x,UPPER_HILL
2025-10-31,STR-LN-102339,TKN-SHA256-58B3C4FE,Peter Njoroge,ID-HASH-335191D574,ASSET-FIN,Vehicle & Asset Finance,4730000.00,3848000.00,165500.00,0,STAGE_1_PERFORMING,0.76%,1.6x,HQ_NAIROBI
2025-10-31,STR-LN-102340,TKN-SHA256-7929DAB5,Peter Mwangi,ID-HASH-0A22FCCC56,MSME-WCP,Business Working Capital,270000.00,115000.00,9500.00,0,STAGE_1_PERFORMING,0.89%,2.2x,KERICHO_CENTRAL
2025-10-31,STR-LN-102341,TKN-SHA256-C38C347A,Kiprono Mwangi,ID-HASH-5EAC12D44C,BOSA-NRM,Development Loan Normal,3480000.00,1477000.00,122000.00,7,STAGE_1_EARLY_WATCH,1.79%,2.6x,UPPER_HILL
2025-10-31,STR-LN-102342,TKN-SHA256-C9F3E513,Wesley Cheruiyot,ID-HASH-9EA765EBFB,MSME-WCP,Business Working Capital,1615000.00,1383000.00,56500.00,0,STAGE_1_PERFORMING,0.84%,1.8x,HQ_NAIROBI
2025-10-31,STR-LN-102343,TKN-SHA256-4974B012,Gladys Wambui,ID-HASH-7BA8401CE8,MSME-WCP,Business Working Capital,885000.00,546000.00,31000.00,0,STAGE_1_PERFORMING,0.69%,2.3x,HQ_NAIROBI
2025-10-31,STR-LN-102344,TKN-SHA256-392FFC3F,David Gitonga,ID-HASH-EC1016343F,BOSA-SCH,School Fees Advance,180000.00,48000.00,6500.00,0,STAGE_1_PERFORMING,0.18%,5.1x,KISUMU_BR
2025-10-31,STR-LN-102345,TKN-SHA256-0167C480,John Bett,ID-HASH-C71BE57DDF,ASSET-FIN,Vehicle & Asset Finance,4220000.00,1016000.00,147500.00,0,STAGE_1_PERFORMING,0.62%,1.7x,MOMBASA_BR
2025-10-31,STR-LN-102346,TKN-SHA256-7493E9EB,David Kiptoo,ID-HASH-551D81E241,ASSET-FIN,Vehicle & Asset Finance,3095000.00,1582000.00,108500.00,0,STAGE_1_PERFORMING,0.48%,1.9x,BOMET_BRANCH
2025-10-31,STR-LN-102347,TKN-SHA256-4F63B14D,Alice Mwangi,ID-HASH-9EF30D2586,ASSET-FIN,Vehicle & Asset Finance,4010000.00,2437000.00,140500.00,0,STAGE_1_PERFORMING,0.93%,1.7x,ELDORET_BR
2025-10-31,STR-LN-102348,TKN-SHA256-28CA9B34,Geoffrey Langat,ID-HASH-E67ACDD538,BOSA-EMG,Emergency Medical Facility,115000.00,95000.00,4000.00,0,STAGE_1_PERFORMING,0.22%,3.2x,BOMET_BRANCH
2025-10-31,STR-LN-102349,TKN-SHA256-99227C20,Stephen Korir,ID-HASH-4B2B77E69C,BOSA-EMG,Emergency Medical Facility,230000.00,218000.00,8000.00,0,STAGE_1_PERFORMING,0.32%,2.7x,HQ_NAIROBI
2025-10-31,STR-LN-102350,TKN-SHA256-88C9D6B0,Beatrice Hassan,ID-HASH-80F06A8014,BOSA-SCH,School Fees Advance,190000.00,106000.00,6500.00,0,STAGE_1_PERFORMING,0.35%,4.5x,WESTLANDS
2025-10-31,STR-LN-102351,TKN-SHA256-559D8444,Alice Ochieng,ID-HASH-F61F38370E,BOSA-SCH,School Fees Advance,175000.00,116000.00,6000.00,0,STAGE_1_PERFORMING,0.79%,4.7x,KISUMU_BR
2025-10-31,STR-LN-102352,TKN-SHA256-5BED2E9C,Kiprono Cheruiyot,ID-HASH-9EFD97F897,BOSA-SCH,School Fees Advance,245000.00,97000.00,8500.00,0,STAGE_1_PERFORMING,0.37%,4.3x,UPPER_HILL
2025-10-31,STR-LN-102353,TKN-SHA256-18289686,Catherine Rono,ID-HASH-ADC57872AA,ASSET-FIN,Vehicle & Asset Finance,3400000.00,2196000.00,119000.00,0,STAGE_1_PERFORMING,0.63%,1.9x,BOMET_BRANCH
2025-10-31,STR-LN-102354,TKN-SHA256-4F90D451,Geoffrey Omondi,ID-HASH-FAB5D3274E,FOSA-ADV,Salary Advance 30D,50000.00,18000.00,2000.00,0,STAGE_1_PERFORMING,0.36%,1.6x,HQ_NAIROBI
2025-10-31,STR-LN-102355,TKN-SHA256-533CEDF2,Tabitha Langat,ID-HASH-E7AA528AC4,AGRI-TEA,Tea & Coffee Farm Development,430000.00,298000.00,15000.00,11,STAGE_1_EARLY_WATCH,2.73%,2.8x,WESTLANDS
2025-10-31,STR-LN-102356,TKN-SHA256-3E277768,Stephen Ali,ID-HASH-966349C7F1,BOSA-SCH,School Fees Advance,145000.00,113000.00,5000.00,0,STAGE_1_PERFORMING,0.92%,4.8x,UPPER_HILL
2025-10-31,STR-LN-102357,TKN-SHA256-7873CD50,Geoffrey Mwangi,ID-HASH-81BDD3650D,BOSA-NRM,Development Loan Normal,2900000.00,2502000.00,101500.00,0,STAGE_1_PERFORMING,0.40%,3.2x,BOMET_BRANCH
2025-10-31,STR-LN-102358,TKN-SHA256-EAFA69C4,Mary Cheruiyot,ID-HASH-AB2B960D01,BOSA-EMG,Emergency Medical Facility,160000.00,134000.00,5500.00,0,STAGE_1_PERFORMING,0.79%,2.9x,KISUMU_BR
2025-10-31,STR-LN-102359,TKN-SHA256-0438084F,Geoffrey Otieno,ID-HASH-122BA3FC66,FOSA-ADV,Salary Advance 30D,145000.00,45000.00,5000.00,0,STAGE_1_PERFORMING,0.75%,1.3x,MOMBASA_BR
2025-10-31,STR-LN-102360,TKN-SHA256-4EA32454,Geoffrey Siele,ID-HASH-D05BB83677,BOSA-SCH,School Fees Advance,175000.00,110000.00,6000.00,0,STAGE_1_PERFORMING,0.88%,3.3x,ELDORET_BR
2025-10-31,STR-LN-102361,TKN-SHA256-C3AEE347,John Sang,ID-HASH-384DD480EA,BOSA-NRM,Development Loan Normal,1735000.00,1273000.00,60500.00,0,STAGE_1_PERFORMING,0.18%,3.0x,KERICHO_CENTRAL
2025-10-31,STR-LN-102362,TKN-SHA256-F480142B,Grace Bett,ID-HASH-4F8C22A0DE,BOSA-SCH,School Fees Advance,225000.00,95000.00,8000.00,0,STAGE_1_PERFORMING,0.43%,3.7x,NAKURU_BR
2025-10-31,STR-LN-102363,TKN-SHA256-55000ED2,Emmanuel Korir,ID-HASH-BCC1C93AC3,ASSET-FIN,Vehicle & Asset Finance,2495000.00,1933000.00,87500.00,32,STAGE_2_UNDERPERFORMING,14.40%,1.9x,WESTLANDS
2025-10-31,STR-LN-102364,TKN-SHA256-F6F3AEBE,Tabitha Ali,ID-HASH-8D099A2464,ASSET-FIN,Vehicle & Asset Finance,2515000.00,1179000.00,88000.00,0,STAGE_1_PERFORMING,0.45%,1.3x,MOMBASA_BR
2025-10-31,STR-LN-102365,TKN-SHA256-7DCB5342,Bernard Sang,ID-HASH-042CB31695,BOSA-EMG,Emergency Medical Facility,225000.00,203000.00,8000.00,0,STAGE_1_PERFORMING,0.20%,3.0x,UPPER_HILL
2025-10-31,STR-LN-102366,TKN-SHA256-55AA41B1,Mary Mwangi,ID-HASH-48423A7670,FOSA-ADV,Salary Advance 30D,125000.00,46000.00,4500.00,0,STAGE_1_PERFORMING,0.84%,1.4x,NANDI_HILLS
2025-10-31,STR-LN-102367,TKN-SHA256-463A1C51,Catherine Cheruiyot,ID-HASH-BB21F1B4ED,MSME-WCP,Business Working Capital,1445000.00,514000.00,50500.00,0,STAGE_1_PERFORMING,0.93%,2.0x,NAKURU_BR
2025-10-31,STR-LN-102368,TKN-SHA256-71F96712,Kiprono Wambui,ID-HASH-BD981A609D,MSME-WCP,Business Working Capital,1080000.00,823000.00,38000.00,0,STAGE_1_PERFORMING,0.84%,2.5x,BOMET_BRANCH
2025-10-31,STR-LN-102369,TKN-SHA256-B83858C5,Mary Rono,ID-HASH-EF559C8451,BOSA-EMG,Emergency Medical Facility,275000.00,60000.00,9500.00,0,STAGE_1_PERFORMING,0.45%,2.7x,UPPER_HILL
2025-10-31,STR-LN-102370,TKN-SHA256-2B03BE51,Philemon Kiptoo,ID-HASH-E92104F921,FOSA-ADV,Salary Advance 30D,95000.00,65000.00,3500.00,0,STAGE_1_PERFORMING,0.73%,1.4x,WESTLANDS
2025-10-31,STR-LN-102371,TKN-SHA256-DECDEB54,Mary Ochieng,ID-HASH-BFEDAFD08C,FOSA-ADV,Salary Advance 30D,25000.00,12000.00,1000.00,0,STAGE_1_PERFORMING,0.54%,1.5x,KERICHO_CENTRAL
2025-10-31,STR-LN-102372,TKN-SHA256-51E7CF46,Geoffrey Sang,ID-HASH-BBFAA0D7A0,BOSA-SCH,School Fees Advance,150000.00,64000.00,5500.00,0,STAGE_1_PERFORMING,0.70%,3.8x,UPPER_HILL
2025-10-31,STR-LN-102373,TKN-SHA256-A4BBDC34,Samuel Gitonga,ID-HASH-BDB39C77BA,AGRI-TEA,Tea & Coffee Farm Development,450000.00,155000.00,16000.00,0,STAGE_1_PERFORMING,0.95%,3.6x,BOMET_BRANCH
2025-10-31,STR-LN-102374,TKN-SHA256-02492994,Cosmas Kiptoo,ID-HASH-EFA27B0899,AGRI-TEA,Tea & Coffee Farm Development,535000.00,331000.00,18500.00,0,STAGE_1_PERFORMING,0.66%,3.3x,UPPER_HILL
2025-10-31,STR-LN-102375,TKN-SHA256-850E4429,Cosmas Kariuki,ID-HASH-6CCD40225F,BOSA-SCH,School Fees Advance,65000.00,21000.00,2500.00,0,STAGE_1_PERFORMING,0.66%,2.9x,MOMBASA_BR
2025-10-31,STR-LN-102376,TKN-SHA256-0D0E0300,Stephen Cheruiyot,ID-HASH-C9C8063B7E,MSME-WCP,Business Working Capital,1500000.00,1286000.00,52500.00,0,STAGE_1_PERFORMING,0.63%,2.6x,MOMBASA_BR
2025-10-31,STR-LN-102377,TKN-SHA256-69DF1B92,Samuel Ochieng,ID-HASH-BE24315308,FOSA-ADV,Salary Advance 30D,110000.00,44000.00,4000.00,0,STAGE_1_PERFORMING,0.55%,1.1x,BOMET_BRANCH
2025-10-31,STR-LN-102378,TKN-SHA256-3D2D0586,Hassan Ruto,ID-HASH-C3B5F17533,AGRI-TEA,Tea & Coffee Farm Development,515000.00,333000.00,18000.00,102,STAGE_3_NON_PERFORMING,29.11%,3.2x,WESTLANDS
2025-10-31,STR-LN-102379,TKN-SHA256-248A3344,Samuel Sang,ID-HASH-7A1389D96A,ASSET-FIN,Vehicle & Asset Finance,4925000.00,3933000.00,172500.00,0,STAGE_1_PERFORMING,0.94%,2.0x,NAKURU_BR
2025-10-31,STR-LN-102380,TKN-SHA256-A0619B87,Fatuma Omondi,ID-HASH-ED8B1A8B46,BOSA-EMG,Emergency Medical Facility,170000.00,128000.00,6000.00,0,STAGE_1_PERFORMING,0.61%,2.7x,KISUMU_BR
2025-10-31,STR-LN-102381,TKN-SHA256-7730DE8F,Stephen Gitonga,ID-HASH-1128B2F564,FOSA-ADV,Salary Advance 30D,75000.00,55000.00,2500.00,59,STAGE_2_UNDERPERFORMING,5.63%,1.3x,KISUMU_BR
2025-10-31,STR-LN-102382,TKN-SHA256-C9BDD997,Dennis Ruto,ID-HASH-CA5895C465,BOSA-NRM,Development Loan Normal,1085000.00,225000.00,38000.00,0,STAGE_1_PERFORMING,0.32%,2.9x,HQ_NAIROBI
2025-10-31,STR-LN-102383,TKN-SHA256-E1EFCE15,Mercy Hassan,ID-HASH-8ACEEA1467,FOSA-ADV,Salary Advance 30D,55000.00,26000.00,2000.00,0,STAGE_1_PERFORMING,0.17%,1.6x,NAKURU_BR
2025-10-31,STR-LN-102384,TKN-SHA256-8527D12A,Kiprono Kimani,ID-HASH-BD41D1DBCE,FOSA-ADV,Salary Advance 30D,85000.00,52000.00,3000.00,73,STAGE_2_UNDERPERFORMING,13.47%,1.3x,HQ_NAIROBI
2025-10-31,STR-LN-102385,TKN-SHA256-86E46797,Catherine Cheruiyot,ID-HASH-5910ECB69C,ASSET-FIN,Vehicle & Asset Finance,2735000.00,1067000.00,95500.00,0,STAGE_1_PERFORMING,0.36%,1.2x,NAKURU_BR
2025-10-31,STR-LN-102386,TKN-SHA256-36E6D677,Gladys Ruto,ID-HASH-C9423096A5,ASSET-FIN,Vehicle & Asset Finance,2095000.00,570000.00,73500.00,0,STAGE_1_PERFORMING,0.87%,1.7x,NAKURU_BR
2025-10-31,STR-LN-102387,TKN-SHA256-AF5927B7,Geoffrey Mutua,ID-HASH-A6398FBC30,BOSA-SCH,School Fees Advance,215000.00,47000.00,7500.00,46,STAGE_2_UNDERPERFORMING,13.82%,3.2x,HQ_NAIROBI
2025-10-31,STR-LN-102388,TKN-SHA256-550D6493,Samuel Korir,ID-HASH-926F2746F6,BOSA-SCH,School Fees Advance,215000.00,187000.00,7500.00,59,STAGE_2_UNDERPERFORMING,12.62%,3.1x,ELDORET_BR
2025-10-31,STR-LN-102389,TKN-SHA256-21ED4384,Dennis Wanjiku,ID-HASH-277C5F0418,BOSA-NRM,Development Loan Normal,1755000.00,950000.00,61500.00,33,STAGE_2_UNDERPERFORMING,13.37%,2.5x,ELDORET_BR
2025-10-31,STR-LN-102390,TKN-SHA256-4D9FA72D,Wesley Mwangi,ID-HASH-CF4626F5D4,AGRI-TEA,Tea & Coffee Farm Development,375000.00,130000.00,13000.00,0,STAGE_1_PERFORMING,0.56%,3.1x,NAKURU_BR
2025-10-31,STR-LN-102391,TKN-SHA256-B11E3090,Jane Ruto,ID-HASH-0033B40DB8,AGRI-TEA,Tea & Coffee Farm Development,730000.00,682000.00,25500.00,0,STAGE_1_PERFORMING,0.29%,2.9x,NANDI_HILLS
2025-10-31,STR-LN-102392,TKN-SHA256-3902A8C9,Kiprono Otieno,ID-HASH-8A78B04E2E,AGRI-TEA,Tea & Coffee Farm Development,490000.00,317000.00,17000.00,0,STAGE_1_PERFORMING,0.23%,2.8x,UPPER_HILL
2025-10-31,STR-LN-102393,TKN-SHA256-E471CD88,Philemon Cheruiyot,ID-HASH-B463F621DE,FOSA-ADV,Salary Advance 30D,100000.00,60000.00,3500.00,0,STAGE_1_PERFORMING,0.64%,1.2x,KERICHO_CENTRAL
2025-10-31,STR-LN-102394,TKN-SHA256-EF0EF89A,Hassan Mutua,ID-HASH-9ABF0252A6,AGRI-TEA,Tea & Coffee Farm Development,715000.00,306000.00,25000.00,0,STAGE_1_PERFORMING,0.68%,3.5x,UPPER_HILL
2025-10-31,STR-LN-102395,TKN-SHA256-E5D23134,Grace Korir,ID-HASH-1C81A3D945,BOSA-SCH,School Fees Advance,195000.00,79000.00,7000.00,0,STAGE_1_PERFORMING,0.21%,4.8x,KISUMU_BR
2025-10-31,STR-LN-102396,TKN-SHA256-73F2683D,John Wambui,ID-HASH-124D481D0A,FOSA-ADV,Salary Advance 30D,150000.00,59000.00,5500.00,0,STAGE_1_PERFORMING,0.44%,1.6x,NANDI_HILLS
2025-10-31,STR-LN-102397,TKN-SHA256-79D8A2B9,Jane Kiptoo,ID-HASH-5ADAFC70B7,AGRI-TEA,Tea & Coffee Farm Development,280000.00,235000.00,10000.00,0,STAGE_1_PERFORMING,0.28%,3.7x,MOMBASA_BR
2025-10-31,STR-LN-102398,TKN-SHA256-2B187295,Fatuma Koech,ID-HASH-9B574CC873,BOSA-SCH,School Fees Advance,190000.00,170000.00,6500.00,0,STAGE_1_PERFORMING,0.49%,5.0x,KISUMU_BR
2025-10-31,STR-LN-102399,TKN-SHA256-A629977E,Jane Wambui,ID-HASH-195DBD0E16,FOSA-ADV,Salary Advance 30D,110000.00,85000.00,4000.00,0,STAGE_1_PERFORMING,0.92%,1.2x,ELDORET_BR
2025-10-31,STR-LN-102400,TKN-SHA256-6603742C,Alice Mwangi,ID-HASH-2F4F05E579,ASSET-FIN,Vehicle & Asset Finance,3570000.00,1125000.00,125000.00,0,STAGE_1_PERFORMING,0.49%,1.4x,UPPER_HILL
2025-10-31,STR-LN-102401,TKN-SHA256-A84C0112,Peter Ruto,ID-HASH-122CC3CA7C,MSME-WCP,Business Working Capital,1705000.00,771000.00,59500.00,0,STAGE_1_PERFORMING,0.86%,1.7x,KISUMU_BR
2025-10-31,STR-LN-102402,TKN-SHA256-5DDD90B9,Gladys Ali,ID-HASH-E09739CBB0,ASSET-FIN,Vehicle & Asset Finance,3940000.00,1580000.00,138000.00,27,STAGE_1_EARLY_WATCH,1.39%,1.4x,WESTLANDS
2025-10-31,STR-LN-102403,TKN-SHA256-B8ED8634,Cosmas Bett,ID-HASH-EA1E94878F,BOSA-SCH,School Fees Advance,145000.00,104000.00,5000.00,97,STAGE_3_NON_PERFORMING,42.15%,4.6x,NAKURU_BR
2025-10-31,STR-LN-102404,TKN-SHA256-9A64743C,Philemon Chebet,ID-HASH-E97CF740F4,AGRI-TEA,Tea & Coffee Farm Development,395000.00,71000.00,14000.00,7,STAGE_1_EARLY_WATCH,3.93%,3.1x,BOMET_BRANCH
2025-10-31,STR-LN-102405,TKN-SHA256-384DA597,David Kiptoo,ID-HASH-F31EC6E4A0,ASSET-FIN,Vehicle & Asset Finance,4410000.00,3090000.00,154500.00,0,STAGE_1_PERFORMING,0.24%,1.8x,NAKURU_BR
2025-10-31,STR-LN-102406,TKN-SHA256-C553E97A,Alice Mwangi,ID-HASH-2EE1124742,AGRI-TEA,Tea & Coffee Farm Development,320000.00,201000.00,11000.00,0,STAGE_1_PERFORMING,0.68%,3.6x,KERICHO_CENTRAL
2025-10-31,STR-LN-102407,TKN-SHA256-C1E905D8,Philemon Kamau,ID-HASH-8F834A8C67,MSME-WCP,Business Working Capital,370000.00,103000.00,13000.00,0,STAGE_1_PERFORMING,0.73%,2.6x,BOMET_BRANCH
2025-10-31,STR-LN-102408,TKN-SHA256-659BF7D0,Bernard Cheruiyot,ID-HASH-70AF936E13,BOSA-SCH,School Fees Advance,75000.00,54000.00,2500.00,0,STAGE_1_PERFORMING,0.86%,4.6x,UPPER_HILL
2025-10-31,STR-LN-102409,TKN-SHA256-27EA1AFF,Alice Wambui,ID-HASH-64E52B3476,ASSET-FIN,Vehicle & Asset Finance,2740000.00,2193000.00,96000.00,0,STAGE_1_PERFORMING,0.78%,2.0x,NANDI_HILLS
2025-10-31,STR-LN-102410,TKN-SHA256-98E2C24A,John Bett,ID-HASH-500BBB04FF,BOSA-EMG,Emergency Medical Facility,270000.00,137000.00,9500.00,0,STAGE_1_PERFORMING,0.73%,3.1x,KERICHO_CENTRAL
2025-10-31,STR-LN-102411,TKN-SHA256-B863DBEC,Emmanuel Ruto,ID-HASH-BA450DD483,FOSA-ADV,Salary Advance 30D,35000.00,12000.00,1000.00,0,STAGE_1_PERFORMING,0.37%,1.1x,ELDORET_BR
2025-10-31,STR-LN-102412,TKN-SHA256-069ACB77,Beatrice Ruto,ID-HASH-E66ED2F90F,FOSA-ADV,Salary Advance 30D,45000.00,10000.00,1500.00,0,STAGE_1_PERFORMING,0.85%,0.9x,WESTLANDS
2025-10-31,STR-LN-102413,TKN-SHA256-3BB56D75,Kiprono Hassan,ID-HASH-ECA520CA62,MSME-WCP,Business Working Capital,1290000.00,964000.00,45000.00,33,STAGE_2_UNDERPERFORMING,9.07%,2.1x,KERICHO_CENTRAL
2025-10-31,STR-LN-102414,TKN-SHA256-A66019AF,Cosmas Hassan,ID-HASH-C7F7098370,MSME-WCP,Business Working Capital,1140000.00,237000.00,40000.00,56,STAGE_2_UNDERPERFORMING,13.07%,1.9x,ELDORET_BR
2025-10-31,STR-LN-102415,TKN-SHA256-88223F00,Geoffrey Otieno,ID-HASH-21DDA71B58,FOSA-ADV,Salary Advance 30D,150000.00,126000.00,5500.00,0,STAGE_1_PERFORMING,0.27%,1.4x,KISUMU_BR
2025-10-31,STR-LN-102416,TKN-SHA256-A8BB3600,Dennis Otieno,ID-HASH-681F0A2564,BOSA-SCH,School Fees Advance,210000.00,187000.00,7500.00,0,STAGE_1_PERFORMING,0.76%,4.0x,NANDI_HILLS
2025-10-31,STR-LN-102417,TKN-SHA256-63FE026B,Cosmas Ruto,ID-HASH-2897B50BA8,ASSET-FIN,Vehicle & Asset Finance,1920000.00,537000.00,67000.00,11,STAGE_1_EARLY_WATCH,3.33%,1.5x,NANDI_HILLS
2025-10-31,STR-LN-102418,TKN-SHA256-6E6C3823,Fatuma Rono,ID-HASH-227C61DF12,MSME-WCP,Business Working Capital,1660000.00,1214000.00,58000.00,53,STAGE_2_UNDERPERFORMING,6.85%,2.6x,NANDI_HILLS
2025-10-31,STR-LN-102419,TKN-SHA256-8650D2A7,Beatrice Mutua,ID-HASH-7030072FE6,MSME-WCP,Business Working Capital,1695000.00,1599000.00,59500.00,0,STAGE_1_PERFORMING,0.57%,2.0x,KERICHO_CENTRAL
2025-10-31,STR-LN-102420,TKN-SHA256-8AB665F6,Mary Rono,ID-HASH-798EA030AB,BOSA-SCH,School Fees Advance,90000.00,57000.00,3000.00,0,STAGE_1_PERFORMING,0.71%,4.0x,UPPER_HILL
2025-10-31,STR-LN-102421,TKN-SHA256-B99C7005,Samuel Korir,ID-HASH-26B044BE39,ASSET-FIN,Vehicle & Asset Finance,2520000.00,583000.00,88000.00,0,STAGE_1_PERFORMING,0.80%,1.5x,HQ_NAIROBI
2025-10-31,STR-LN-102422,TKN-SHA256-58494F28,Cosmas Kamau,ID-HASH-76CEF9C973,BOSA-EMG,Emergency Medical Facility,155000.00,62000.00,5500.00,0,STAGE_1_PERFORMING,0.21%,2.8x,KISUMU_BR
2025-10-31,STR-LN-102423,TKN-SHA256-33B4E99E,Bernard Kamau,ID-HASH-AF4491B1DC,ASSET-FIN,Vehicle & Asset Finance,1515000.00,590000.00,53000.00,0,STAGE_1_PERFORMING,0.66%,1.2x,NANDI_HILLS
2025-10-31,STR-LN-102424,TKN-SHA256-3D25DE19,Fatuma Bett,ID-HASH-9CF3E7093D,MSME-WCP,Business Working Capital,835000.00,366000.00,29000.00,79,STAGE_2_UNDERPERFORMING,13.24%,2.2x,MOMBASA_BR
2025-10-31,STR-LN-102425,TKN-SHA256-BF2B446F,Mary Ali,ID-HASH-0A990EAB93,AGRI-TEA,Tea & Coffee Farm Development,285000.00,134000.00,10000.00,0,STAGE_1_PERFORMING,0.79%,3.4x,NAKURU_BR
2025-10-31,STR-LN-102426,TKN-SHA256-6E2FF17E,Hassan Mwangi,ID-HASH-E5F4457C78,AGRI-TEA,Tea & Coffee Farm Development,395000.00,310000.00,14000.00,6,STAGE_1_EARLY_WATCH,2.96%,3.4x,NANDI_HILLS
2025-10-31,STR-LN-102427,TKN-SHA256-5C68D1CC,Stephen Ali,ID-HASH-C7043AD383,AGRI-TEA,Tea & Coffee Farm Development,990000.00,922000.00,34500.00,0,STAGE_1_PERFORMING,0.57%,3.5x,HQ_NAIROBI
2025-10-31,STR-LN-102428,TKN-SHA256-B296374A,Hassan Kiptoo,ID-HASH-8952EECA22,AGRI-TEA,Tea & Coffee Farm Development,800000.00,524000.00,28000.00,65,STAGE_2_UNDERPERFORMING,6.39%,2.4x,KISUMU_BR
2025-10-31,STR-LN-102429,TKN-SHA256-9708130C,Grace Omondi,ID-HASH-05CCA028B2,AGRI-TEA,Tea & Coffee Farm Development,840000.00,529000.00,29500.00,0,STAGE_1_PERFORMING,0.62%,2.9x,HQ_NAIROBI
2025-10-31,STR-LN-102430,TKN-SHA256-98250A71,Wesley Otieno,ID-HASH-D090E99923,BOSA-EMG,Emergency Medical Facility,290000.00,44000.00,10000.00,0,STAGE_1_PERFORMING,0.39%,2.5x,WESTLANDS
2025-10-31,STR-LN-102431,TKN-SHA256-9C404358,Gladys Langat,ID-HASH-DDF282099C,MSME-WCP,Business Working Capital,710000.00,586000.00,25000.00,0,STAGE_1_PERFORMING,0.42%,1.5x,ELDORET_BR
2025-10-31,STR-LN-102432,TKN-SHA256-CC14490A,Mary Kimani,ID-HASH-E369DCCBC1,BOSA-SCH,School Fees Advance,90000.00,79000.00,3000.00,0,STAGE_1_PERFORMING,0.78%,5.1x,KISUMU_BR
2025-10-31,STR-LN-102433,TKN-SHA256-EF5D4EBD,Geoffrey Gitonga,ID-HASH-87176B9413,BOSA-NRM,Development Loan Normal,3350000.00,941000.00,117500.00,0,STAGE_1_PERFORMING,0.83%,4.1x,BOMET_BRANCH
2025-10-31,STR-LN-102434,TKN-SHA256-6DB086C5,Grace Rono,ID-HASH-8ADBBD76A4,BOSA-NRM,Development Loan Normal,930000.00,667000.00,32500.00,0,STAGE_1_PERFORMING,0.88%,4.2x,MOMBASA_BR
2025-10-31,STR-LN-102435,TKN-SHA256-4D0BB2C7,Catherine Wanjiku,ID-HASH-0794A37723,BOSA-EMG,Emergency Medical Facility,150000.00,121000.00,5500.00,10,STAGE_1_EARLY_WATCH,2.90%,2.9x,KERICHO_CENTRAL
2025-10-31,STR-LN-102436,TKN-SHA256-A175E7A4,Mercy Bett,ID-HASH-FBF7FECB92,ASSET-FIN,Vehicle & Asset Finance,2060000.00,816000.00,72000.00,0,STAGE_1_PERFORMING,0.29%,1.9x,BOMET_BRANCH
2025-10-31,STR-LN-102437,TKN-SHA256-A5F5A70E,James Koech,ID-HASH-F66B4AC60F,BOSA-SCH,School Fees Advance,45000.00,19000.00,1500.00,0,STAGE_1_PERFORMING,0.16%,3.5x,UPPER_HILL
2025-10-31,STR-LN-102438,TKN-SHA256-830A8046,Hassan Ali,ID-HASH-C689A57CB6,BOSA-SCH,School Fees Advance,150000.00,66000.00,5500.00,0,STAGE_1_PERFORMING,0.19%,4.6x,MOMBASA_BR
2025-10-31,STR-LN-102439,TKN-SHA256-3C159B95,Mary Ochieng,ID-HASH-4CBA1FF31A,FOSA-ADV,Salary Advance 30D,90000.00,23000.00,3000.00,0,STAGE_1_PERFORMING,0.53%,1.6x,UPPER_HILL
2025-10-31,STR-LN-102440,TKN-SHA256-7CCD41CE,Gladys Ali,ID-HASH-A8DDA0AA26,AGRI-TEA,Tea & Coffee Farm Development,450000.00,299000.00,16000.00,0,STAGE_1_PERFORMING,0.27%,3.1x,KERICHO_CENTRAL
2025-10-31,STR-LN-102441,TKN-SHA256-0CC1E841,Samuel Ochieng,ID-HASH-E2ABCC539D,BOSA-NRM,Development Loan Normal,3350000.00,2011000.00,117500.00,0,STAGE_1_PERFORMING,0.89%,2.9x,KERICHO_CENTRAL
2025-10-31,STR-LN-102442,TKN-SHA256-DD228937,Catherine Chebet,ID-HASH-A86D3F9691,BOSA-EMG,Emergency Medical Facility,110000.00,95000.00,4000.00,0,STAGE_1_PERFORMING,0.82%,2.5x,NAKURU_BR
2025-10-31,STR-LN-102443,TKN-SHA256-A0D5A532,Emmanuel Wanjiku,ID-HASH-A3441FABB2,FOSA-ADV,Salary Advance 30D,60000.00,16000.00,2000.00,0,STAGE_1_PERFORMING,0.19%,1.0x,BOMET_BRANCH
2025-10-31,STR-LN-102444,TKN-SHA256-6E21DCF3,Dennis Ali,ID-HASH-11888B8FDA,BOSA-NRM,Development Loan Normal,3445000.00,3098000.00,120500.00,5,STAGE_1_EARLY_WATCH,2.02%,4.0x,NANDI_HILLS
2025-10-31,STR-LN-102445,TKN-SHA256-AB703364,Samuel Ali,ID-HASH-F540D86598,AGRI-TEA,Tea & Coffee Farm Development,770000.00,209000.00,27000.00,67,STAGE_2_UNDERPERFORMING,11.86%,2.7x,ELDORET_BR
2025-10-31,STR-LN-102446,TKN-SHA256-AA7B6C8F,Wesley Gitonga,ID-HASH-F451A41037,BOSA-EMG,Emergency Medical Facility,180000.00,122000.00,6500.00,0,STAGE_1_PERFORMING,0.60%,2.6x,WESTLANDS
2025-10-31,STR-LN-102447,TKN-SHA256-DD0DACE9,Beatrice Omondi,ID-HASH-F1087F2696,BOSA-EMG,Emergency Medical Facility,175000.00,105000.00,6000.00,0,STAGE_1_PERFORMING,0.66%,2.5x,UPPER_HILL
2025-10-31,STR-LN-102448,TKN-SHA256-C955ACCA,Alice Wambui,ID-HASH-AC47C8DA75,BOSA-NRM,Development Loan Normal,1860000.00,836000.00,65000.00,0,STAGE_1_PERFORMING,0.50%,3.1x,WESTLANDS
2025-10-31,STR-LN-102449,TKN-SHA256-450FD3B0,Lucy Omondi,ID-HASH-DE52E1AD96,FOSA-ADV,Salary Advance 30D,70000.00,36000.00,2500.00,0,STAGE_1_PERFORMING,0.40%,1.2x,ELDORET_BR
2025-10-31,STR-LN-102450,TKN-SHA256-A218C26B,Philemon Korir,ID-HASH-2AA4E2B2EA,BOSA-SCH,School Fees Advance,150000.00,82000.00,5500.00,0,STAGE_1_PERFORMING,0.19%,4.8x,MOMBASA_BR
2025-10-31,STR-LN-102451,TKN-SHA256-EA08DF14,Kiprono Cheruiyot,ID-HASH-A074829041,AGRI-TEA,Tea & Coffee Farm Development,300000.00,91000.00,10500.00,0,STAGE_1_PERFORMING,0.92%,3.2x,NAKURU_BR
2025-10-31,STR-LN-102452,TKN-SHA256-762327DF,Beatrice Cheruiyot,ID-HASH-8001F967D7,ASSET-FIN,Vehicle & Asset Finance,2975000.00,990000.00,104000.00,0,STAGE_1_PERFORMING,0.16%,1.9x,NANDI_HILLS
2025-10-31,STR-LN-102453,TKN-SHA256-1EEA429D,Mercy Cheruiyot,ID-HASH-21FCBBCF7B,ASSET-FIN,Vehicle & Asset Finance,3475000.00,1651000.00,121500.00,0,STAGE_1_PERFORMING,0.57%,1.2x,UPPER_HILL
2025-10-31,STR-LN-102454,TKN-SHA256-D775D638,James Hassan,ID-HASH-DF67D1CC86,BOSA-NRM,Development Loan Normal,1640000.00,561000.00,57500.00,0,STAGE_1_PERFORMING,0.75%,4.2x,ELDORET_BR
2025-10-31,STR-LN-102455,TKN-SHA256-0C07DFE7,Grace Langat,ID-HASH-B9BF694566,FOSA-ADV,Salary Advance 30D,115000.00,22000.00,4000.00,0,STAGE_1_PERFORMING,0.33%,1.0x,MOMBASA_BR
2025-10-31,STR-LN-102456,TKN-SHA256-EE76827A,James Kamau,ID-HASH-C9533CF50C,AGRI-TEA,Tea & Coffee Farm Development,1070000.00,969000.00,37500.00,0,STAGE_1_PERFORMING,0.56%,3.6x,KERICHO_CENTRAL
2025-10-31,STR-LN-102457,TKN-SHA256-4A0FF96C,Emmanuel Langat,ID-HASH-92FE9DBAA0,BOSA-NRM,Development Loan Normal,3325000.00,1597000.00,116500.00,16,STAGE_1_EARLY_WATCH,1.58%,3.9x,MOMBASA_BR
2025-10-31,STR-LN-102458,TKN-SHA256-FD197C16,Stephen Ali,ID-HASH-420CEE7C91,MSME-WCP,Business Working Capital,360000.00,232000.00,12500.00,0,STAGE_1_PERFORMING,0.34%,2.4x,KERICHO_CENTRAL
2025-10-31,STR-LN-102459,TKN-SHA256-2A361549,Catherine Omondi,ID-HASH-A38AFC597A,MSME-WCP,Business Working Capital,665000.00,390000.00,23500.00,35,STAGE_2_UNDERPERFORMING,12.03%,2.4x,NAKURU_BR
2025-10-31,STR-LN-102460,TKN-SHA256-BC1F4941,Cosmas Ochieng,ID-HASH-E1D786B6AB,BOSA-EMG,Emergency Medical Facility,225000.00,45000.00,8000.00,0,STAGE_1_PERFORMING,0.43%,2.2x,HQ_NAIROBI
2025-10-31,STR-LN-102461,TKN-SHA256-4BF759E5,Philemon Gitonga,ID-HASH-8B88305840,MSME-WCP,Business Working Capital,1745000.00,1604000.00,61000.00,29,STAGE_1_EARLY_WATCH,1.78%,1.6x,NAKURU_BR
2025-10-31,STR-LN-102462,TKN-SHA256-60427909,David Kamau,ID-HASH-991027B235,AGRI-TEA,Tea & Coffee Farm Development,230000.00,175000.00,8000.00,0,STAGE_1_PERFORMING,0.55%,2.3x,NANDI_HILLS
2025-10-31,STR-LN-102463,TKN-SHA256-186C00C3,Alice Omondi,ID-HASH-6C143D43FA,FOSA-ADV,Salary Advance 30D,95000.00,36000.00,3500.00,0,STAGE_1_PERFORMING,0.17%,1.5x,BOMET_BRANCH
2025-10-31,STR-LN-102464,TKN-SHA256-EEF022D8,David Cheruiyot,ID-HASH-B77071CE68,FOSA-ADV,Salary Advance 30D,130000.00,67000.00,4500.00,0,STAGE_1_PERFORMING,0.45%,1.1x,MOMBASA_BR
2025-10-31,STR-LN-102465,TKN-SHA256-4D4F0B7C,Wesley Achieng,ID-HASH-DEC48411C4,AGRI-TEA,Tea & Coffee Farm Development,745000.00,488000.00,26000.00,0,STAGE_1_PERFORMING,0.38%,3.7x,KERICHO_CENTRAL
2025-10-31,STR-LN-102466,TKN-SHA256-0C5544C9,Catherine Siele,ID-HASH-EF64B11B85,BOSA-EMG,Emergency Medical Facility,100000.00,68000.00,3500.00,0,STAGE_1_PERFORMING,0.64%,2.2x,MOMBASA_BR
2025-10-31,STR-LN-102467,TKN-SHA256-06A0855D,Dennis Kamau,ID-HASH-9B6EB31B19,BOSA-SCH,School Fees Advance,145000.00,52000.00,5000.00,0,STAGE_1_PERFORMING,0.53%,3.6x,NAKURU_BR
2025-10-31,STR-LN-102468,TKN-SHA256-27461DBD,Jane Ruto,ID-HASH-7A4BD2ED8C,MSME-WCP,Business Working Capital,615000.00,569000.00,21500.00,0,STAGE_1_PERFORMING,0.64%,1.6x,ELDORET_BR
2025-10-31,STR-LN-102469,TKN-SHA256-3DC5D177,Beatrice Ali,ID-HASH-B9A470A4CC,BOSA-SCH,School Fees Advance,170000.00,33000.00,6000.00,29,STAGE_1_EARLY_WATCH,2.38%,3.0x,UPPER_HILL
2025-10-31,STR-LN-102470,TKN-SHA256-91E849D8,Beatrice Cheruiyot,ID-HASH-CD4A5C7810,BOSA-SCH,School Fees Advance,50000.00,16000.00,2000.00,78,STAGE_2_UNDERPERFORMING,6.42%,3.9x,WESTLANDS
2025-10-31,STR-LN-102471,TKN-SHA256-8B031660,Kiprono Kamau,ID-HASH-4C0373C730,BOSA-EMG,Emergency Medical Facility,115000.00,91000.00,4000.00,0,STAGE_1_PERFORMING,0.30%,2.5x,WESTLANDS
2025-10-31,STR-LN-102472,TKN-SHA256-C4D92C4F,Hassan Mutua,ID-HASH-BD7D4FB07B,FOSA-ADV,Salary Advance 30D,50000.00,38000.00,2000.00,0,STAGE_1_PERFORMING,0.79%,1.0x,WESTLANDS
2025-10-31,STR-LN-102473,TKN-SHA256-EC584E91,Cosmas Bett,ID-HASH-248FA9C796,BOSA-EMG,Emergency Medical Facility,200000.00,116000.00,7000.00,0,STAGE_1_PERFORMING,0.20%,1.9x,NAKURU_BR
2025-10-31,STR-LN-102474,TKN-SHA256-10E4167F,Kiprono Langat,ID-HASH-007AD37FEB,ASSET-FIN,Vehicle & Asset Finance,1825000.00,1463000.00,64000.00,0,STAGE_1_PERFORMING,0.40%,1.6x,MOMBASA_BR
2025-10-31,STR-LN-102475,TKN-SHA256-1CEDBD97,Geoffrey Ruto,ID-HASH-674E106B02,BOSA-EMG,Emergency Medical Facility,270000.00,240000.00,9500.00,61,STAGE_2_UNDERPERFORMING,13.39%,2.0x,UPPER_HILL
2025-10-31,STR-LN-102476,TKN-SHA256-B20BAA38,David Achieng,ID-HASH-5A5FC7F54C,FOSA-ADV,Salary Advance 30D,55000.00,37000.00,2000.00,0,STAGE_1_PERFORMING,0.25%,1.5x,MOMBASA_BR
2025-10-31,STR-LN-102477,TKN-SHA256-A08207F9,Philemon Kiptoo,ID-HASH-ED9680CDA0,AGRI-TEA,Tea & Coffee Farm Development,1005000.00,837000.00,35000.00,0,STAGE_1_PERFORMING,0.63%,2.6x,KERICHO_CENTRAL
2025-10-31,STR-LN-102478,TKN-SHA256-E8DC9DCA,Geoffrey Mutua,ID-HASH-3BF9D2CAB8,AGRI-TEA,Tea & Coffee Farm Development,545000.00,225000.00,19000.00,0,STAGE_1_PERFORMING,0.31%,3.3x,NAKURU_BR
2025-10-31,STR-LN-102479,TKN-SHA256-8A89D559,Catherine Ochieng,ID-HASH-AEA9CC7698,MSME-WCP,Business Working Capital,605000.00,525000.00,21000.00,0,STAGE_1_PERFORMING,0.45%,2.2x,HQ_NAIROBI
2025-10-31,STR-LN-102480,TKN-SHA256-4B1ABD43,Geoffrey Gitonga,ID-HASH-F52AE7894C,MSME-WCP,Business Working Capital,915000.00,303000.00,32000.00,0,STAGE_1_PERFORMING,0.41%,1.9x,NAKURU_BR
2025-10-31,STR-LN-102481,TKN-SHA256-0097A2A7,Mary Rono,ID-HASH-FEDC0BA9C6,FOSA-ADV,Salary Advance 30D,85000.00,23000.00,3000.00,0,STAGE_1_PERFORMING,0.65%,1.5x,MOMBASA_BR
2025-10-31,STR-LN-102482,TKN-SHA256-291ECBC6,Kiprono Cheruiyot,ID-HASH-BC021C0700,MSME-WCP,Business Working Capital,310000.00,64000.00,11000.00,0,STAGE_1_PERFORMING,0.87%,1.9x,ELDORET_BR
2025-10-31,STR-LN-102483,TKN-SHA256-20CFF847,Tabitha Korir,ID-HASH-66477A7A16,ASSET-FIN,Vehicle & Asset Finance,1410000.00,844000.00,49500.00,0,STAGE_1_PERFORMING,0.74%,1.6x,ELDORET_BR
2025-10-31,STR-LN-102484,TKN-SHA256-122A9F72,John Kiptoo,ID-HASH-5AD6446F75,BOSA-SCH,School Fees Advance,60000.00,20000.00,2000.00,0,STAGE_1_PERFORMING,0.19%,3.9x,NAKURU_BR
2025-10-31,STR-LN-102485,TKN-SHA256-3E483E52,Cosmas Kimani,ID-HASH-400E0F6EB5,FOSA-ADV,Salary Advance 30D,20000.00,5000.00,500.00,0,STAGE_1_PERFORMING,0.95%,1.5x,NANDI_HILLS
2025-10-31,STR-LN-102486,TKN-SHA256-6D12E2D3,Hassan Korir,ID-HASH-9E73D352AB,MSME-WCP,Business Working Capital,1390000.00,1224000.00,48500.00,0,STAGE_1_PERFORMING,0.25%,2.3x,ELDORET_BR
2025-10-31,STR-LN-102487,TKN-SHA256-9C25D66F,Hassan Cheruiyot,ID-HASH-559DC17B7E,BOSA-SCH,School Fees Advance,200000.00,84000.00,7000.00,0,STAGE_1_PERFORMING,0.33%,4.6x,HQ_NAIROBI
2025-10-31,STR-LN-102488,TKN-SHA256-319FCA57,Cosmas Njoroge,ID-HASH-DCF07F92D2,ASSET-FIN,Vehicle & Asset Finance,1370000.00,523000.00,48000.00,10,STAGE_1_EARLY_WATCH,1.60%,1.8x,NAKURU_BR
2025-10-31,STR-LN-102489,TKN-SHA256-E5B8BD9F,Philemon Mutua,ID-HASH-65BE558086,BOSA-SCH,School Fees Advance,60000.00,20000.00,2000.00,0,STAGE_1_PERFORMING,0.68%,3.9x,ELDORET_BR
2025-10-31,STR-LN-102490,TKN-SHA256-9DD99670,Geoffrey Achieng,ID-HASH-672B310826,FOSA-ADV,Salary Advance 30D,80000.00,48000.00,3000.00,0,STAGE_1_PERFORMING,0.19%,1.5x,BOMET_BRANCH
2025-10-31,STR-LN-102491,TKN-SHA256-88E32114,Wesley Koech,ID-HASH-450E7A47CA,BOSA-NRM,Development Loan Normal,1330000.00,552000.00,46500.00,0,STAGE_1_PERFORMING,0.29%,3.9x,NAKURU_BR
2025-10-31,STR-LN-102492,TKN-SHA256-C3B45188,Philemon Kariuki,ID-HASH-D31507713B,BOSA-EMG,Emergency Medical Facility,140000.00,46000.00,5000.00,0,STAGE_1_PERFORMING,0.65%,2.7x,MOMBASA_BR
2025-10-31,STR-LN-102493,TKN-SHA256-B1FD9D05,Cosmas Achieng,ID-HASH-858CA76EF4,BOSA-EMG,Emergency Medical Facility,125000.00,52000.00,4500.00,70,STAGE_2_UNDERPERFORMING,6.29%,2.7x,MOMBASA_BR
2025-10-31,STR-LN-102494,TKN-SHA256-B6112D57,John Hassan,ID-HASH-439CA532E7,FOSA-ADV,Salary Advance 30D,95000.00,53000.00,3500.00,17,STAGE_1_EARLY_WATCH,3.13%,1.0x,NAKURU_BR
2025-10-31,STR-LN-102495,TKN-SHA256-6BC9ADD2,Emmanuel Rono,ID-HASH-1ECFD5EBCC,MSME-WCP,Business Working Capital,1495000.00,1151000.00,52500.00,0,STAGE_1_PERFORMING,0.17%,2.5x,WESTLANDS
2025-10-31,STR-LN-102496,TKN-SHA256-D9B71F98,Dennis Langat,ID-HASH-4780CBE947,BOSA-EMG,Emergency Medical Facility,120000.00,97000.00,4000.00,0,STAGE_1_PERFORMING,0.34%,2.2x,WESTLANDS
2025-10-31,STR-LN-102497,TKN-SHA256-A5377FF1,Peter Kimani,ID-HASH-50DBB3BE9C,FOSA-ADV,Salary Advance 30D,145000.00,107000.00,5000.00,96,STAGE_3_NON_PERFORMING,35.68%,1.4x,UPPER_HILL
2025-10-31,STR-LN-102498,TKN-SHA256-610BD05A,Cosmas Sang,ID-HASH-F26E3881B9,ASSET-FIN,Vehicle & Asset Finance,1570000.00,836000.00,55000.00,58,STAGE_2_UNDERPERFORMING,10.52%,1.2x,NAKURU_BR
2025-10-31,STR-LN-102499,TKN-SHA256-7BB8B530,Grace Korir,ID-HASH-949772476C,BOSA-EMG,Emergency Medical Facility,230000.00,84000.00,8000.00,0,STAGE_1_PERFORMING,0.75%,3.1x,ELDORET_BR
2025-10-31,STR-LN-102500,TKN-SHA256-21E147F5,James Sang,ID-HASH-5F039A1668,FOSA-ADV,Salary Advance 30D,45000.00,25000.00,1500.00,0,STAGE_1_PERFORMING,0.49%,1.2x,HQ_NAIROBI
2025-10-31,STR-LN-102501,TKN-SHA256-3476BC63,Lucy Kariuki,ID-HASH-63F0351E68,AGRI-TEA,Tea & Coffee Farm Development,1045000.00,993000.00,36500.00,0,STAGE_1_PERFORMING,0.52%,3.3x,MOMBASA_BR
2025-10-31,STR-LN-102502,TKN-SHA256-188DBCAE,Tabitha Langat,ID-HASH-50CD344BFC,MSME-WCP,Business Working Capital,1605000.00,1384000.00,56000.00,0,STAGE_1_PERFORMING,0.46%,1.7x,ELDORET_BR
2025-10-31,STR-LN-102503,TKN-SHA256-DB241B5D,Hassan Ochieng,ID-HASH-0F8779D568,FOSA-ADV,Salary Advance 30D,40000.00,18000.00,1500.00,0,STAGE_1_PERFORMING,0.76%,1.0x,BOMET_BRANCH
2025-10-31,STR-LN-102504,TKN-SHA256-5FD7606A,Stephen Sang,ID-HASH-9062D67AC9,AGRI-TEA,Tea & Coffee Farm Development,1185000.00,346000.00,41500.00,0,STAGE_1_PERFORMING,0.52%,2.1x,NAKURU_BR
2025-10-31,STR-LN-102505,TKN-SHA256-C9299C56,Peter Kamau,ID-HASH-4FAF4454DD,AGRI-TEA,Tea & Coffee Farm Development,960000.00,566000.00,33500.00,0,STAGE_1_PERFORMING,0.29%,2.7x,ELDORET_BR
2025-10-31,STR-LN-102506,TKN-SHA256-E97E90EA,Mercy Njoroge,ID-HASH-F6568C68C5,AGRI-TEA,Tea & Coffee Farm Development,875000.00,358000.00,30500.00,0,STAGE_1_PERFORMING,0.66%,3.6x,NANDI_HILLS
2025-10-31,STR-LN-102507,TKN-SHA256-23F8B58F,Catherine Cheruiyot,ID-HASH-7B577DD321,BOSA-SCH,School Fees Advance,145000.00,99000.00,5000.00,0,STAGE_1_PERFORMING,0.53%,3.3x,BOMET_BRANCH
2025-10-31,STR-LN-102508,TKN-SHA256-2ED83A09,Fatuma Kiptoo,ID-HASH-5FFCBD5514,MSME-WCP,Business Working Capital,1185000.00,245000.00,41500.00,70,STAGE_2_UNDERPERFORMING,8.24%,2.0x,BOMET_BRANCH
2025-10-31,STR-LN-102509,TKN-SHA256-53CBAD81,Lucy Omondi,ID-HASH-267C29D65D,ASSET-FIN,Vehicle & Asset Finance,3010000.00,1513000.00,105500.00,0,STAGE_1_PERFORMING,0.86%,1.2x,UPPER_HILL
2025-10-31,STR-LN-102510,TKN-SHA256-AA43F84F,Philemon Ruto,ID-HASH-82A66CBB69,ASSET-FIN,Vehicle & Asset Finance,4815000.00,852000.00,168500.00,0,STAGE_1_PERFORMING,0.53%,2.0x,BOMET_BRANCH
2025-10-31,STR-LN-102511,TKN-SHA256-FC609999,David Bett,ID-HASH-01F4A4C4DD,AGRI-TEA,Tea & Coffee Farm Development,645000.00,523000.00,22500.00,0,STAGE_1_PERFORMING,0.77%,3.5x,NAKURU_BR
2025-10-31,STR-LN-102512,TKN-SHA256-7B244F37,Fatuma Ali,ID-HASH-ABFCDA85F7,MSME-WCP,Business Working Capital,855000.00,786000.00,30000.00,0,STAGE_1_PERFORMING,0.23%,1.6x,UPPER_HILL
2025-10-31,STR-LN-102513,TKN-SHA256-1B3B5445,Tabitha Siele,ID-HASH-31FFDB3648,ASSET-FIN,Vehicle & Asset Finance,2770000.00,1702000.00,97000.00,0,STAGE_1_PERFORMING,0.50%,2.0x,KERICHO_CENTRAL
2025-10-31,STR-LN-102514,TKN-SHA256-0CDC6035,Dennis Kariuki,ID-HASH-14E9E0F15F,ASSET-FIN,Vehicle & Asset Finance,1935000.00,923000.00,67500.00,0,STAGE_1_PERFORMING,0.76%,1.9x,UPPER_HILL
2025-10-31,STR-LN-102515,TKN-SHA256-53ABB3C7,Wesley Langat,ID-HASH-18C5308899,ASSET-FIN,Vehicle & Asset Finance,4550000.00,915000.00,159500.00,0,STAGE_1_PERFORMING,0.26%,1.8x,HQ_NAIROBI
2025-10-31,STR-LN-102516,TKN-SHA256-2E28034E,Grace Sang,ID-HASH-8C8EE340A0,AGRI-TEA,Tea & Coffee Farm Development,760000.00,498000.00,26500.00,1,STAGE_1_EARLY_WATCH,3.17%,3.3x,WESTLANDS
2025-10-31,STR-LN-102517,TKN-SHA256-FA9506F4,Stephen Wanjiku,ID-HASH-338E64B646,FOSA-ADV,Salary Advance 30D,70000.00,47000.00,2500.00,0,STAGE_1_PERFORMING,0.16%,1.5x,KERICHO_CENTRAL
2025-10-31,STR-LN-102518,TKN-SHA256-CB957F53,Alice Kimani,ID-HASH-D75A925A92,MSME-WCP,Business Working Capital,910000.00,716000.00,32000.00,0,STAGE_1_PERFORMING,0.36%,2.1x,BOMET_BRANCH
2025-10-31,STR-LN-102519,TKN-SHA256-726E1262,Peter Achieng,ID-HASH-36EAFC94A0,BOSA-NRM,Development Loan Normal,3355000.00,3082000.00,117500.00,0,STAGE_1_PERFORMING,0.84%,3.3x,HQ_NAIROBI
2025-10-31,STR-LN-102520,TKN-SHA256-B99F3F6A,Lucy Njoroge,ID-HASH-380B1546A6,ASSET-FIN,Vehicle & Asset Finance,2745000.00,1232000.00,96000.00,0,STAGE_1_PERFORMING,0.62%,1.2x,MOMBASA_BR
2025-10-31,STR-LN-102521,TKN-SHA256-FE7FB7A7,Bernard Sang,ID-HASH-ED0B78B045,ASSET-FIN,Vehicle & Asset Finance,3885000.00,3140000.00,136000.00,0,STAGE_1_PERFORMING,0.17%,1.7x,HQ_NAIROBI
2025-10-31,STR-LN-102522,TKN-SHA256-61537D94,Mercy Bett,ID-HASH-C78BD4B3E1,BOSA-SCH,School Fees Advance,210000.00,156000.00,7500.00,0,STAGE_1_PERFORMING,0.43%,2.9x,UPPER_HILL
2025-10-31,STR-LN-102523,TKN-SHA256-41215180,Emmanuel Wanjiku,ID-HASH-F996FF205D,BOSA-SCH,School Fees Advance,165000.00,96000.00,6000.00,0,STAGE_1_PERFORMING,0.42%,4.7x,UPPER_HILL
2025-10-31,STR-LN-102524,TKN-SHA256-E4652ADA,Samuel Korir,ID-HASH-FB5B6BB2E0,BOSA-EMG,Emergency Medical Facility,220000.00,134000.00,7500.00,54,STAGE_2_UNDERPERFORMING,14.06%,2.9x,UPPER_HILL
2025-10-31,STR-LN-102525,TKN-SHA256-246B7320,Grace Njoroge,ID-HASH-0F774D7279,AGRI-TEA,Tea & Coffee Farm Development,730000.00,630000.00,25500.00,0,STAGE_1_PERFORMING,0.55%,3.1x,KERICHO_CENTRAL
2025-10-31,STR-LN-102526,TKN-SHA256-0EAC60DA,Fatuma Langat,ID-HASH-4D228DB974,ASSET-FIN,Vehicle & Asset Finance,1825000.00,746000.00,64000.00,0,STAGE_1_PERFORMING,0.28%,1.5x,WESTLANDS
2025-10-31,STR-LN-102527,TKN-SHA256-DB6C13DC,Lucy Wanjiku,ID-HASH-3D1CD5295C,BOSA-NRM,Development Loan Normal,2305000.00,1694000.00,80500.00,0,STAGE_1_PERFORMING,0.89%,3.0x,HQ_NAIROBI
2025-10-31,STR-LN-102528,TKN-SHA256-42C53A3C,Fatuma Cheruiyot,ID-HASH-43D5915D72,FOSA-ADV,Salary Advance 30D,145000.00,27000.00,5000.00,0,STAGE_1_PERFORMING,0.41%,1.5x,NAKURU_BR
2025-10-31,STR-LN-102529,TKN-SHA256-C57F120E,Wesley Omondi,ID-HASH-ED72805A81,BOSA-EMG,Emergency Medical Facility,155000.00,62000.00,5500.00,0,STAGE_1_PERFORMING,0.64%,2.2x,KISUMU_BR
2025-10-31,STR-LN-102530,TKN-SHA256-96A011AE,Fatuma Mutua,ID-HASH-FD03F4A76F,FOSA-ADV,Salary Advance 30D,35000.00,6000.00,1000.00,0,STAGE_1_PERFORMING,0.40%,1.1x,NANDI_HILLS
2025-10-31,STR-LN-102531,TKN-SHA256-175DB937,Mary Kimani,ID-HASH-C68C80F83F,MSME-WCP,Business Working Capital,1505000.00,476000.00,52500.00,15,STAGE_1_EARLY_WATCH,4.17%,2.3x,BOMET_BRANCH
2025-10-31,STR-LN-102532,TKN-SHA256-C2A2C82B,Fatuma Kimani,ID-HASH-6D052A476C,BOSA-SCH,School Fees Advance,90000.00,33000.00,3000.00,0,STAGE_1_PERFORMING,0.58%,3.0x,NANDI_HILLS
2025-10-31,STR-LN-102533,TKN-SHA256-383D2E5C,Kiprono Kamau,ID-HASH-EBDD0161A0,AGRI-TEA,Tea & Coffee Farm Development,1020000.00,574000.00,35500.00,0,STAGE_1_PERFORMING,0.35%,3.0x,MOMBASA_BR
2025-10-31,STR-LN-102534,TKN-SHA256-0FAA645C,Cosmas Kariuki,ID-HASH-49C81AB9D9,BOSA-SCH,School Fees Advance,70000.00,59000.00,2500.00,0,STAGE_1_PERFORMING,0.37%,4.5x,MOMBASA_BR
2025-10-31,STR-LN-102535,TKN-SHA256-783F935E,Gladys Wanjiku,ID-HASH-505037FEE2,AGRI-TEA,Tea & Coffee Farm Development,395000.00,337000.00,14000.00,7,STAGE_1_EARLY_WATCH,3.47%,2.5x,ELDORET_BR
2025-10-31,STR-LN-102536,TKN-SHA256-9FE3FBC9,Fatuma Ochieng,ID-HASH-9B201BB029,BOSA-SCH,School Fees Advance,250000.00,132000.00,9000.00,0,STAGE_1_PERFORMING,0.94%,2.9x,MOMBASA_BR
2025-10-31,STR-LN-102537,TKN-SHA256-966F58DE,David Langat,ID-HASH-E6C918E971,AGRI-TEA,Tea & Coffee Farm Development,360000.00,117000.00,12500.00,0,STAGE_1_PERFORMING,0.37%,3.3x,HQ_NAIROBI
2025-10-31,STR-LN-102538,TKN-SHA256-05871E40,Peter Kamau,ID-HASH-9F1476EF6F,AGRI-TEA,Tea & Coffee Farm Development,730000.00,376000.00,25500.00,18,STAGE_1_EARLY_WATCH,1.62%,3.2x,ELDORET_BR
2025-10-31,STR-LN-102539,TKN-SHA256-B4D8CA52,Kiprono Mwangi,ID-HASH-B2DAE58AAE,FOSA-ADV,Salary Advance 30D,125000.00,103000.00,4500.00,0,STAGE_1_PERFORMING,0.40%,1.4x,UPPER_HILL
2025-10-31,STR-LN-102540,TKN-SHA256-E3934F2D,Dennis Sang,ID-HASH-C52FC54AD8,AGRI-TEA,Tea & Coffee Farm Development,265000.00,131000.00,9500.00,0,STAGE_1_PERFORMING,0.72%,3.7x,HQ_NAIROBI
2025-10-31,STR-LN-102541,TKN-SHA256-77A92AF7,Wesley Otieno,ID-HASH-2B06FFA952,BOSA-NRM,Development Loan Normal,1620000.00,855000.00,56500.00,92,STAGE_3_NON_PERFORMING,33.86%,3.8x,NAKURU_BR
2025-10-31,STR-LN-102542,TKN-SHA256-019F94A9,Peter Wambui,ID-HASH-6042F67396,ASSET-FIN,Vehicle & Asset Finance,2470000.00,519000.00,86500.00,0,STAGE_1_PERFORMING,0.22%,1.8x,NANDI_HILLS
2025-10-31,STR-LN-102543,TKN-SHA256-CFA5C68F,Hassan Wanjiku,ID-HASH-E1E92F1979,BOSA-EMG,Emergency Medical Facility,240000.00,68000.00,8500.00,0,STAGE_1_PERFORMING,0.30%,3.0x,KISUMU_BR
2025-10-31,STR-LN-102544,TKN-SHA256-32226700,Mary Bett,ID-HASH-EE87715F2F,BOSA-EMG,Emergency Medical Facility,75000.00,33000.00,2500.00,0,STAGE_1_PERFORMING,0.35%,2.1x,ELDORET_BR
2025-10-31,STR-LN-102545,TKN-SHA256-E570894C,Lucy Bett,ID-HASH-E3BA2E0149,FOSA-ADV,Salary Advance 30D,150000.00,71000.00,5500.00,0,STAGE_1_PERFORMING,0.55%,1.2x,KISUMU_BR
2025-10-31,STR-LN-102546,TKN-SHA256-3B2692F3,Mary Wanjiku,ID-HASH-47A61C3805,BOSA-NRM,Development Loan Normal,1750000.00,1114000.00,61500.00,0,STAGE_1_PERFORMING,0.60%,2.6x,NAKURU_BR
2025-10-31,STR-LN-102547,TKN-SHA256-5A42E889,Dennis Wanjiku,ID-HASH-468F4716A3,ASSET-FIN,Vehicle & Asset Finance,4290000.00,3119000.00,150000.00,0,STAGE_1_PERFORMING,0.20%,1.3x,UPPER_HILL
2025-10-31,STR-LN-102548,TKN-SHA256-FF3A5FCF,Beatrice Bett,ID-HASH-0FFAB9D482,BOSA-EMG,Emergency Medical Facility,245000.00,212000.00,8500.00,0,STAGE_1_PERFORMING,0.72%,2.3x,ELDORET_BR
2025-10-31,STR-LN-102549,TKN-SHA256-94897659,Jane Rono,ID-HASH-D107DEE41D,BOSA-NRM,Development Loan Normal,655000.00,379000.00,23000.00,0,STAGE_1_PERFORMING,0.38%,4.2x,MOMBASA_BR
2025-10-31,STR-LN-102550,TKN-SHA256-1F366F1C,Emmanuel Kariuki,ID-HASH-6B325101CB,MSME-WCP,Business Working Capital,440000.00,396000.00,15500.00,0,STAGE_1_PERFORMING,0.35%,1.6x,HQ_NAIROBI
2025-10-31,STR-LN-102551,TKN-SHA256-CF72FB1E,Hassan Cheruiyot,ID-HASH-12A19AB1C5,FOSA-ADV,Salary Advance 30D,115000.00,105000.00,4000.00,0,STAGE_1_PERFORMING,0.86%,1.0x,MOMBASA_BR
2025-10-31,STR-LN-102552,TKN-SHA256-BA5C390F,Catherine Kamau,ID-HASH-261A13F83F,ASSET-FIN,Vehicle & Asset Finance,3470000.00,2341000.00,121500.00,0,STAGE_1_PERFORMING,0.60%,1.7x,KERICHO_CENTRAL
2025-10-31,STR-LN-102553,TKN-SHA256-27B9BDE2,Dennis Gitonga,ID-HASH-AC84A5E9D5,BOSA-NRM,Development Loan Normal,1070000.00,1013000.00,37500.00,0,STAGE_1_PERFORMING,0.72%,3.3x,ELDORET_BR
2025-10-31,STR-LN-102554,TKN-SHA256-DCB28807,Stephen Korir,ID-HASH-9B7E454DA5,BOSA-NRM,Development Loan Normal,1955000.00,774000.00,68500.00,0,STAGE_1_PERFORMING,0.72%,2.8x,ELDORET_BR
2025-10-31,STR-LN-102555,TKN-SHA256-E875D46C,Alice Mwangi,ID-HASH-83C52FE06E,BOSA-SCH,School Fees Advance,85000.00,68000.00,3000.00,0,STAGE_1_PERFORMING,0.42%,4.5x,BOMET_BRANCH
2025-10-31,STR-LN-102556,TKN-SHA256-EB3DAEC7,David Njoroge,ID-HASH-4790330E08,MSME-WCP,Business Working Capital,1225000.00,778000.00,43000.00,30,STAGE_2_UNDERPERFORMING,13.16%,1.5x,KERICHO_CENTRAL
2025-10-31,STR-LN-102557,TKN-SHA256-C4666045,Philemon Omondi,ID-HASH-87B9B51059,FOSA-ADV,Salary Advance 30D,130000.00,94000.00,4500.00,0,STAGE_1_PERFORMING,0.44%,1.1x,NAKURU_BR
2025-10-31,STR-LN-102558,TKN-SHA256-35769C44,Lucy Sang,ID-HASH-FE945DDCAA,AGRI-TEA,Tea & Coffee Farm Development,1195000.00,430000.00,42000.00,0,STAGE_1_PERFORMING,0.29%,2.8x,ELDORET_BR
2025-10-31,STR-LN-102559,TKN-SHA256-FA334D91,Emmanuel Omondi,ID-HASH-0AB978A11B,BOSA-NRM,Development Loan Normal,1640000.00,1223000.00,57500.00,0,STAGE_1_PERFORMING,0.17%,3.9x,BOMET_BRANCH
2025-10-31,STR-LN-102560,TKN-SHA256-D223A9F1,Wesley Ochieng,ID-HASH-1A12E609F8,ASSET-FIN,Vehicle & Asset Finance,2385000.00,1413000.00,83500.00,0,STAGE_1_PERFORMING,0.26%,1.5x,NAKURU_BR
2025-10-31,STR-LN-102561,TKN-SHA256-2B04265D,Bernard Achieng,ID-HASH-868B6195DA,MSME-WCP,Business Working Capital,1590000.00,1016000.00,55500.00,0,STAGE_1_PERFORMING,0.65%,1.9x,WESTLANDS
2025-10-31,STR-LN-102562,TKN-SHA256-9292267E,Peter Kiptoo,ID-HASH-7D766D7320,AGRI-TEA,Tea & Coffee Farm Development,890000.00,455000.00,31000.00,0,STAGE_1_PERFORMING,0.38%,3.6x,WESTLANDS
2025-10-31,STR-LN-102563,TKN-SHA256-E1959A6A,David Wambui,ID-HASH-5A38A6EAC7,BOSA-SCH,School Fees Advance,115000.00,79000.00,4000.00,0,STAGE_1_PERFORMING,0.68%,3.4x,NANDI_HILLS
2025-10-31,STR-LN-102564,TKN-SHA256-7CF6964D,John Ruto,ID-HASH-D9301FAE8A,ASSET-FIN,Vehicle & Asset Finance,2335000.00,1291000.00,81500.00,0,STAGE_1_PERFORMING,0.55%,1.2x,NANDI_HILLS
2025-10-31,STR-LN-102565,TKN-SHA256-9E1F41BA,Philemon Kariuki,ID-HASH-C2A5660BDA,AGRI-TEA,Tea & Coffee Farm Development,450000.00,357000.00,16000.00,17,STAGE_1_EARLY_WATCH,3.55%,3.6x,KISUMU_BR
2025-10-31,STR-LN-102566,TKN-SHA256-880E36F6,Geoffrey Siele,ID-HASH-F0A52F9D2B,BOSA-NRM,Development Loan Normal,2175000.00,605000.00,76000.00,0,STAGE_1_PERFORMING,0.89%,2.5x,BOMET_BRANCH
2025-10-31,STR-LN-102567,TKN-SHA256-D9B315B4,Wesley Siele,ID-HASH-492B188BEA,BOSA-SCH,School Fees Advance,40000.00,12000.00,1500.00,0,STAGE_1_PERFORMING,0.40%,3.4x,ELDORET_BR
2025-10-31,STR-LN-102568,TKN-SHA256-067931B0,Alice Wambui,ID-HASH-D278E54604,AGRI-TEA,Tea & Coffee Farm Development,460000.00,334000.00,16000.00,83,STAGE_2_UNDERPERFORMING,9.48%,3.5x,MOMBASA_BR
2025-10-31,STR-LN-102569,TKN-SHA256-5CF323A0,John Omondi,ID-HASH-FDB5853E59,BOSA-NRM,Development Loan Normal,845000.00,739000.00,29500.00,0,STAGE_1_PERFORMING,0.55%,3.9x,HQ_NAIROBI
2025-10-31,STR-LN-102570,TKN-SHA256-077799CE,Wesley Langat,ID-HASH-F0C961803B,BOSA-SCH,School Fees Advance,70000.00,55000.00,2500.00,0,STAGE_1_PERFORMING,0.56%,4.6x,HQ_NAIROBI
2025-10-31,STR-LN-102571,TKN-SHA256-8D13AB6A,Wesley Ochieng,ID-HASH-B79F42A6EC,BOSA-NRM,Development Loan Normal,575000.00,258000.00,20000.00,0,STAGE_1_PERFORMING,0.33%,4.0x,UPPER_HILL
2025-10-31,STR-LN-102572,TKN-SHA256-DEC30FD1,Geoffrey Ali,ID-HASH-31522A83DB,MSME-WCP,Business Working Capital,480000.00,252000.00,17000.00,2,STAGE_1_EARLY_WATCH,4.09%,1.9x,UPPER_HILL
2025-10-31,STR-LN-102573,TKN-SHA256-CF2F8349,Tabitha Mwangi,ID-HASH-8D3137B690,BOSA-EMG,Emergency Medical Facility,50000.00,21000.00,2000.00,0,STAGE_1_PERFORMING,0.59%,2.6x,WESTLANDS
2025-10-31,STR-LN-102574,TKN-SHA256-5961BECC,Mary Omondi,ID-HASH-F1988E3A4B,AGRI-TEA,Tea & Coffee Farm Development,635000.00,319000.00,22000.00,0,STAGE_1_PERFORMING,0.22%,2.6x,NANDI_HILLS
2025-10-31,STR-LN-102575,TKN-SHA256-530E0AB0,Stephen Kariuki,ID-HASH-3CB49F517A,BOSA-EMG,Emergency Medical Facility,150000.00,33000.00,5500.00,0,STAGE_1_PERFORMING,0.94%,3.1x,NANDI_HILLS
2025-10-31,STR-LN-102576,TKN-SHA256-4C968649,Tabitha Rono,ID-HASH-F09F33C9C3,BOSA-SCH,School Fees Advance,170000.00,131000.00,6000.00,0,STAGE_1_PERFORMING,0.27%,4.1x,NAKURU_BR
2025-10-31,STR-LN-102577,TKN-SHA256-168041CC,Geoffrey Koech,ID-HASH-C06186DEF8,ASSET-FIN,Vehicle & Asset Finance,1620000.00,1441000.00,56500.00,0,STAGE_1_PERFORMING,0.42%,1.4x,ELDORET_BR
2025-10-31,STR-LN-102578,TKN-SHA256-B359C45D,John Koech,ID-HASH-C48A4E3BEB,MSME-WCP,Business Working Capital,405000.00,309000.00,14000.00,0,STAGE_1_PERFORMING,0.48%,1.9x,NANDI_HILLS
2025-10-31,STR-LN-102579,TKN-SHA256-FDC8EE2E,Lucy Rono,ID-HASH-BC256F357C,BOSA-NRM,Development Loan Normal,2300000.00,742000.00,80500.00,0,STAGE_1_PERFORMING,0.48%,3.6x,BOMET_BRANCH
2025-10-31,STR-LN-102580,TKN-SHA256-50FE592D,Catherine Koech,ID-HASH-104E3B455D,BOSA-SCH,School Fees Advance,105000.00,53000.00,3500.00,0,STAGE_1_PERFORMING,0.39%,3.8x,NANDI_HILLS
2025-10-31,STR-LN-102581,TKN-SHA256-EB40A4A0,Geoffrey Wambui,ID-HASH-8220500726,FOSA-ADV,Salary Advance 30D,70000.00,12000.00,2500.00,6,STAGE_1_EARLY_WATCH,3.64%,1.3x,HQ_NAIROBI
2025-10-31,STR-LN-102582,TKN-SHA256-CB57228D,David Ali,ID-HASH-01FCAAFD57,BOSA-NRM,Development Loan Normal,1880000.00,819000.00,66000.00,0,STAGE_1_PERFORMING,0.43%,4.0x,MOMBASA_BR
2025-10-31,STR-LN-102583,TKN-SHA256-A041E9F1,Beatrice Achieng,ID-HASH-09024C1FC9,ASSET-FIN,Vehicle & Asset Finance,2985000.00,1899000.00,104500.00,0,STAGE_1_PERFORMING,0.52%,1.6x,NANDI_HILLS
2025-10-31,STR-LN-102584,TKN-SHA256-AF9D8D7C,Geoffrey Ochieng,ID-HASH-DA846012CE,BOSA-SCH,School Fees Advance,180000.00,86000.00,6500.00,0,STAGE_1_PERFORMING,0.29%,3.6x,ELDORET_BR
2025-10-31,STR-LN-102585,TKN-SHA256-23F51F04,Jane Njoroge,ID-HASH-27492A1BA5,BOSA-EMG,Emergency Medical Facility,130000.00,55000.00,4500.00,0,STAGE_1_PERFORMING,0.67%,3.1x,BOMET_BRANCH
2025-10-31,STR-LN-102586,TKN-SHA256-E91879BE,Hassan Achieng,ID-HASH-7EA34C6912,BOSA-EMG,Emergency Medical Facility,95000.00,46000.00,3500.00,0,STAGE_1_PERFORMING,0.25%,3.1x,BOMET_BRANCH
2025-10-31,STR-LN-102587,TKN-SHA256-C8D95F23,Wesley Hassan,ID-HASH-906D6AC9F4,MSME-WCP,Business Working Capital,795000.00,363000.00,28000.00,5,STAGE_1_EARLY_WATCH,1.36%,2.6x,MOMBASA_BR
2025-10-31,STR-LN-102588,TKN-SHA256-54246CD8,Hassan Kimani,ID-HASH-663A435A90,MSME-WCP,Business Working Capital,1465000.00,1118000.00,51500.00,0,STAGE_1_PERFORMING,0.82%,2.2x,MOMBASA_BR
2025-10-31,STR-LN-102589,TKN-SHA256-168D5844,Hassan Bett,ID-HASH-916B835EC6,ASSET-FIN,Vehicle & Asset Finance,4090000.00,2467000.00,143000.00,0,STAGE_1_PERFORMING,0.85%,1.9x,BOMET_BRANCH
2025-10-31,STR-LN-102590,TKN-SHA256-954A8485,Kiprono Wambui,ID-HASH-C509BD680B,FOSA-ADV,Salary Advance 30D,145000.00,112000.00,5000.00,0,STAGE_1_PERFORMING,0.87%,1.3x,UPPER_HILL
2025-10-31,STR-LN-102591,TKN-SHA256-F2311F23,Peter Chebet,ID-HASH-210F2CB21E,BOSA-NRM,Development Loan Normal,950000.00,373000.00,33000.00,15,STAGE_1_EARLY_WATCH,3.75%,3.1x,NAKURU_BR
2025-10-31,STR-LN-102592,TKN-SHA256-8C412928,Cosmas Mutua,ID-HASH-395DF6DF37,MSME-WCP,Business Working Capital,1005000.00,179000.00,35000.00,0,STAGE_1_PERFORMING,0.80%,2.0x,WESTLANDS
2025-10-31,STR-LN-102593,TKN-SHA256-3F4CA935,Tabitha Kimani,ID-HASH-C8A6A803CF,ASSET-FIN,Vehicle & Asset Finance,3575000.00,1545000.00,125000.00,0,STAGE_1_PERFORMING,0.23%,1.8x,MOMBASA_BR
2025-10-31,STR-LN-102594,TKN-SHA256-0D617478,Alice Kimani,ID-HASH-635F9C4990,BOSA-EMG,Emergency Medical Facility,185000.00,50000.00,6500.00,0,STAGE_1_PERFORMING,0.60%,2.5x,KERICHO_CENTRAL
2025-10-31,STR-LN-102595,TKN-SHA256-F10B4313,Fatuma Kimani,ID-HASH-975BEA05B9,BOSA-SCH,School Fees Advance,210000.00,100000.00,7500.00,8,STAGE_1_EARLY_WATCH,3.32%,3.6x,UPPER_HILL
2025-10-31,STR-LN-102596,TKN-SHA256-92FCE514,Gladys Bett,ID-HASH-81760C8860,BOSA-EMG,Emergency Medical Facility,255000.00,92000.00,9000.00,0,STAGE_1_PERFORMING,0.30%,2.7x,WESTLANDS
2025-10-31,STR-LN-102597,TKN-SHA256-988B0C6D,Hassan Mutua,ID-HASH-7855EFCCC3,FOSA-ADV,Salary Advance 30D,30000.00,24000.00,1000.00,0,STAGE_1_PERFORMING,0.34%,1.4x,ELDORET_BR
2025-10-31,STR-LN-102598,TKN-SHA256-7CE5FE7A,Geoffrey Kariuki,ID-HASH-E1C23DB696,FOSA-ADV,Salary Advance 30D,75000.00,19000.00,2500.00,0,STAGE_1_PERFORMING,0.75%,1.4x,KERICHO_CENTRAL
2025-10-31,STR-LN-102599,TKN-SHA256-27649B58,Kiprono Korir,ID-HASH-717EF0C9CB,AGRI-TEA,Tea & Coffee Farm Development,750000.00,166000.00,26500.00,0,STAGE_1_PERFORMING,0.46%,2.9x,KERICHO_CENTRAL
2025-10-31,STR-LN-102600,TKN-SHA256-29A26B65,Peter Langat,ID-HASH-A1EAC11AD4,FOSA-ADV,Salary Advance 30D,70000.00,33000.00,2500.00,0,STAGE_1_PERFORMING,0.84%,1.1x,WESTLANDS
2025-10-31,STR-LN-102601,TKN-SHA256-56DDF66A,Bernard Bett,ID-HASH-BAB96DD85D,BOSA-EMG,Emergency Medical Facility,205000.00,35000.00,7000.00,25,STAGE_1_EARLY_WATCH,1.51%,2.5x,NANDI_HILLS
2025-10-31,STR-LN-102602,TKN-SHA256-C0BC6103,Beatrice Siele,ID-HASH-E7FC5BE0A4,AGRI-TEA,Tea & Coffee Farm Development,175000.00,130000.00,6000.00,0,STAGE_1_PERFORMING,0.58%,2.8x,BOMET_BRANCH
2025-10-31,STR-LN-102603,TKN-SHA256-DE6F018D,Mary Hassan,ID-HASH-783F4DE150,ASSET-FIN,Vehicle & Asset Finance,1925000.00,901000.00,67500.00,0,STAGE_1_PERFORMING,0.44%,1.8x,KERICHO_CENTRAL
2025-10-31,STR-LN-102604,TKN-SHA256-B79EE6D9,John Koech,ID-HASH-8189AEE815,ASSET-FIN,Vehicle & Asset Finance,3840000.00,2712000.00,134500.00,0,STAGE_1_PERFORMING,0.30%,1.7x,BOMET_BRANCH
2025-10-31,STR-LN-102605,TKN-SHA256-ABDF436F,David Siele,ID-HASH-847E9A3838,BOSA-EMG,Emergency Medical Facility,175000.00,27000.00,6000.00,0,STAGE_1_PERFORMING,0.70%,3.1x,NAKURU_BR
2025-10-31,STR-LN-102606,TKN-SHA256-95AC709B,Gladys Kiptoo,ID-HASH-3A5B660357,BOSA-EMG,Emergency Medical Facility,280000.00,91000.00,10000.00,0,STAGE_1_PERFORMING,0.28%,2.6x,UPPER_HILL
2025-10-31,STR-LN-102607,TKN-SHA256-E17EB268,Gladys Rono,ID-HASH-A358754CED,MSME-WCP,Business Working Capital,880000.00,756000.00,31000.00,0,STAGE_1_PERFORMING,0.59%,2.1x,UPPER_HILL
2025-10-31,STR-LN-102608,TKN-SHA256-C8B46CAC,Alice Kamau,ID-HASH-34FDB89AEA,BOSA-SCH,School Fees Advance,140000.00,56000.00,5000.00,71,STAGE_2_UNDERPERFORMING,8.49%,3.2x,ELDORET_BR
2025-10-31,STR-LN-102609,TKN-SHA256-B2762155,Kiprono Chebet,ID-HASH-3F5A259352,ASSET-FIN,Vehicle & Asset Finance,1365000.00,913000.00,48000.00,0,STAGE_1_PERFORMING,0.36%,1.6x,NANDI_HILLS
2025-10-31,STR-LN-102610,TKN-SHA256-A7AB53B2,Mercy Ruto,ID-HASH-CC338F1C8F,MSME-WCP,Business Working Capital,1750000.00,860000.00,61500.00,0,STAGE_1_PERFORMING,0.24%,2.3x,HQ_NAIROBI
2025-10-31,STR-LN-102611,TKN-SHA256-D9E093F1,Bernard Kimani,ID-HASH-957BE3408A,BOSA-NRM,Development Loan Normal,2250000.00,1617000.00,79000.00,0,STAGE_1_PERFORMING,0.25%,3.3x,MOMBASA_BR
2025-10-31,STR-LN-102612,TKN-SHA256-F0D1FC6D,Tabitha Cheruiyot,ID-HASH-7362887183,AGRI-TEA,Tea & Coffee Farm Development,770000.00,690000.00,27000.00,0,STAGE_1_PERFORMING,0.20%,2.6x,BOMET_BRANCH
2025-10-31,STR-LN-102613,TKN-SHA256-E226E120,Bernard Sang,ID-HASH-67DF89E065,BOSA-EMG,Emergency Medical Facility,165000.00,54000.00,6000.00,0,STAGE_1_PERFORMING,0.15%,2.5x,MOMBASA_BR
2025-10-31,STR-LN-102614,TKN-SHA256-F0AE0547,John Sang,ID-HASH-C7AD810055,MSME-WCP,Business Working Capital,370000.00,192000.00,13000.00,0,STAGE_1_PERFORMING,0.41%,2.1x,NANDI_HILLS
2025-10-31,STR-LN-102615,TKN-SHA256-B91E791A,Samuel Omondi,ID-HASH-FA145F9CE8,AGRI-TEA,Tea & Coffee Farm Development,275000.00,237000.00,9500.00,0,STAGE_1_PERFORMING,0.53%,3.1x,UPPER_HILL
2025-10-31,STR-LN-102616,TKN-SHA256-8B81320F,Philemon Hassan,ID-HASH-E0AB631CE4,FOSA-ADV,Salary Advance 30D,135000.00,41000.00,4500.00,0,STAGE_1_PERFORMING,0.30%,1.5x,ELDORET_BR
2025-10-31,STR-LN-102617,TKN-SHA256-0F119F9D,Geoffrey Sang,ID-HASH-29773038F6,BOSA-NRM,Development Loan Normal,3060000.00,2621000.00,107000.00,0,STAGE_1_PERFORMING,0.20%,3.8x,MOMBASA_BR
2025-10-31,STR-LN-102618,TKN-SHA256-A69DA962,Peter Kariuki,ID-HASH-B710928EF5,BOSA-NRM,Development Loan Normal,2715000.00,2479000.00,95000.00,0,STAGE_1_PERFORMING,0.47%,2.5x,MOMBASA_BR
2025-10-31,STR-LN-102619,TKN-SHA256-B009B9A2,Fatuma Kamau,ID-HASH-64B860B1BB,BOSA-SCH,School Fees Advance,55000.00,17000.00,2000.00,0,STAGE_1_PERFORMING,0.38%,3.9x,WESTLANDS
2025-10-31,STR-LN-102620,TKN-SHA256-30D428DC,Tabitha Cheruiyot,ID-HASH-1472563F90,MSME-WCP,Business Working Capital,1530000.00,844000.00,53500.00,0,STAGE_1_PERFORMING,0.26%,1.9x,KISUMU_BR
2025-10-31,STR-LN-102621,TKN-SHA256-18C5354D,Mary Rono,ID-HASH-0D50E38990,BOSA-NRM,Development Loan Normal,775000.00,595000.00,27000.00,0,STAGE_1_PERFORMING,0.43%,2.7x,WESTLANDS
2025-10-31,STR-LN-102622,TKN-SHA256-859F20AF,Stephen Gitonga,ID-HASH-76CE1820B4,BOSA-SCH,School Fees Advance,220000.00,109000.00,7500.00,0,STAGE_1_PERFORMING,0.42%,3.0x,KERICHO_CENTRAL
2025-10-31,STR-LN-102623,TKN-SHA256-611E668F,James Rono,ID-HASH-FF7DFCD069,BOSA-NRM,Development Loan Normal,2365000.00,370000.00,83000.00,0,STAGE_1_PERFORMING,0.86%,2.6x,WESTLANDS
2025-10-31,STR-LN-102624,TKN-SHA256-FB54ED08,Lucy Ochieng,ID-HASH-B4CE1489FB,ASSET-FIN,Vehicle & Asset Finance,1760000.00,360000.00,61500.00,0,STAGE_1_PERFORMING,0.18%,1.3x,KERICHO_CENTRAL
2025-10-31,STR-LN-102625,TKN-SHA256-76A61633,Gladys Mwangi,ID-HASH-8DA20FB6E1,BOSA-NRM,Development Loan Normal,1285000.00,525000.00,45000.00,0,STAGE_1_PERFORMING,0.40%,3.6x,ELDORET_BR
2025-10-31,STR-LN-102626,TKN-SHA256-8C8CD975,Stephen Sang,ID-HASH-AA75CB2758,AGRI-TEA,Tea & Coffee Farm Development,225000.00,139000.00,8000.00,0,STAGE_1_PERFORMING,0.77%,2.9x,BOMET_BRANCH
2025-10-31,STR-LN-102627,TKN-SHA256-B8091CD0,Beatrice Mutua,ID-HASH-D9D6DBEECB,MSME-WCP,Business Working Capital,995000.00,503000.00,35000.00,0,STAGE_1_PERFORMING,0.31%,2.1x,WESTLANDS
2025-10-31,STR-LN-102628,TKN-SHA256-972F8D3E,Emmanuel Kiptoo,ID-HASH-04B3520766,FOSA-ADV,Salary Advance 30D,135000.00,59000.00,4500.00,0,STAGE_1_PERFORMING,0.35%,1.2x,KERICHO_CENTRAL
2025-10-31,STR-LN-102629,TKN-SHA256-4CC9AEDB,John Cheruiyot,ID-HASH-6D67339713,FOSA-ADV,Salary Advance 30D,35000.00,8000.00,1000.00,0,STAGE_1_PERFORMING,0.24%,1.4x,MOMBASA_BR
2025-10-31,STR-LN-102630,TKN-SHA256-DD6DE838,Samuel Wambui,ID-HASH-B0730173E6,MSME-WCP,Business Working Capital,755000.00,365000.00,26500.00,0,STAGE_1_PERFORMING,0.80%,2.6x,UPPER_HILL
2025-10-31,STR-LN-102631,TKN-SHA256-B5DCD23B,David Koech,ID-HASH-1DF1D07A4A,AGRI-TEA,Tea & Coffee Farm Development,545000.00,219000.00,19000.00,0,STAGE_1_PERFORMING,0.77%,3.5x,MOMBASA_BR
2025-10-31,STR-LN-102632,TKN-SHA256-7E3728EE,Philemon Cheruiyot,ID-HASH-1C94393CD1,FOSA-ADV,Salary Advance 30D,85000.00,62000.00,3000.00,23,STAGE_1_EARLY_WATCH,1.92%,1.5x,ELDORET_BR
2025-10-31,STR-LN-102633,TKN-SHA256-99980DBD,Catherine Kamau,ID-HASH-C23CE7E030,BOSA-SCH,School Fees Advance,135000.00,105000.00,4500.00,0,STAGE_1_PERFORMING,0.60%,3.5x,MOMBASA_BR
2025-10-31,STR-LN-102634,TKN-SHA256-AB0BE462,Jane Achieng,ID-HASH-4CEC40921A,FOSA-ADV,Salary Advance 30D,65000.00,13000.00,2500.00,0,STAGE_1_PERFORMING,0.16%,1.6x,BOMET_BRANCH
2025-10-31,STR-LN-102635,TKN-SHA256-43F3CF70,Lucy Siele,ID-HASH-EE75A5998E,BOSA-NRM,Development Loan Normal,1380000.00,574000.00,48500.00,0,STAGE_1_PERFORMING,0.32%,3.1x,KISUMU_BR
2025-10-31,STR-LN-102636,TKN-SHA256-01FD701E,Tabitha Kiptoo,ID-HASH-C1348B4564,ASSET-FIN,Vehicle & Asset Finance,2950000.00,777000.00,103500.00,0,STAGE_1_PERFORMING,0.65%,2.0x,ELDORET_BR
2025-10-31,STR-LN-102637,TKN-SHA256-80AF9032,John Korir,ID-HASH-E5345F94DA,MSME-WCP,Business Working Capital,1235000.00,223000.00,43000.00,92,STAGE_3_NON_PERFORMING,32.72%,2.2x,BOMET_BRANCH
2025-10-31,STR-LN-102638,TKN-SHA256-C76E55D6,Samuel Koech,ID-HASH-79A410E949,BOSA-EMG,Emergency Medical Facility,280000.00,117000.00,10000.00,0,STAGE_1_PERFORMING,0.50%,2.9x,ELDORET_BR
2025-10-31,STR-LN-102639,TKN-SHA256-4C2A07BB,Mercy Rono,ID-HASH-81748E0F32,AGRI-TEA,Tea & Coffee Farm Development,815000.00,492000.00,28500.00,0,STAGE_1_PERFORMING,0.56%,3.0x,NAKURU_BR
2025-10-31,STR-LN-102640,TKN-SHA256-3AFF1D3F,James Gitonga,ID-HASH-AA290484A9,ASSET-FIN,Vehicle & Asset Finance,1910000.00,566000.00,67000.00,0,STAGE_1_PERFORMING,0.73%,1.9x,UPPER_HILL
2025-10-31,STR-LN-102641,TKN-SHA256-765EB5BE,Peter Rono,ID-HASH-7AB6C1DB6C,BOSA-SCH,School Fees Advance,155000.00,82000.00,5500.00,0,STAGE_1_PERFORMING,0.38%,4.0x,MOMBASA_BR
2025-10-31,STR-LN-102642,TKN-SHA256-E3A52FB4,Samuel Hassan,ID-HASH-5E719BF204,BOSA-EMG,Emergency Medical Facility,85000.00,49000.00,3000.00,0,STAGE_1_PERFORMING,0.23%,3.3x,KISUMU_BR
2025-10-31,STR-LN-102643,TKN-SHA256-827560CE,Emmanuel Njoroge,ID-HASH-C1F5F36824,AGRI-TEA,Tea & Coffee Farm Development,455000.00,271000.00,16000.00,0,STAGE_1_PERFORMING,0.95%,3.3x,HQ_NAIROBI
2025-10-31,STR-LN-102644,TKN-SHA256-1A325B76,Bernard Kimani,ID-HASH-1B5E30CB8D,BOSA-NRM,Development Loan Normal,2010000.00,529000.00,70500.00,0,STAGE_1_PERFORMING,0.42%,2.8x,MOMBASA_BR
2025-10-31,STR-LN-102645,TKN-SHA256-A1999780,Hassan Achieng,ID-HASH-91093DC3BC,BOSA-EMG,Emergency Medical Facility,75000.00,33000.00,2500.00,0,STAGE_1_PERFORMING,0.74%,2.8x,NAKURU_BR
2025-10-31,STR-LN-102646,TKN-SHA256-0DD2DEE1,Alice Hassan,ID-HASH-0FD28FF02F,BOSA-NRM,Development Loan Normal,555000.00,440000.00,19500.00,0,STAGE_1_PERFORMING,0.54%,3.3x,NANDI_HILLS
2025-10-31,STR-LN-102647,TKN-SHA256-D6ABF230,Beatrice Rono,ID-HASH-D97FD423D5,BOSA-EMG,Emergency Medical Facility,120000.00,88000.00,4000.00,0,STAGE_1_PERFORMING,0.56%,2.5x,MOMBASA_BR
2025-10-31,STR-LN-102648,TKN-SHA256-0799388B,Tabitha Siele,ID-HASH-CB6C5522A1,BOSA-SCH,School Fees Advance,155000.00,35000.00,5500.00,180,STAGE_3_NON_PERFORMING,41.61%,3.5x,WESTLANDS
2025-10-31,STR-LN-102649,TKN-SHA256-241B85CE,Gladys Ali,ID-HASH-572C4E04CD,FOSA-ADV,Salary Advance 30D,125000.00,47000.00,4500.00,0,STAGE_1_PERFORMING,0.35%,1.3x,ELDORET_BR
2025-10-31,STR-LN-102650,TKN-SHA256-4CD45CAF,Catherine Korir,ID-HASH-DA5CB519D9,BOSA-SCH,School Fees Advance,130000.00,84000.00,4500.00,0,STAGE_1_PERFORMING,0.48%,5.1x,BOMET_BRANCH
2025-10-31,STR-LN-102651,TKN-SHA256-8BB9C040,Gladys Omondi,ID-HASH-E4CC7C3753,MSME-WCP,Business Working Capital,1350000.00,1069000.00,47500.00,0,STAGE_1_PERFORMING,0.80%,2.5x,KERICHO_CENTRAL
2025-10-31,STR-LN-102652,TKN-SHA256-2870F516,Wesley Hassan,ID-HASH-9B7782ABC5,BOSA-SCH,School Fees Advance,190000.00,98000.00,6500.00,0,STAGE_1_PERFORMING,0.69%,2.9x,WESTLANDS
2025-10-31,STR-LN-102653,TKN-SHA256-227F6A0F,Samuel Achieng,ID-HASH-6D84C9C16F,AGRI-TEA,Tea & Coffee Farm Development,500000.00,126000.00,17500.00,0,STAGE_1_PERFORMING,0.44%,3.7x,ELDORET_BR
2025-10-31,STR-LN-102654,TKN-SHA256-608149BF,Catherine Mwangi,ID-HASH-F9196E93D5,AGRI-TEA,Tea & Coffee Farm Development,1080000.00,931000.00,38000.00,0,STAGE_1_PERFORMING,0.65%,2.4x,KERICHO_CENTRAL
2025-10-31,STR-LN-102655,TKN-SHA256-239ACD00,John Cheruiyot,ID-HASH-F26F24A318,BOSA-EMG,Emergency Medical Facility,285000.00,54000.00,10000.00,0,STAGE_1_PERFORMING,0.73%,2.4x,HQ_NAIROBI
2025-10-31,STR-LN-102656,TKN-SHA256-846BBD83,Peter Mutua,ID-HASH-03B4D31B23,ASSET-FIN,Vehicle & Asset Finance,3225000.00,2646000.00,113000.00,0,STAGE_1_PERFORMING,0.18%,1.6x,WESTLANDS
2025-10-31,STR-LN-102657,TKN-SHA256-AA82F594,Samuel Mutua,ID-HASH-12891F8383,BOSA-SCH,School Fees Advance,165000.00,141000.00,6000.00,0,STAGE_1_PERFORMING,0.87%,4.4x,NAKURU_BR
2025-10-31,STR-LN-102658,TKN-SHA256-CC2ACD56,Gladys Wanjiku,ID-HASH-F9FD2595A2,BOSA-SCH,School Fees Advance,125000.00,75000.00,4500.00,0,STAGE_1_PERFORMING,0.47%,3.2x,HQ_NAIROBI
2025-10-31,STR-LN-102659,TKN-SHA256-5BD9A95B,John Koech,ID-HASH-BFB5CD5ADC,AGRI-TEA,Tea & Coffee Farm Development,1180000.00,901000.00,41500.00,0,STAGE_1_PERFORMING,0.45%,3.6x,UPPER_HILL
2025-10-31,STR-LN-102660,TKN-SHA256-16F13338,Jane Njoroge,ID-HASH-344DD2D36E,BOSA-SCH,School Fees Advance,170000.00,143000.00,6000.00,0,STAGE_1_PERFORMING,0.26%,3.7x,UPPER_HILL
2025-10-31,STR-LN-102661,TKN-SHA256-BBE1E66D,Cosmas Chebet,ID-HASH-524C7DB230,BOSA-EMG,Emergency Medical Facility,130000.00,48000.00,4500.00,0,STAGE_1_PERFORMING,0.64%,1.9x,HQ_NAIROBI
2025-10-31,STR-LN-102662,TKN-SHA256-7883E57D,Mercy Kariuki,ID-HASH-A0E0F94EA9,BOSA-SCH,School Fees Advance,120000.00,112000.00,4000.00,0,STAGE_1_PERFORMING,0.27%,3.0x,WESTLANDS
2025-10-31,STR-LN-102663,TKN-SHA256-7632F1D8,Philemon Cheruiyot,ID-HASH-36D1927BD2,ASSET-FIN,Vehicle & Asset Finance,4485000.00,4247000.00,157000.00,0,STAGE_1_PERFORMING,0.61%,1.6x,MOMBASA_BR
2025-10-31,STR-LN-102664,TKN-SHA256-4FD928E0,James Cheruiyot,ID-HASH-06EFA6AAD0,FOSA-ADV,Salary Advance 30D,130000.00,111000.00,4500.00,0,STAGE_1_PERFORMING,0.84%,1.0x,ELDORET_BR
2025-10-31,STR-LN-102665,TKN-SHA256-3D891EB8,Wesley Koech,ID-HASH-2252EDB817,BOSA-SCH,School Fees Advance,55000.00,25000.00,2000.00,0,STAGE_1_PERFORMING,0.49%,2.9x,KISUMU_BR
2025-10-31,STR-LN-102666,TKN-SHA256-C4CDB068,Kiprono Hassan,ID-HASH-18B5784A0F,ASSET-FIN,Vehicle & Asset Finance,3320000.00,1665000.00,116000.00,0,STAGE_1_PERFORMING,0.38%,2.0x,MOMBASA_BR
2025-10-31,STR-LN-102667,TKN-SHA256-6EBF4DEA,Gladys Kariuki,ID-HASH-5A88955211,AGRI-TEA,Tea & Coffee Farm Development,210000.00,151000.00,7500.00,0,STAGE_1_PERFORMING,0.43%,3.1x,NAKURU_BR
2025-10-31,STR-LN-102668,TKN-SHA256-CBCF2F70,Peter Wanjiku,ID-HASH-E490284729,AGRI-TEA,Tea & Coffee Farm Development,1035000.00,676000.00,36000.00,0,STAGE_1_PERFORMING,0.90%,3.0x,ELDORET_BR
2025-10-31,STR-LN-102669,TKN-SHA256-637574F8,Philemon Hassan,ID-HASH-2CE73489D8,BOSA-NRM,Development Loan Normal,2555000.00,732000.00,89500.00,0,STAGE_1_PERFORMING,0.57%,4.2x,NANDI_HILLS
2025-10-31,STR-LN-102670,TKN-SHA256-928296B7,John Otieno,ID-HASH-87B7E6A9BA,BOSA-EMG,Emergency Medical Facility,195000.00,125000.00,7000.00,0,STAGE_1_PERFORMING,0.90%,2.2x,KERICHO_CENTRAL
2025-10-31,STR-LN-102671,TKN-SHA256-07192803,Cosmas Gitonga,ID-HASH-A3E2354B73,BOSA-EMG,Emergency Medical Facility,200000.00,136000.00,7000.00,0,STAGE_1_PERFORMING,0.89%,2.0x,BOMET_BRANCH
2025-10-31,STR-LN-102672,TKN-SHA256-36D0A574,Beatrice Korir,ID-HASH-56E0E09ABA,BOSA-EMG,Emergency Medical Facility,100000.00,72000.00,3500.00,0,STAGE_1_PERFORMING,0.35%,2.6x,WESTLANDS
2025-10-31,STR-LN-102673,TKN-SHA256-2DC94E3A,Samuel Kariuki,ID-HASH-8E7E1D2268,BOSA-NRM,Development Loan Normal,3345000.00,2746000.00,117000.00,0,STAGE_1_PERFORMING,0.63%,3.2x,KERICHO_CENTRAL
2025-10-31,STR-LN-102674,TKN-SHA256-A2470430,Stephen Chebet,ID-HASH-46499BA5BD,BOSA-SCH,School Fees Advance,45000.00,39000.00,1500.00,0,STAGE_1_PERFORMING,0.88%,3.3x,KISUMU_BR
2025-10-31,STR-LN-102675,TKN-SHA256-A8782899,Mercy Ochieng,ID-HASH-0570DE32FF,BOSA-SCH,School Fees Advance,165000.00,100000.00,6000.00,0,STAGE_1_PERFORMING,0.53%,4.4x,KISUMU_BR
2025-10-31,STR-LN-102676,TKN-SHA256-E793DBAF,James Cheruiyot,ID-HASH-F5BC443DA2,FOSA-ADV,Salary Advance 30D,70000.00,20000.00,2500.00,0,STAGE_1_PERFORMING,0.92%,1.5x,KERICHO_CENTRAL
2025-10-31,STR-LN-102677,TKN-SHA256-1FF26A3E,John Omondi,ID-HASH-22B02AB229,AGRI-TEA,Tea & Coffee Farm Development,935000.00,725000.00,32500.00,0,STAGE_1_PERFORMING,0.22%,2.2x,NANDI_HILLS
2025-10-31,STR-LN-102678,TKN-SHA256-AA21AF06,Catherine Siele,ID-HASH-6BADB5D385,AGRI-TEA,Tea & Coffee Farm Development,240000.00,163000.00,8500.00,0,STAGE_1_PERFORMING,0.83%,3.0x,WESTLANDS
2025-10-31,STR-LN-102679,TKN-SHA256-1421A01F,Wesley Kamau,ID-HASH-67427F8492,BOSA-EMG,Emergency Medical Facility,260000.00,102000.00,9000.00,0,STAGE_1_PERFORMING,0.43%,2.8x,BOMET_BRANCH
2025-10-31,STR-LN-102680,TKN-SHA256-DB864778,Mercy Kiptoo,ID-HASH-AFD5853F42,BOSA-SCH,School Fees Advance,130000.00,26000.00,4500.00,0,STAGE_1_PERFORMING,0.76%,4.2x,KERICHO_CENTRAL
2025-10-31,STR-LN-102681,TKN-SHA256-CC1E03B7,Grace Achieng,ID-HASH-A98316F7A5,BOSA-NRM,Development Loan Normal,805000.00,289000.00,28000.00,0,STAGE_1_PERFORMING,0.93%,3.0x,HQ_NAIROBI
2025-10-31,STR-LN-102682,TKN-SHA256-A0E28F4A,Geoffrey Njoroge,ID-HASH-BD8995FC9E,BOSA-SCH,School Fees Advance,145000.00,128000.00,5000.00,21,STAGE_1_EARLY_WATCH,2.78%,4.3x,KISUMU_BR
2025-10-31,STR-LN-102683,TKN-SHA256-5C826A0F,Hassan Bett,ID-HASH-4776048F75,BOSA-EMG,Emergency Medical Facility,295000.00,259000.00,10500.00,15,STAGE_1_EARLY_WATCH,3.07%,2.9x,BOMET_BRANCH
2025-10-31,STR-LN-102684,TKN-SHA256-92D0B104,David Korir,ID-HASH-7F658B5512,BOSA-EMG,Emergency Medical Facility,295000.00,171000.00,10500.00,0,STAGE_1_PERFORMING,0.73%,2.4x,KERICHO_CENTRAL
2025-10-31,STR-LN-102685,TKN-SHA256-0ED88AEA,Mary Njoroge,ID-HASH-BBB523F720,AGRI-TEA,Tea & Coffee Farm Development,1055000.00,513000.00,37000.00,0,STAGE_1_PERFORMING,0.71%,2.5x,NAKURU_BR
2025-10-31,STR-LN-102686,TKN-SHA256-A84CD046,Bernard Cheruiyot,ID-HASH-A68285696F,BOSA-EMG,Emergency Medical Facility,285000.00,172000.00,10000.00,0,STAGE_1_PERFORMING,0.37%,3.1x,WESTLANDS
2025-10-31,STR-LN-102687,TKN-SHA256-81958AC2,Geoffrey Kimani,ID-HASH-557E80B722,MSME-WCP,Business Working Capital,605000.00,230000.00,21000.00,0,STAGE_1_PERFORMING,0.71%,2.7x,NANDI_HILLS
2025-10-31,STR-LN-102688,TKN-SHA256-24CED831,Hassan Achieng,ID-HASH-64A89B6D7C,AGRI-TEA,Tea & Coffee Farm Development,410000.00,76000.00,14500.00,0,STAGE_1_PERFORMING,0.56%,2.3x,ELDORET_BR
2025-10-31,STR-LN-102689,TKN-SHA256-0791E334,Mercy Koech,ID-HASH-544BD0A645,BOSA-EMG,Emergency Medical Facility,55000.00,10000.00,2000.00,0,STAGE_1_PERFORMING,0.64%,2.1x,KERICHO_CENTRAL
2025-10-31,STR-LN-102690,TKN-SHA256-78157150,Wesley Ruto,ID-HASH-D654B5283F,BOSA-EMG,Emergency Medical Facility,290000.00,143000.00,10000.00,0,STAGE_1_PERFORMING,0.48%,2.7x,ELDORET_BR
2025-10-31,STR-LN-102691,TKN-SHA256-AD553F6D,Grace Omondi,ID-HASH-C2377428CD,BOSA-EMG,Emergency Medical Facility,295000.00,101000.00,10500.00,0,STAGE_1_PERFORMING,0.70%,2.6x,BOMET_BRANCH
2025-10-31,STR-LN-102692,TKN-SHA256-3061388F,Fatuma Otieno,ID-HASH-C292E4FEB8,AGRI-TEA,Tea & Coffee Farm Development,650000.00,435000.00,23000.00,0,STAGE_1_PERFORMING,0.29%,3.3x,UPPER_HILL
2025-10-31,STR-LN-102693,TKN-SHA256-9A750360,Gladys Ochieng,ID-HASH-8278B4EE7A,BOSA-NRM,Development Loan Normal,3135000.00,1316000.00,109500.00,4,STAGE_1_EARLY_WATCH,1.22%,4.3x,MOMBASA_BR
2025-10-31,STR-LN-102694,TKN-SHA256-9E480448,James Langat,ID-HASH-800C1AE1F7,MSME-WCP,Business Working Capital,1650000.00,292000.00,58000.00,0,STAGE_1_PERFORMING,0.64%,2.2x,KISUMU_BR
2025-10-31,STR-LN-102695,TKN-SHA256-85871341,Alice Mutua,ID-HASH-3F5A3D0B2C,BOSA-EMG,Emergency Medical Facility,295000.00,113000.00,10500.00,0,STAGE_1_PERFORMING,0.44%,2.4x,WESTLANDS
2025-10-31,STR-LN-102696,TKN-SHA256-47D09701,Geoffrey Kamau,ID-HASH-308E8E2CF9,AGRI-TEA,Tea & Coffee Farm Development,200000.00,170000.00,7000.00,0,STAGE_1_PERFORMING,0.91%,3.3x,MOMBASA_BR
2025-10-31,STR-LN-102697,TKN-SHA256-046F3E8A,Gladys Kariuki,ID-HASH-3B15F4B807,BOSA-EMG,Emergency Medical Facility,135000.00,78000.00,4500.00,0,STAGE_1_PERFORMING,0.17%,1.9x,KISUMU_BR
2025-10-31,STR-LN-102698,TKN-SHA256-B9584B4F,James Achieng,ID-HASH-0F5E172D88,BOSA-EMG,Emergency Medical Facility,110000.00,64000.00,4000.00,0,STAGE_1_PERFORMING,0.46%,2.2x,KERICHO_CENTRAL
2025-10-31,STR-LN-102699,TKN-SHA256-4623C15D,Fatuma Koech,ID-HASH-80CF4EA628,BOSA-EMG,Emergency Medical Facility,210000.00,91000.00,7500.00,0,STAGE_1_PERFORMING,0.94%,1.9x,UPPER_HILL
2025-10-31,STR-LN-102700,TKN-SHA256-3683912D,Alice Cheruiyot,ID-HASH-C7F85217D8,BOSA-EMG,Emergency Medical Facility,85000.00,48000.00,3000.00,0,STAGE_1_PERFORMING,0.87%,2.4x,ELDORET_BR
2025-10-31,STR-LN-102701,TKN-SHA256-6B05E18E,Samuel Korir,ID-HASH-D9D7007226,BOSA-SCH,School Fees Advance,195000.00,104000.00,7000.00,0,STAGE_1_PERFORMING,0.79%,3.3x,ELDORET_BR
2025-10-31,STR-LN-102702,TKN-SHA256-7F1B8D62,Mary Omondi,ID-HASH-1AB9B8A3E8,FOSA-ADV,Salary Advance 30D,30000.00,5000.00,1000.00,0,STAGE_1_PERFORMING,0.88%,1.5x,NANDI_HILLS
2025-10-31,STR-LN-102703,TKN-SHA256-D357DF45,Alice Kimani,ID-HASH-9AB109A581,BOSA-EMG,Emergency Medical Facility,250000.00,236000.00,9000.00,0,STAGE_1_PERFORMING,0.39%,2.1x,WESTLANDS
2025-10-31,STR-LN-102704,TKN-SHA256-66CEB53E,Samuel Hassan,ID-HASH-7178B4B524,BOSA-NRM,Development Loan Normal,620000.00,100000.00,21500.00,26,STAGE_1_EARLY_WATCH,4.15%,2.6x,NAKURU_BR
2025-10-31,STR-LN-102705,TKN-SHA256-3174B82A,Dennis Mutua,ID-HASH-1AE810F7FA,ASSET-FIN,Vehicle & Asset Finance,4750000.00,1980000.00,166500.00,0,STAGE_1_PERFORMING,0.64%,1.5x,NAKURU_BR
2025-10-31,STR-LN-102706,TKN-SHA256-5FB1226F,Mercy Omondi,ID-HASH-28AC708185,BOSA-SCH,School Fees Advance,245000.00,89000.00,8500.00,0,STAGE_1_PERFORMING,0.48%,3.7x,BOMET_BRANCH
2025-10-31,STR-LN-102707,TKN-SHA256-DF7D59FE,Wesley Bett,ID-HASH-E11327CBBD,BOSA-SCH,School Fees Advance,230000.00,120000.00,8000.00,0,STAGE_1_PERFORMING,0.56%,3.2x,ELDORET_BR
2025-10-31,STR-LN-102708,TKN-SHA256-010981B6,Jane Gitonga,ID-HASH-A664CCED9F,MSME-WCP,Business Working Capital,845000.00,576000.00,29500.00,0,STAGE_1_PERFORMING,0.51%,2.6x,MOMBASA_BR
2025-10-31,STR-LN-102709,TKN-SHA256-B12E316F,Gladys Hassan,ID-HASH-D64654A86F,BOSA-NRM,Development Loan Normal,2020000.00,1510000.00,70500.00,20,STAGE_1_EARLY_WATCH,4.31%,3.6x,ELDORET_BR
2025-10-31,STR-LN-102710,TKN-SHA256-E3865702,Cosmas Mutua,ID-HASH-4453405AED,BOSA-NRM,Development Loan Normal,2630000.00,1555000.00,92000.00,0,STAGE_1_PERFORMING,0.69%,2.8x,NAKURU_BR
2025-10-31,STR-LN-102711,TKN-SHA256-323FD576,Bernard Siele,ID-HASH-9CE1969989,BOSA-SCH,School Fees Advance,225000.00,118000.00,8000.00,0,STAGE_1_PERFORMING,0.81%,4.9x,ELDORET_BR
2025-10-31,STR-LN-102712,TKN-SHA256-DB0CD8C9,Wesley Langat,ID-HASH-4F68312F95,BOSA-SCH,School Fees Advance,150000.00,135000.00,5500.00,0,STAGE_1_PERFORMING,0.52%,4.6x,ELDORET_BR
2025-10-31,STR-LN-102713,TKN-SHA256-B750E24B,Bernard Otieno,ID-HASH-444361FE27,BOSA-NRM,Development Loan Normal,1800000.00,906000.00,63000.00,0,STAGE_1_PERFORMING,0.49%,3.4x,HQ_NAIROBI
2025-10-31,STR-LN-102714,TKN-SHA256-645B97EE,Dennis Gitonga,ID-HASH-042AF06D6B,BOSA-SCH,School Fees Advance,50000.00,46000.00,2000.00,0,STAGE_1_PERFORMING,0.68%,3.5x,BOMET_BRANCH
2025-10-31,STR-LN-102715,TKN-SHA256-B239798E,James Ruto,ID-HASH-16A549FC58,BOSA-EMG,Emergency Medical Facility,300000.00,146000.00,10500.00,0,STAGE_1_PERFORMING,0.33%,3.0x,UPPER_HILL
2025-10-31,STR-LN-102716,TKN-SHA256-95F030D3,Mary Kiptoo,ID-HASH-36BD1ECCE3,BOSA-EMG,Emergency Medical Facility,285000.00,215000.00,10000.00,0,STAGE_1_PERFORMING,0.20%,2.0x,BOMET_BRANCH
2025-10-31,STR-LN-102717,TKN-SHA256-AACBE846,John Korir,ID-HASH-7926A49B62,BOSA-EMG,Emergency Medical Facility,105000.00,41000.00,3500.00,0,STAGE_1_PERFORMING,0.78%,2.3x,MOMBASA_BR
2025-10-31,STR-LN-102718,TKN-SHA256-0E64E6A0,Philemon Sang,ID-HASH-88094C674F,FOSA-ADV,Salary Advance 30D,35000.00,31000.00,1000.00,6,STAGE_1_EARLY_WATCH,3.57%,1.4x,ELDORET_BR
2025-10-31,STR-LN-102719,TKN-SHA256-D892D8D8,David Otieno,ID-HASH-0C386E63F5,BOSA-EMG,Emergency Medical Facility,175000.00,103000.00,6000.00,0,STAGE_1_PERFORMING,0.59%,2.7x,ELDORET_BR
2025-10-31,STR-LN-102720,TKN-SHA256-0FD8F2BD,Alice Kariuki,ID-HASH-E9AC99F3F0,BOSA-NRM,Development Loan Normal,3100000.00,2333000.00,108500.00,0,STAGE_1_PERFORMING,0.39%,4.2x,MOMBASA_BR
2025-10-31,STR-LN-102721,TKN-SHA256-D8EA110A,Grace Ochieng,ID-HASH-CFDBBA72A0,BOSA-NRM,Development Loan Normal,3080000.00,2764000.00,108000.00,2,STAGE_1_EARLY_WATCH,3.17%,3.9x,WESTLANDS
2025-10-31,STR-LN-102722,TKN-SHA256-6A4E14DD,Lucy Kimani,ID-HASH-ABF48EC31A,AGRI-TEA,Tea & Coffee Farm Development,615000.00,401000.00,21500.00,166,STAGE_3_NON_PERFORMING,36.80%,2.7x,HQ_NAIROBI
2025-10-31,STR-LN-102723,TKN-SHA256-B374207F,Fatuma Kimani,ID-HASH-4CEEB12CCD,MSME-WCP,Business Working Capital,350000.00,70000.00,12500.00,0,STAGE_1_PERFORMING,0.77%,1.8x,KISUMU_BR
2025-10-31,STR-LN-102724,TKN-SHA256-7C46DAF4,Alice Achieng,ID-HASH-9570D6A1AE,MSME-WCP,Business Working Capital,1005000.00,284000.00,35000.00,0,STAGE_1_PERFORMING,0.52%,2.1x,NAKURU_BR
2025-10-31,STR-LN-102725,TKN-SHA256-6C1148AB,Cosmas Gitonga,ID-HASH-9E185DE747,ASSET-FIN,Vehicle & Asset Finance,2420000.00,531000.00,84500.00,0,STAGE_1_PERFORMING,0.79%,1.7x,KERICHO_CENTRAL
2025-10-31,STR-LN-102726,TKN-SHA256-976FA67B,Jane Njoroge,ID-HASH-168021C630,FOSA-ADV,Salary Advance 30D,130000.00,76000.00,4500.00,0,STAGE_1_PERFORMING,0.19%,1.6x,ELDORET_BR
2025-10-31,STR-LN-102727,TKN-SHA256-EFCC1ABE,Alice Koech,ID-HASH-7BA831FB69,ASSET-FIN,Vehicle & Asset Finance,3280000.00,1981000.00,115000.00,0,STAGE_1_PERFORMING,0.65%,1.2x,KERICHO_CENTRAL
2025-10-31,STR-LN-102728,TKN-SHA256-917E4746,Cosmas Otieno,ID-HASH-E4804ED83F,BOSA-NRM,Development Loan Normal,1920000.00,364000.00,67000.00,0,STAGE_1_PERFORMING,0.63%,3.2x,UPPER_HILL
2025-10-31,STR-LN-102729,TKN-SHA256-9C63504A,Kiprono Mutua,ID-HASH-CDCF626459,AGRI-TEA,Tea & Coffee Farm Development,545000.00,482000.00,19000.00,39,STAGE_2_UNDERPERFORMING,6.20%,3.2x,BOMET_BRANCH
2025-10-31,STR-LN-102730,TKN-SHA256-5577095C,Dennis Chebet,ID-HASH-BFAE37C675,BOSA-SCH,School Fees Advance,235000.00,221000.00,8000.00,0,STAGE_1_PERFORMING,0.53%,4.2x,NANDI_HILLS
2025-10-31,STR-LN-102731,TKN-SHA256-FB33BB7D,Dennis Kimani,ID-HASH-B30D34FDBA,BOSA-SCH,School Fees Advance,45000.00,10000.00,1500.00,0,STAGE_1_PERFORMING,0.68%,4.1x,HQ_NAIROBI
2025-10-31,STR-LN-102732,TKN-SHA256-B13584A8,Gladys Wanjiku,ID-HASH-1FE140C5DF,BOSA-SCH,School Fees Advance,210000.00,128000.00,7500.00,0,STAGE_1_PERFORMING,0.66%,3.6x,BOMET_BRANCH
2025-10-31,STR-LN-102733,TKN-SHA256-9510D8C5,Philemon Kariuki,ID-HASH-C27EAB4AA0,BOSA-EMG,Emergency Medical Facility,195000.00,85000.00,7000.00,0,STAGE_1_PERFORMING,0.74%,3.0x,NANDI_HILLS
2025-10-31,STR-LN-102734,TKN-SHA256-ED121531,Samuel Njoroge,ID-HASH-44E4F8C4CF,BOSA-NRM,Development Loan Normal,1975000.00,1559000.00,69000.00,0,STAGE_1_PERFORMING,0.63%,2.9x,MOMBASA_BR
2025-10-31,STR-LN-102735,TKN-SHA256-BDDEFD8C,Emmanuel Mutua,ID-HASH-64F9B90813,BOSA-EMG,Emergency Medical Facility,140000.00,41000.00,5000.00,3,STAGE_1_EARLY_WATCH,2.48%,2.8x,ELDORET_BR
2025-10-31,STR-LN-102736,TKN-SHA256-092FEE4A,Cosmas Otieno,ID-HASH-D9C7AEC008,BOSA-EMG,Emergency Medical Facility,200000.00,183000.00,7000.00,10,STAGE_1_EARLY_WATCH,2.11%,1.9x,MOMBASA_BR
2025-10-31,STR-LN-102737,TKN-SHA256-B23F6F69,Grace Bett,ID-HASH-D2927B3D4A,ASSET-FIN,Vehicle & Asset Finance,1770000.00,1451000.00,62000.00,0,STAGE_1_PERFORMING,0.87%,1.8x,BOMET_BRANCH
2025-10-31,STR-LN-102738,TKN-SHA256-AF698984,Grace Ali,ID-HASH-982060A34C,BOSA-EMG,Emergency Medical Facility,235000.00,210000.00,8000.00,0,STAGE_1_PERFORMING,0.94%,2.0x,KERICHO_CENTRAL
2025-10-31,STR-LN-102739,TKN-SHA256-51B9D441,Grace Gitonga,ID-HASH-C69698ED96,FOSA-ADV,Salary Advance 30D,130000.00,22000.00,4500.00,0,STAGE_1_PERFORMING,0.89%,1.4x,KERICHO_CENTRAL
2025-10-31,STR-LN-102740,TKN-SHA256-39A56EB9,Emmanuel Kimani,ID-HASH-5AF3B56F3C,BOSA-EMG,Emergency Medical Facility,145000.00,43000.00,5000.00,0,STAGE_1_PERFORMING,0.89%,2.0x,NAKURU_BR
2025-10-31,STR-LN-102741,TKN-SHA256-875CB2EE,Dennis Koech,ID-HASH-1B00DD2AD1,MSME-WCP,Business Working Capital,455000.00,253000.00,16000.00,3,STAGE_1_EARLY_WATCH,3.47%,2.7x,KISUMU_BR
2025-10-31,STR-LN-102742,TKN-SHA256-8F3E12C8,Jane Korir,ID-HASH-CDD65FA043,BOSA-EMG,Emergency Medical Facility,75000.00,51000.00,2500.00,0,STAGE_1_PERFORMING,0.61%,2.8x,BOMET_BRANCH
2025-10-31,STR-LN-102743,TKN-SHA256-1E3B3316,Lucy Hassan,ID-HASH-455250AE5D,BOSA-SCH,School Fees Advance,220000.00,40000.00,7500.00,0,STAGE_1_PERFORMING,0.56%,3.2x,KISUMU_BR
2025-10-31,STR-LN-102744,TKN-SHA256-B557C973,Wesley Rono,ID-HASH-26ABF1D4A4,BOSA-SCH,School Fees Advance,190000.00,151000.00,6500.00,0,STAGE_1_PERFORMING,0.40%,3.4x,KERICHO_CENTRAL
2025-10-31,STR-LN-102745,TKN-SHA256-1D3394E5,David Langat,ID-HASH-3A192237C3,BOSA-EMG,Emergency Medical Facility,180000.00,97000.00,6500.00,0,STAGE_1_PERFORMING,0.49%,2.5x,ELDORET_BR
2025-10-31,STR-LN-102746,TKN-SHA256-7EAD30AE,Cosmas Chebet,ID-HASH-B8915FFAFF,MSME-WCP,Business Working Capital,575000.00,304000.00,20000.00,0,STAGE_1_PERFORMING,0.71%,1.7x,WESTLANDS
2025-10-31,STR-LN-102747,TKN-SHA256-6D7F0F1D,Grace Korir,ID-HASH-554781E40A,AGRI-TEA,Tea & Coffee Farm Development,590000.00,438000.00,20500.00,0,STAGE_1_PERFORMING,0.66%,2.8x,NANDI_HILLS
2025-10-31,STR-LN-102748,TKN-SHA256-8CD5F1D4,Geoffrey Kamau,ID-HASH-F85F90E2B4,ASSET-FIN,Vehicle & Asset Finance,3915000.00,3113000.00,137000.00,0,STAGE_1_PERFORMING,0.55%,1.8x,MOMBASA_BR
2025-10-31,STR-LN-102749,TKN-SHA256-FBBFB849,Peter Ali,ID-HASH-718034D21D,AGRI-TEA,Tea & Coffee Farm Development,845000.00,183000.00,29500.00,0,STAGE_1_PERFORMING,0.52%,3.6x,ELDORET_BR
2025-10-31,STR-LN-102750,TKN-SHA256-C4ED48AE,Stephen Omondi,ID-HASH-2568B069AD,BOSA-SCH,School Fees Advance,85000.00,32000.00,3000.00,0,STAGE_1_PERFORMING,0.26%,3.3x,WESTLANDS
2025-10-31,STR-LN-102751,TKN-SHA256-40348BCD,Gladys Mutua,ID-HASH-1FADA011BD,BOSA-NRM,Development Loan Normal,1005000.00,716000.00,35000.00,0,STAGE_1_PERFORMING,0.73%,3.4x,NANDI_HILLS
2025-10-31,STR-LN-102752,TKN-SHA256-A09602DF,Mercy Omondi,ID-HASH-01E5E8EF89,AGRI-TEA,Tea & Coffee Farm Development,790000.00,432000.00,27500.00,0,STAGE_1_PERFORMING,0.81%,2.5x,ELDORET_BR
2025-10-31,STR-LN-102753,TKN-SHA256-AAD1E97D,Mercy Njoroge,ID-HASH-2948FE807F,ASSET-FIN,Vehicle & Asset Finance,3675000.00,1269000.00,128500.00,0,STAGE_1_PERFORMING,0.59%,1.5x,NAKURU_BR
2025-10-31,STR-LN-102754,TKN-SHA256-AC5C15EB,Peter Siele,ID-HASH-EB79DFDA76,AGRI-TEA,Tea & Coffee Farm Development,535000.00,320000.00,18500.00,0,STAGE_1_PERFORMING,0.27%,2.5x,KISUMU_BR
2025-10-31,STR-LN-102755,TKN-SHA256-3BE7A517,Beatrice Omondi,ID-HASH-F745EC1686,AGRI-TEA,Tea & Coffee Farm Development,1085000.00,226000.00,38000.00,0,STAGE_1_PERFORMING,0.39%,2.7x,KISUMU_BR
2025-10-31,STR-LN-102756,TKN-SHA256-7D0AAB0F,Mary Rono,ID-HASH-5AE74D28A9,MSME-WCP,Business Working Capital,1305000.00,1138000.00,45500.00,0,STAGE_1_PERFORMING,0.32%,2.5x,ELDORET_BR
2025-10-31,STR-LN-102757,TKN-SHA256-71E2B080,Gladys Wanjiku,ID-HASH-FBD15D2F27,BOSA-EMG,Emergency Medical Facility,220000.00,62000.00,7500.00,0,STAGE_1_PERFORMING,0.53%,2.8x,KISUMU_BR
2025-10-31,STR-LN-102758,TKN-SHA256-923B45B4,David Wambui,ID-HASH-3ABB83C516,ASSET-FIN,Vehicle & Asset Finance,1630000.00,817000.00,57000.00,0,STAGE_1_PERFORMING,0.80%,1.4x,HQ_NAIROBI
2025-10-31,STR-LN-102759,TKN-SHA256-5D4C3FBE,Cosmas Otieno,ID-HASH-F38E9DA0E4,AGRI-TEA,Tea & Coffee Farm Development,355000.00,86000.00,12500.00,0,STAGE_1_PERFORMING,0.21%,3.5x,ELDORET_BR
2025-10-31,STR-LN-102760,TKN-SHA256-5B6B1956,Grace Kariuki,ID-HASH-6418D1F933,FOSA-ADV,Salary Advance 30D,50000.00,8000.00,2000.00,0,STAGE_1_PERFORMING,0.41%,1.4x,NANDI_HILLS
2025-10-31,STR-LN-102761,TKN-SHA256-3C9B1A2F,Catherine Ochieng,ID-HASH-31D7EE6DC1,BOSA-SCH,School Fees Advance,85000.00,78000.00,3000.00,0,STAGE_1_PERFORMING,0.94%,3.1x,HQ_NAIROBI
2025-10-31,STR-LN-102762,TKN-SHA256-1D358124,Kiprono Bett,ID-HASH-F00F3A3DA4,MSME-WCP,Business Working Capital,890000.00,219000.00,31000.00,0,STAGE_1_PERFORMING,0.68%,2.3x,UPPER_HILL
2025-10-31,STR-LN-102763,TKN-SHA256-25B50113,Peter Korir,ID-HASH-EB145D0E9E,FOSA-ADV,Salary Advance 30D,145000.00,27000.00,5000.00,0,STAGE_1_PERFORMING,0.36%,1.4x,MOMBASA_BR
2025-10-31,STR-LN-102764,TKN-SHA256-613B6C14,Beatrice Kamau,ID-HASH-3F6B4F296E,BOSA-SCH,School Fees Advance,240000.00,184000.00,8500.00,4,STAGE_1_EARLY_WATCH,2.48%,5.1x,BOMET_BRANCH
2025-10-31,STR-LN-102765,TKN-SHA256-267208C6,Samuel Kimani,ID-HASH-B7A7C44EFB,FOSA-ADV,Salary Advance 30D,115000.00,83000.00,4000.00,0,STAGE_1_PERFORMING,0.17%,1.3x,MOMBASA_BR
2025-10-31,STR-LN-102766,TKN-SHA256-479E0A61,Bernard Otieno,ID-HASH-0550615B56,BOSA-SCH,School Fees Advance,185000.00,155000.00,6500.00,0,STAGE_1_PERFORMING,0.77%,4.6x,NANDI_HILLS
2025-10-31,STR-LN-102767,TKN-SHA256-D502A4C7,Samuel Mutua,ID-HASH-589AFCC6D5,BOSA-SCH,School Fees Advance,70000.00,65000.00,2500.00,16,STAGE_1_EARLY_WATCH,1.90%,4.1x,UPPER_HILL
2025-10-31,STR-LN-102768,TKN-SHA256-F78FB41E,Catherine Mutua,ID-HASH-9F5B691DF5,FOSA-ADV,Salary Advance 30D,150000.00,103000.00,5500.00,0,STAGE_1_PERFORMING,0.47%,1.5x,NAKURU_BR
2025-10-31,STR-LN-102769,TKN-SHA256-E371FC33,Philemon Wanjiku,ID-HASH-8F846956A8,BOSA-NRM,Development Loan Normal,3255000.00,1179000.00,114000.00,0,STAGE_1_PERFORMING,0.45%,3.3x,KISUMU_BR
2025-10-31,STR-LN-102770,TKN-SHA256-0DF50082,Cosmas Otieno,ID-HASH-B5056BD712,AGRI-TEA,Tea & Coffee Farm Development,340000.00,202000.00,12000.00,0,STAGE_1_PERFORMING,0.57%,3.3x,HQ_NAIROBI
2025-10-31,STR-LN-102771,TKN-SHA256-DFBB7814,Catherine Kariuki,ID-HASH-9CFB38A914,BOSA-NRM,Development Loan Normal,540000.00,175000.00,19000.00,0,STAGE_1_PERFORMING,0.80%,3.2x,NANDI_HILLS
2025-10-31,STR-LN-102772,TKN-SHA256-AF5EC73A,Catherine Otieno,ID-HASH-890994CF3E,AGRI-TEA,Tea & Coffee Farm Development,1120000.00,213000.00,39000.00,0,STAGE_1_PERFORMING,0.84%,2.9x,UPPER_HILL
2025-10-31,STR-LN-102773,TKN-SHA256-6D1658F1,Catherine Achieng,ID-HASH-E3426C4391,BOSA-SCH,School Fees Advance,155000.00,68000.00,5500.00,0,STAGE_1_PERFORMING,0.47%,3.9x,UPPER_HILL
2025-10-31,STR-LN-102774,TKN-SHA256-CD34B453,Peter Chebet,ID-HASH-F09EBF867C,BOSA-EMG,Emergency Medical Facility,260000.00,149000.00,9000.00,0,STAGE_1_PERFORMING,0.34%,2.9x,MOMBASA_BR
2025-10-31,STR-LN-102775,TKN-SHA256-6BF39F66,Gladys Achieng,ID-HASH-A90521120D,AGRI-TEA,Tea & Coffee Farm Development,545000.00,328000.00,19000.00,0,STAGE_1_PERFORMING,0.20%,3.7x,KISUMU_BR
2025-10-31,STR-LN-102776,TKN-SHA256-CFEE4D17,James Hassan,ID-HASH-99F6EFC044,FOSA-ADV,Salary Advance 30D,85000.00,46000.00,3000.00,0,STAGE_1_PERFORMING,0.51%,1.1x,KERICHO_CENTRAL
2025-10-31,STR-LN-102777,TKN-SHA256-51129541,Jane Sang,ID-HASH-A45DF78B93,AGRI-TEA,Tea & Coffee Farm Development,585000.00,521000.00,20500.00,0,STAGE_1_PERFORMING,0.21%,3.1x,BOMET_BRANCH
2025-10-31,STR-LN-102778,TKN-SHA256-4E6115D1,Geoffrey Rono,ID-HASH-F7E97C33BB,BOSA-SCH,School Fees Advance,50000.00,46000.00,2000.00,0,STAGE_1_PERFORMING,0.51%,4.9x,NAKURU_BR
2025-10-31,STR-LN-102779,TKN-SHA256-5C6E2873,Jane Ruto,ID-HASH-B52E29D6E0,ASSET-FIN,Vehicle & Asset Finance,4425000.00,3395000.00,155000.00,0,STAGE_1_PERFORMING,0.80%,1.8x,WESTLANDS
2025-10-31,STR-LN-102780,TKN-SHA256-B0557438,Mary Hassan,ID-HASH-AFFDC251A3,BOSA-SCH,School Fees Advance,180000.00,81000.00,6500.00,82,STAGE_2_UNDERPERFORMING,8.28%,3.8x,ELDORET_BR
2025-10-31,STR-LN-102781,TKN-SHA256-790FC60A,Philemon Kimani,ID-HASH-EF2468A1B8,MSME-WCP,Business Working Capital,795000.00,365000.00,28000.00,0,STAGE_1_PERFORMING,0.74%,1.7x,NANDI_HILLS
2025-10-31,STR-LN-102782,TKN-SHA256-7DB9775A,Grace Achieng,ID-HASH-8AE5C2B128,BOSA-SCH,School Fees Advance,110000.00,100000.00,4000.00,0,STAGE_1_PERFORMING,0.71%,3.2x,KISUMU_BR
2025-10-31,STR-LN-102783,TKN-SHA256-7377EDD4,Geoffrey Wambui,ID-HASH-DEF08DC809,BOSA-NRM,Development Loan Normal,685000.00,175000.00,24000.00,27,STAGE_1_EARLY_WATCH,3.83%,2.8x,KERICHO_CENTRAL
2025-10-31,STR-LN-102784,TKN-SHA256-D1E5E337,Dennis Kiptoo,ID-HASH-EC10C34D8B,MSME-WCP,Business Working Capital,1780000.00,503000.00,62500.00,0,STAGE_1_PERFORMING,0.84%,1.6x,KISUMU_BR
2025-10-31,STR-LN-102785,TKN-SHA256-467CB2BA,Kiprono Koech,ID-HASH-D9FFC3F9EF,FOSA-ADV,Salary Advance 30D,105000.00,55000.00,3500.00,0,STAGE_1_PERFORMING,0.59%,1.5x,WESTLANDS
2025-10-31,STR-LN-102786,TKN-SHA256-07F42B79,Geoffrey Njoroge,ID-HASH-E0009BCD34,FOSA-ADV,Salary Advance 30D,65000.00,54000.00,2500.00,0,STAGE_1_PERFORMING,0.32%,1.4x,WESTLANDS
2025-10-31,STR-LN-102787,TKN-SHA256-D6D8423E,Lucy Hassan,ID-HASH-48E0843EDC,FOSA-ADV,Salary Advance 30D,120000.00,109000.00,4000.00,83,STAGE_2_UNDERPERFORMING,10.43%,1.4x,MOMBASA_BR
2025-10-31,STR-LN-102788,TKN-SHA256-781A47AF,Mercy Chebet,ID-HASH-5A39BB5284,BOSA-SCH,School Fees Advance,235000.00,161000.00,8000.00,0,STAGE_1_PERFORMING,0.49%,3.7x,ELDORET_BR
2025-10-31,STR-LN-102789,TKN-SHA256-6D49B138,Tabitha Rono,ID-HASH-3B137BB605,FOSA-ADV,Salary Advance 30D,25000.00,18000.00,1000.00,0,STAGE_1_PERFORMING,0.44%,1.1x,KERICHO_CENTRAL
2025-10-31,STR-LN-102790,TKN-SHA256-649B237E,Peter Mwangi,ID-HASH-2964F7B7D4,BOSA-EMG,Emergency Medical Facility,190000.00,112000.00,6500.00,0,STAGE_1_PERFORMING,0.79%,2.7x,BOMET_BRANCH
2025-10-31,STR-LN-102791,TKN-SHA256-37372F7D,Dennis Wambui,ID-HASH-11EC07A1E3,AGRI-TEA,Tea & Coffee Farm Development,290000.00,124000.00,10000.00,0,STAGE_1_PERFORMING,0.31%,3.4x,HQ_NAIROBI
2025-10-31,STR-LN-102792,TKN-SHA256-068AA407,Fatuma Wambui,ID-HASH-21E66726CC,BOSA-NRM,Development Loan Normal,3010000.00,1945000.00,105500.00,0,STAGE_1_PERFORMING,0.56%,3.2x,KERICHO_CENTRAL
2025-10-31,STR-LN-102793,TKN-SHA256-DDC764AA,Wesley Sang,ID-HASH-4574E2D164,ASSET-FIN,Vehicle & Asset Finance,2755000.00,1837000.00,96500.00,0,STAGE_1_PERFORMING,0.63%,1.9x,BOMET_BRANCH
2025-10-31,STR-LN-102794,TKN-SHA256-84692B23,Mary Wambui,ID-HASH-DCEDB8BC92,BOSA-NRM,Development Loan Normal,1700000.00,1302000.00,59500.00,0,STAGE_1_PERFORMING,0.34%,3.8x,KERICHO_CENTRAL
2025-10-31,STR-LN-102795,TKN-SHA256-21ECC2D1,James Omondi,ID-HASH-64E5C823C6,BOSA-SCH,School Fees Advance,200000.00,123000.00,7000.00,107,STAGE_3_NON_PERFORMING,22.05%,4.8x,NAKURU_BR
2025-10-31,STR-LN-102796,TKN-SHA256-C45F3760,Grace Cheruiyot,ID-HASH-CB624001A7,AGRI-TEA,Tea & Coffee Farm Development,1085000.00,964000.00,38000.00,0,STAGE_1_PERFORMING,0.25%,2.9x,BOMET_BRANCH
2025-10-31,STR-LN-102797,TKN-SHA256-84B11C09,Jane Rono,ID-HASH-2AFBF6C3BE,BOSA-NRM,Development Loan Normal,1065000.00,184000.00,37500.00,0,STAGE_1_PERFORMING,0.35%,2.9x,NANDI_HILLS
2025-10-31,STR-LN-102798,TKN-SHA256-7045512D,Kiprono Wanjiku,ID-HASH-0CD892DBC1,AGRI-TEA,Tea & Coffee Farm Development,515000.00,242000.00,18000.00,0,STAGE_1_PERFORMING,0.56%,2.4x,ELDORET_BR
2025-10-31,STR-LN-102799,TKN-SHA256-6431FC6E,Kiprono Sang,ID-HASH-D828F9F4D1,BOSA-NRM,Development Loan Normal,750000.00,342000.00,26500.00,59,STAGE_2_UNDERPERFORMING,10.81%,3.7x,NAKURU_BR
2025-10-31,STR-LN-102800,TKN-SHA256-CB9E89DE,John Kiptoo,ID-HASH-916083DD2E,BOSA-SCH,School Fees Advance,120000.00,51000.00,4000.00,0,STAGE_1_PERFORMING,0.60%,4.0x,WESTLANDS
2025-10-31,STR-LN-102801,TKN-SHA256-16AD2D51,Samuel Korir,ID-HASH-2FEB73529A,BOSA-NRM,Development Loan Normal,1825000.00,1595000.00,64000.00,0,STAGE_1_PERFORMING,0.85%,3.7x,NANDI_HILLS
2025-10-31,STR-LN-102802,TKN-SHA256-58F2DB37,Dennis Mutua,ID-HASH-8C753FC53D,BOSA-SCH,School Fees Advance,250000.00,65000.00,9000.00,0,STAGE_1_PERFORMING,0.87%,2.9x,NANDI_HILLS
2025-10-31,STR-LN-102803,TKN-SHA256-A828AE51,Cosmas Ali,ID-HASH-CA2C125293,BOSA-SCH,School Fees Advance,120000.00,51000.00,4000.00,0,STAGE_1_PERFORMING,0.46%,5.0x,HQ_NAIROBI
2025-10-31,STR-LN-102804,TKN-SHA256-630F3B27,Geoffrey Langat,ID-HASH-DF5AC3353E,ASSET-FIN,Vehicle & Asset Finance,2975000.00,2356000.00,104000.00,0,STAGE_1_PERFORMING,0.15%,1.9x,HQ_NAIROBI
2025-10-31,STR-LN-102805,TKN-SHA256-DD2A3354,Fatuma Koech,ID-HASH-09F92904F9,AGRI-TEA,Tea & Coffee Farm Development,925000.00,280000.00,32500.00,0,STAGE_1_PERFORMING,0.58%,3.7x,WESTLANDS
2025-10-31,STR-LN-102806,TKN-SHA256-AAFB460E,David Koech,ID-HASH-3DFDD580B7,FOSA-ADV,Salary Advance 30D,135000.00,37000.00,4500.00,0,STAGE_1_PERFORMING,0.25%,1.6x,BOMET_BRANCH
2025-10-31,STR-LN-102807,TKN-SHA256-B1116BF4,Philemon Wambui,ID-HASH-0D9A9205BB,BOSA-EMG,Emergency Medical Facility,95000.00,88000.00,3500.00,0,STAGE_1_PERFORMING,0.91%,2.6x,WESTLANDS
2025-10-31,STR-LN-102808,TKN-SHA256-D8DFB628,James Achieng,ID-HASH-2E34B22ADD,FOSA-ADV,Salary Advance 30D,120000.00,43000.00,4000.00,0,STAGE_1_PERFORMING,0.20%,1.3x,ELDORET_BR
2025-10-31,STR-LN-102809,TKN-SHA256-6764E048,Hassan Kariuki,ID-HASH-2809F7BB98,BOSA-EMG,Emergency Medical Facility,235000.00,76000.00,8000.00,0,STAGE_1_PERFORMING,0.60%,2.7x,KERICHO_CENTRAL
2025-10-31,STR-LN-102810,TKN-SHA256-81E03A0A,David Mwangi,ID-HASH-39B24C232D,MSME-WCP,Business Working Capital,1690000.00,768000.00,59000.00,0,STAGE_1_PERFORMING,0.83%,2.0x,NAKURU_BR
2025-10-31,STR-LN-102811,TKN-SHA256-C29227CC,Grace Bett,ID-HASH-82E0353A17,BOSA-EMG,Emergency Medical Facility,255000.00,156000.00,9000.00,0,STAGE_1_PERFORMING,0.22%,2.5x,KERICHO_CENTRAL
2025-10-31,STR-LN-102812,TKN-SHA256-117ECE33,Stephen Mwangi,ID-HASH-CA27A8FE50,AGRI-TEA,Tea & Coffee Farm Development,430000.00,183000.00,15000.00,0,STAGE_1_PERFORMING,0.66%,2.3x,KERICHO_CENTRAL
2025-10-31,STR-LN-102813,TKN-SHA256-0F9D711A,John Chebet,ID-HASH-D39397BDDE,ASSET-FIN,Vehicle & Asset Finance,2350000.00,1828000.00,82500.00,0,STAGE_1_PERFORMING,0.25%,1.3x,HQ_NAIROBI
2025-10-31,STR-LN-102814,TKN-SHA256-6F10BA65,Bernard Korir,ID-HASH-0C63F201E2,AGRI-TEA,Tea & Coffee Farm Development,870000.00,390000.00,30500.00,16,STAGE_1_EARLY_WATCH,4.25%,3.8x,NAKURU_BR
2025-10-31,STR-LN-102815,TKN-SHA256-3C632030,Hassan Kimani,ID-HASH-849C6980AB,BOSA-EMG,Emergency Medical Facility,180000.00,66000.00,6500.00,0,STAGE_1_PERFORMING,0.50%,2.6x,ELDORET_BR
2025-10-31,STR-LN-102816,TKN-SHA256-BEF70FEC,Peter Omondi,ID-HASH-37130FCB1E,FOSA-ADV,Salary Advance 30D,35000.00,13000.00,1000.00,0,STAGE_1_PERFORMING,0.23%,0.9x,BOMET_BRANCH
2025-10-31,STR-LN-102817,TKN-SHA256-B253E3F6,Peter Mutua,ID-HASH-49010AD12B,MSME-WCP,Business Working Capital,1180000.00,613000.00,41500.00,0,STAGE_1_PERFORMING,0.79%,1.7x,KISUMU_BR
2025-10-31,STR-LN-102818,TKN-SHA256-382BCC36,Geoffrey Ali,ID-HASH-27DD82F15C,AGRI-TEA,Tea & Coffee Farm Development,380000.00,198000.00,13500.00,0,STAGE_1_PERFORMING,0.57%,2.8x,WESTLANDS
2025-10-31,STR-LN-102819,TKN-SHA256-1BF3CA0F,Cosmas Siele,ID-HASH-6F5A1CFE10,ASSET-FIN,Vehicle & Asset Finance,1460000.00,849000.00,51000.00,0,STAGE_1_PERFORMING,0.83%,1.9x,NANDI_HILLS
2025-10-31,STR-LN-102820,TKN-SHA256-8E84C869,Fatuma Sang,ID-HASH-991F4F1D4C,AGRI-TEA,Tea & Coffee Farm Development,875000.00,461000.00,30500.00,75,STAGE_2_UNDERPERFORMING,10.62%,2.8x,KISUMU_BR
2025-10-31,STR-LN-102821,TKN-SHA256-EBB5C1B9,Fatuma Kimani,ID-HASH-2BB8564C79,MSME-WCP,Business Working Capital,430000.00,79000.00,15000.00,0,STAGE_1_PERFORMING,0.56%,2.0x,UPPER_HILL
2025-10-31,STR-LN-102822,TKN-SHA256-C9DEF59E,Mercy Kiptoo,ID-HASH-A7ECB45939,FOSA-ADV,Salary Advance 30D,120000.00,65000.00,4000.00,0,STAGE_1_PERFORMING,0.87%,1.6x,KISUMU_BR
2025-10-31,STR-LN-102823,TKN-SHA256-629E4225,Hassan Wambui,ID-HASH-45C4195E35,FOSA-ADV,Salary Advance 30D,90000.00,75000.00,3000.00,0,STAGE_1_PERFORMING,0.32%,1.4x,HQ_NAIROBI
2025-10-31,STR-LN-102824,TKN-SHA256-23B416BA,Catherine Sang,ID-HASH-B9AA6D9C7E,BOSA-EMG,Emergency Medical Facility,180000.00,80000.00,6500.00,14,STAGE_1_EARLY_WATCH,4.18%,3.1x,KERICHO_CENTRAL
2025-10-31,STR-LN-102825,TKN-SHA256-A5AFEE96,Samuel Ochieng,ID-HASH-DDBD986184,ASSET-FIN,Vehicle & Asset Finance,4995000.00,1042000.00,175000.00,0,STAGE_1_PERFORMING,0.51%,1.9x,KERICHO_CENTRAL
2025-10-31,STR-LN-102826,TKN-SHA256-DCFB840C,Wesley Bett,ID-HASH-AEB8846C2F,BOSA-EMG,Emergency Medical Facility,185000.00,105000.00,6500.00,0,STAGE_1_PERFORMING,0.62%,3.1x,BOMET_BRANCH
2025-10-31,STR-LN-102827,TKN-SHA256-58DFF5E2,Kiprono Rono,ID-HASH-99C55B9A62,FOSA-ADV,Salary Advance 30D,135000.00,115000.00,4500.00,0,STAGE_1_PERFORMING,0.47%,0.9x,UPPER_HILL
2025-10-31,STR-LN-102828,TKN-SHA256-0DBD95CD,Emmanuel Siele,ID-HASH-E381EBFEE9,ASSET-FIN,Vehicle & Asset Finance,4420000.00,1989000.00,154500.00,0,STAGE_1_PERFORMING,0.77%,1.9x,UPPER_HILL
2025-10-31,STR-LN-102829,TKN-SHA256-EC6B6A40,Fatuma Korir,ID-HASH-2C0DABBB64,BOSA-NRM,Development Loan Normal,650000.00,275000.00,23000.00,0,STAGE_1_PERFORMING,0.56%,3.7x,KISUMU_BR
2025-10-31,STR-LN-102830,TKN-SHA256-CC2E9DA5,Gladys Korir,ID-HASH-F770FF3CCB,BOSA-NRM,Development Loan Normal,1935000.00,908000.00,67500.00,0,STAGE_1_PERFORMING,0.65%,2.7x,BOMET_BRANCH
2025-10-31,STR-LN-102831,TKN-SHA256-9CE8D468,Geoffrey Mutua,ID-HASH-28E4D94BCA,ASSET-FIN,Vehicle & Asset Finance,1885000.00,1072000.00,66000.00,0,STAGE_1_PERFORMING,0.91%,1.3x,MOMBASA_BR
2025-10-31,STR-LN-102832,TKN-SHA256-71A6EEBA,Jane Ali,ID-HASH-2B0464E345,MSME-WCP,Business Working Capital,885000.00,368000.00,31000.00,0,STAGE_1_PERFORMING,0.75%,2.4x,NAKURU_BR
2025-10-31,STR-LN-102833,TKN-SHA256-B1D52A3D,Lucy Ruto,ID-HASH-D9FF43741B,BOSA-SCH,School Fees Advance,210000.00,55000.00,7500.00,0,STAGE_1_PERFORMING,0.34%,3.9x,NANDI_HILLS
2025-10-31,STR-LN-102834,TKN-SHA256-4A85AE61,Geoffrey Njoroge,ID-HASH-C1081A45E8,MSME-WCP,Business Working Capital,260000.00,55000.00,9000.00,37,STAGE_2_UNDERPERFORMING,7.02%,1.9x,KISUMU_BR
2025-10-31,STR-LN-102835,TKN-SHA256-349A14F4,Fatuma Gitonga,ID-HASH-C802472872,BOSA-NRM,Development Loan Normal,1160000.00,374000.00,40500.00,67,STAGE_2_UNDERPERFORMING,9.42%,3.5x,MOMBASA_BR
2025-10-31,STR-LN-102836,TKN-SHA256-AAFEA2C1,Hassan Kiptoo,ID-HASH-B766FE9EA9,ASSET-FIN,Vehicle & Asset Finance,2095000.00,443000.00,73500.00,0,STAGE_1_PERFORMING,0.71%,1.1x,HQ_NAIROBI
2025-10-31,STR-LN-102837,TKN-SHA256-5E2760E6,Fatuma Kamau,ID-HASH-292C0AC501,ASSET-FIN,Vehicle & Asset Finance,4320000.00,2772000.00,151000.00,0,STAGE_1_PERFORMING,0.20%,1.1x,MOMBASA_BR
2025-10-31,STR-LN-102838,TKN-SHA256-19204BB5,Peter Ruto,ID-HASH-A746C1DCD1,BOSA-NRM,Development Loan Normal,1805000.00,1708000.00,63000.00,0,STAGE_1_PERFORMING,0.48%,4.2x,NAKURU_BR
2025-10-31,STR-LN-102839,TKN-SHA256-B4F7DB9F,Hassan Achieng,ID-HASH-A9A90CB2BF,BOSA-SCH,School Fees Advance,175000.00,91000.00,6000.00,0,STAGE_1_PERFORMING,0.40%,3.9x,WESTLANDS
2025-10-31,STR-LN-102840,TKN-SHA256-EAD6D808,Grace Koech,ID-HASH-9A1379BC83,ASSET-FIN,Vehicle & Asset Finance,2995000.00,1817000.00,105000.00,0,STAGE_1_PERFORMING,0.87%,1.9x,MOMBASA_BR
2025-10-31,STR-LN-102841,TKN-SHA256-B2A20B20,Tabitha Chebet,ID-HASH-B11C9FD160,MSME-WCP,Business Working Capital,635000.00,426000.00,22000.00,0,STAGE_1_PERFORMING,0.51%,1.9x,ELDORET_BR
2025-10-31,STR-LN-102842,TKN-SHA256-AFE37683,Jane Siele,ID-HASH-E3797478A9,MSME-WCP,Business Working Capital,1735000.00,1517000.00,60500.00,0,STAGE_1_PERFORMING,0.50%,1.5x,ELDORET_BR
2025-10-31,STR-LN-102843,TKN-SHA256-7274A330,John Ruto,ID-HASH-07C6AB30E2,MSME-WCP,Business Working Capital,1370000.00,303000.00,48000.00,0,STAGE_1_PERFORMING,0.93%,2.6x,KISUMU_BR
2025-10-31,STR-LN-102844,TKN-SHA256-392A4441,Alice Wambui,ID-HASH-047986BB86,AGRI-TEA,Tea & Coffee Farm Development,355000.00,195000.00,12500.00,0,STAGE_1_PERFORMING,0.16%,2.9x,NANDI_HILLS
2025-10-31,STR-LN-102845,TKN-SHA256-4C66A4E3,James Wanjiku,ID-HASH-250F57010B,BOSA-NRM,Development Loan Normal,1165000.00,578000.00,41000.00,0,STAGE_1_PERFORMING,0.64%,2.7x,HQ_NAIROBI
2025-10-31,STR-LN-102846,TKN-SHA256-772F0656,Jane Mutua,ID-HASH-580BF65239,ASSET-FIN,Vehicle & Asset Finance,4695000.00,984000.00,164500.00,0,STAGE_1_PERFORMING,0.32%,1.3x,NANDI_HILLS
2025-10-31,STR-LN-102847,TKN-SHA256-89C8D971,David Siele,ID-HASH-01CB6DF556,BOSA-NRM,Development Loan Normal,2890000.00,2504000.00,101000.00,0,STAGE_1_PERFORMING,0.41%,4.2x,UPPER_HILL
2025-10-31,STR-LN-102848,TKN-SHA256-462CD4C8,Kiprono Kariuki,ID-HASH-11DF14BE34,FOSA-ADV,Salary Advance 30D,45000.00,21000.00,1500.00,79,STAGE_2_UNDERPERFORMING,5.67%,1.2x,NAKURU_BR
2025-10-31,STR-LN-102849,TKN-SHA256-1751E7D2,Grace Siele,ID-HASH-44D16F34BE,BOSA-NRM,Development Loan Normal,2040000.00,684000.00,71500.00,46,STAGE_2_UNDERPERFORMING,10.00%,2.9x,MOMBASA_BR
2025-10-31,STR-LN-102850,TKN-SHA256-341EBED7,Fatuma Kamau,ID-HASH-24E7FD4261,BOSA-SCH,School Fees Advance,180000.00,158000.00,6500.00,0,STAGE_1_PERFORMING,0.22%,4.5x,KISUMU_BR
2025-10-31,STR-LN-102851,TKN-SHA256-0C952C07,Peter Kiptoo,ID-HASH-1372080CF6,BOSA-NRM,Development Loan Normal,2115000.00,818000.00,74000.00,0,STAGE_1_PERFORMING,0.30%,3.2x,KISUMU_BR
2025-10-31,STR-LN-102852,TKN-SHA256-5FAFECF7,Mercy Rono,ID-HASH-DC8F9594B8,FOSA-ADV,Salary Advance 30D,105000.00,20000.00,3500.00,0,STAGE_1_PERFORMING,0.79%,1.1x,KERICHO_CENTRAL
2025-10-31,STR-LN-102853,TKN-SHA256-7BBCC310,Lucy Cheruiyot,ID-HASH-7581394880,BOSA-NRM,Development Loan Normal,3110000.00,737000.00,109000.00,0,STAGE_1_PERFORMING,0.27%,2.8x,KERICHO_CENTRAL
2025-10-31,STR-LN-102854,TKN-SHA256-CE24E3E0,Catherine Kariuki,ID-HASH-E55CCC4DFF,BOSA-SCH,School Fees Advance,230000.00,140000.00,8000.00,0,STAGE_1_PERFORMING,0.66%,2.9x,MOMBASA_BR
2025-10-31,STR-LN-102855,TKN-SHA256-4099B894,Samuel Omondi,ID-HASH-5199804909,FOSA-ADV,Salary Advance 30D,75000.00,25000.00,2500.00,60,STAGE_2_UNDERPERFORMING,10.82%,1.4x,KERICHO_CENTRAL
2025-10-31,STR-LN-102856,TKN-SHA256-8391ED1F,Philemon Cheruiyot,ID-HASH-DE4BAD5012,BOSA-EMG,Emergency Medical Facility,60000.00,30000.00,2000.00,0,STAGE_1_PERFORMING,0.93%,3.4x,ELDORET_BR
2025-10-31,STR-LN-102857,TKN-SHA256-891D62CD,Emmanuel Gitonga,ID-HASH-E5D1077B86,BOSA-EMG,Emergency Medical Facility,220000.00,76000.00,7500.00,0,STAGE_1_PERFORMING,0.28%,2.4x,MOMBASA_BR
2025-10-31,STR-LN-102858,TKN-SHA256-E09CA7E7,Cosmas Kariuki,ID-HASH-78490F382E,MSME-WCP,Business Working Capital,245000.00,84000.00,8500.00,21,STAGE_1_EARLY_WATCH,2.38%,2.4x,WESTLANDS
2025-10-31,STR-LN-102859,TKN-SHA256-DDA76E41,Samuel Kamau,ID-HASH-98F881687A,BOSA-SCH,School Fees Advance,130000.00,71000.00,4500.00,0,STAGE_1_PERFORMING,0.19%,4.2x,KISUMU_BR
2025-10-31,STR-LN-102860,TKN-SHA256-70969BE2,Fatuma Wambui,ID-HASH-6DBACE4C58,BOSA-EMG,Emergency Medical Facility,280000.00,161000.00,10000.00,0,STAGE_1_PERFORMING,0.26%,2.1x,WESTLANDS
2025-10-31,STR-LN-102861,TKN-SHA256-421AAB79,Stephen Ochieng,ID-HASH-A4CF2EE095,MSME-WCP,Business Working Capital,1665000.00,1559000.00,58500.00,0,STAGE_1_PERFORMING,0.29%,2.7x,ELDORET_BR
2025-10-31,STR-LN-102862,TKN-SHA256-9D2CCDEF,Tabitha Kiptoo,ID-HASH-D4647FE1E0,FOSA-ADV,Salary Advance 30D,25000.00,15000.00,1000.00,0,STAGE_1_PERFORMING,0.57%,1.1x,MOMBASA_BR
2025-10-31,STR-LN-102863,TKN-SHA256-756E0852,Bernard Achieng,ID-HASH-1A4C8A789E,MSME-WCP,Business Working Capital,345000.00,307000.00,12000.00,44,STAGE_2_UNDERPERFORMING,14.11%,1.9x,ELDORET_BR
2025-10-31,STR-LN-102864,TKN-SHA256-17278283,Wesley Gitonga,ID-HASH-66334AD733,MSME-WCP,Business Working Capital,1030000.00,242000.00,36000.00,0,STAGE_1_PERFORMING,0.28%,1.9x,BOMET_BRANCH
2025-10-31,STR-LN-102865,TKN-SHA256-9B807582,Beatrice Wanjiku,ID-HASH-1FDDC55D7F,AGRI-TEA,Tea & Coffee Farm Development,420000.00,207000.00,14500.00,0,STAGE_1_PERFORMING,0.84%,2.6x,HQ_NAIROBI
2025-10-31,STR-LN-102866,TKN-SHA256-C506EEC8,Gladys Sang,ID-HASH-0D86DD4271,BOSA-NRM,Development Loan Normal,885000.00,365000.00,31000.00,0,STAGE_1_PERFORMING,0.26%,3.1x,NANDI_HILLS
2025-10-31,STR-LN-102867,TKN-SHA256-BE031FF4,Tabitha Bett,ID-HASH-8914EA4D9F,BOSA-NRM,Development Loan Normal,2730000.00,537000.00,95500.00,0,STAGE_1_PERFORMING,0.41%,4.1x,MOMBASA_BR
2025-10-31,STR-LN-102868,TKN-SHA256-05398E2F,Cosmas Koech,ID-HASH-B19560BB9A,AGRI-TEA,Tea & Coffee Farm Development,535000.00,188000.00,18500.00,0,STAGE_1_PERFORMING,0.23%,3.0x,MOMBASA_BR
2025-10-31,STR-LN-102869,TKN-SHA256-ECFE7762,Gladys Langat,ID-HASH-702147BB1D,ASSET-FIN,Vehicle & Asset Finance,3485000.00,1216000.00,122000.00,0,STAGE_1_PERFORMING,0.43%,1.8x,WESTLANDS
2025-10-31,STR-LN-102870,TKN-SHA256-69DDFA2E,Kiprono Langat,ID-HASH-20B6CEEB9D,BOSA-EMG,Emergency Medical Facility,195000.00,154000.00,7000.00,0,STAGE_1_PERFORMING,0.56%,3.1x,KISUMU_BR
2025-10-31,STR-LN-102871,TKN-SHA256-16678CEB,Geoffrey Gitonga,ID-HASH-1653F5F53D,ASSET-FIN,Vehicle & Asset Finance,4720000.00,1152000.00,165000.00,0,STAGE_1_PERFORMING,0.50%,1.3x,UPPER_HILL
2025-10-31,STR-LN-102872,TKN-SHA256-60FC67D2,Cosmas Ruto,ID-HASH-0AD555F86C,BOSA-EMG,Emergency Medical Facility,275000.00,183000.00,9500.00,0,STAGE_1_PERFORMING,0.24%,2.8x,UPPER_HILL
2025-10-31,STR-LN-102873,TKN-SHA256-03473777,Grace Sang,ID-HASH-63753CBBCD,FOSA-ADV,Salary Advance 30D,50000.00,13000.00,2000.00,0,STAGE_1_PERFORMING,0.77%,1.4x,KERICHO_CENTRAL
2025-10-31,STR-LN-102874,TKN-SHA256-BC522559,Mercy Chebet,ID-HASH-D52DB1B208,ASSET-FIN,Vehicle & Asset Finance,4550000.00,3678000.00,159500.00,0,STAGE_1_PERFORMING,0.22%,1.3x,MOMBASA_BR
2025-10-31,STR-LN-102875,TKN-SHA256-35CC08C2,Tabitha Hassan,ID-HASH-2C2774A342,BOSA-NRM,Development Loan Normal,680000.00,157000.00,24000.00,0,STAGE_1_PERFORMING,0.86%,3.4x,HQ_NAIROBI
2025-10-31,STR-LN-102876,TKN-SHA256-0E1DD5FE,Jane Bett,ID-HASH-DAEE53D1CA,ASSET-FIN,Vehicle & Asset Finance,2910000.00,2727000.00,102000.00,0,STAGE_1_PERFORMING,0.62%,1.7x,NANDI_HILLS
2025-10-31,STR-LN-102877,TKN-SHA256-B60AD07B,Dennis Bett,ID-HASH-25AC2435BE,FOSA-ADV,Salary Advance 30D,70000.00,56000.00,2500.00,47,STAGE_2_UNDERPERFORMING,11.57%,1.6x,BOMET_BRANCH
2025-10-31,STR-LN-102878,TKN-SHA256-90E0BB72,Philemon Chebet,ID-HASH-09C9D27F16,BOSA-SCH,School Fees Advance,125000.00,101000.00,4500.00,0,STAGE_1_PERFORMING,0.43%,3.9x,BOMET_BRANCH
2025-10-31,STR-LN-102879,TKN-SHA256-6AF35DBF,Lucy Wanjiku,ID-HASH-CBF8E350A4,FOSA-ADV,Salary Advance 30D,120000.00,73000.00,4000.00,0,STAGE_1_PERFORMING,0.88%,0.9x,HQ_NAIROBI
2025-10-31,STR-LN-102880,TKN-SHA256-9F264A3E,John Koech,ID-HASH-989334E69C,BOSA-NRM,Development Loan Normal,1270000.00,405000.00,44500.00,0,STAGE_1_PERFORMING,0.92%,2.4x,WESTLANDS
2025-10-31,STR-LN-102881,TKN-SHA256-DCB1F94F,Mary Ruto,ID-HASH-D79CCCD899,MSME-WCP,Business Working Capital,420000.00,207000.00,14500.00,0,STAGE_1_PERFORMING,0.38%,2.1x,NANDI_HILLS
2025-10-31,STR-LN-102882,TKN-SHA256-612CDFE2,Fatuma Bett,ID-HASH-E7F56147FA,BOSA-SCH,School Fees Advance,235000.00,172000.00,8000.00,0,STAGE_1_PERFORMING,0.15%,3.3x,ELDORET_BR
2025-10-31,STR-LN-102883,TKN-SHA256-C7432A61,Tabitha Ochieng,ID-HASH-F28A605C9E,AGRI-TEA,Tea & Coffee Farm Development,150000.00,48000.00,5500.00,0,STAGE_1_PERFORMING,0.60%,2.9x,MOMBASA_BR
2025-10-31,STR-LN-102884,TKN-SHA256-847ABDE5,Wesley Bett,ID-HASH-0E864D758B,BOSA-NRM,Development Loan Normal,650000.00,502000.00,23000.00,0,STAGE_1_PERFORMING,0.31%,2.5x,NAKURU_BR
2025-10-31,STR-LN-102885,TKN-SHA256-03C399B9,Tabitha Ruto,ID-HASH-A093DBEBCE,ASSET-FIN,Vehicle & Asset Finance,1595000.00,1211000.00,56000.00,0,STAGE_1_PERFORMING,0.62%,1.9x,NANDI_HILLS
2025-10-31,STR-LN-102886,TKN-SHA256-BFC4ACCF,Tabitha Njoroge,ID-HASH-1CAB8FAF02,BOSA-SCH,School Fees Advance,160000.00,95000.00,5500.00,6,STAGE_1_EARLY_WATCH,1.58%,4.8x,MOMBASA_BR
2025-10-31,STR-LN-102887,TKN-SHA256-4BB1D0B1,Tabitha Gitonga,ID-HASH-7003A20DEE,BOSA-EMG,Emergency Medical Facility,295000.00,228000.00,10500.00,0,STAGE_1_PERFORMING,0.26%,2.4x,MOMBASA_BR
2025-10-31,STR-LN-102888,TKN-SHA256-FB2CB88B,Cosmas Hassan,ID-HASH-E1C6567A0E,BOSA-SCH,School Fees Advance,40000.00,31000.00,1500.00,0,STAGE_1_PERFORMING,0.23%,3.1x,ELDORET_BR
2025-10-31,STR-LN-102889,TKN-SHA256-9B1BC202,Fatuma Mutua,ID-HASH-AB8FC29088,MSME-WCP,Business Working Capital,200000.00,150000.00,7000.00,62,STAGE_2_UNDERPERFORMING,11.12%,2.3x,KISUMU_BR
2025-10-31,STR-LN-102890,TKN-SHA256-3FB6AF6F,Gladys Siele,ID-HASH-CC86471050,ASSET-FIN,Vehicle & Asset Finance,4810000.00,2635000.00,168500.00,0,STAGE_1_PERFORMING,0.65%,1.9x,NAKURU_BR
2025-10-31,STR-LN-102891,TKN-SHA256-230617C1,Hassan Kimani,ID-HASH-79652DCE7E,MSME-WCP,Business Working Capital,1090000.00,310000.00,38000.00,0,STAGE_1_PERFORMING,0.80%,2.6x,NAKURU_BR
2025-10-31,STR-LN-102892,TKN-SHA256-8917DE3D,Mercy Wambui,ID-HASH-F4A4F97C4C,ASSET-FIN,Vehicle & Asset Finance,2865000.00,2040000.00,100500.00,0,STAGE_1_PERFORMING,0.87%,1.2x,NANDI_HILLS
2025-10-31,STR-LN-102893,TKN-SHA256-76BFCE43,Gladys Koech,ID-HASH-8D5CB155F6,BOSA-EMG,Emergency Medical Facility,170000.00,158000.00,6000.00,0,STAGE_1_PERFORMING,0.56%,2.3x,NAKURU_BR
2025-10-31,STR-LN-102894,TKN-SHA256-0FABB675,James Kariuki,ID-HASH-DE3747EA9C,BOSA-SCH,School Fees Advance,130000.00,46000.00,4500.00,19,STAGE_1_EARLY_WATCH,1.59%,4.6x,ELDORET_BR
2025-10-31,STR-LN-102895,TKN-SHA256-8370619D,Philemon Gitonga,ID-HASH-115E047654,MSME-WCP,Business Working Capital,1130000.00,375000.00,39500.00,0,STAGE_1_PERFORMING,0.77%,2.3x,KERICHO_CENTRAL
2025-10-31,STR-LN-102896,TKN-SHA256-D3830B5D,Peter Gitonga,ID-HASH-66E4896A99,BOSA-EMG,Emergency Medical Facility,130000.00,46000.00,4500.00,0,STAGE_1_PERFORMING,0.94%,3.2x,BOMET_BRANCH
2025-10-31,STR-LN-102897,TKN-SHA256-CA95FFD9,Gladys Wanjiku,ID-HASH-FD58666B06,BOSA-SCH,School Fees Advance,135000.00,46000.00,4500.00,0,STAGE_1_PERFORMING,0.47%,3.6x,NAKURU_BR
2025-10-31,STR-LN-102898,TKN-SHA256-3FD39400,Fatuma Achieng,ID-HASH-44CDE0D7A1,MSME-WCP,Business Working Capital,1630000.00,433000.00,57000.00,0,STAGE_1_PERFORMING,0.36%,1.9x,NAKURU_BR
2025-10-31,STR-LN-102899,TKN-SHA256-C6B6234C,Hassan Mwangi,ID-HASH-6C5BB4C09F,FOSA-ADV,Salary Advance 30D,75000.00,53000.00,2500.00,0,STAGE_1_PERFORMING,0.34%,1.2x,NANDI_HILLS
2025-10-31,STR-LN-102900,TKN-SHA256-0F49EA8E,Tabitha Ali,ID-HASH-30AE062F58,BOSA-EMG,Emergency Medical Facility,265000.00,132000.00,9500.00,0,STAGE_1_PERFORMING,0.58%,2.4x,WESTLANDS
2025-10-31,STR-LN-102901,TKN-SHA256-5E752BE1,Gladys Kamau,ID-HASH-AF73555B8B,AGRI-TEA,Tea & Coffee Farm Development,220000.00,100000.00,7500.00,0,STAGE_1_PERFORMING,0.38%,3.6x,NAKURU_BR
2025-10-31,STR-LN-102902,TKN-SHA256-B86C1445,Dennis Kamau,ID-HASH-4606D8DD22,AGRI-TEA,Tea & Coffee Farm Development,380000.00,276000.00,13500.00,0,STAGE_1_PERFORMING,0.44%,3.7x,KERICHO_CENTRAL
2025-10-31,STR-LN-102903,TKN-SHA256-77F1CC5D,Lucy Wambui,ID-HASH-C154AEE112,MSME-WCP,Business Working Capital,520000.00,384000.00,18000.00,64,STAGE_2_UNDERPERFORMING,12.95%,1.8x,WESTLANDS
2025-10-31,STR-LN-102904,TKN-SHA256-FB023E2C,Fatuma Gitonga,ID-HASH-74F25813A6,FOSA-ADV,Salary Advance 30D,90000.00,54000.00,3000.00,0,STAGE_1_PERFORMING,0.69%,1.6x,UPPER_HILL
2025-10-31,STR-LN-102905,TKN-SHA256-F574DA07,Samuel Bett,ID-HASH-48122F5B6D,BOSA-NRM,Development Loan Normal,635000.00,159000.00,22000.00,0,STAGE_1_PERFORMING,0.25%,3.3x,BOMET_BRANCH
2025-10-31,STR-LN-102906,TKN-SHA256-A505F291,Alice Kariuki,ID-HASH-BBDC6F58FF,BOSA-NRM,Development Loan Normal,545000.00,220000.00,19000.00,0,STAGE_1_PERFORMING,0.39%,2.7x,MOMBASA_BR
2025-10-31,STR-LN-102907,TKN-SHA256-341D3958,Cosmas Kimani,ID-HASH-6A70AD76B1,FOSA-ADV,Salary Advance 30D,25000.00,20000.00,1000.00,11,STAGE_1_EARLY_WATCH,2.81%,1.0x,MOMBASA_BR
2025-10-31,STR-LN-102908,TKN-SHA256-FE852C4E,Tabitha Omondi,ID-HASH-FE682DA80A,BOSA-EMG,Emergency Medical Facility,105000.00,70000.00,3500.00,0,STAGE_1_PERFORMING,0.66%,3.2x,WESTLANDS
2025-10-31,STR-LN-102909,TKN-SHA256-D633A6B8,Gladys Mutua,ID-HASH-8195DD0B0F,BOSA-SCH,School Fees Advance,180000.00,83000.00,6500.00,0,STAGE_1_PERFORMING,0.18%,4.1x,MOMBASA_BR
2025-10-31,STR-LN-102910,TKN-SHA256-D1A271C3,Alice Siele,ID-HASH-9DA6F9FFE8,BOSA-NRM,Development Loan Normal,1750000.00,1399000.00,61500.00,0,STAGE_1_PERFORMING,0.71%,3.9x,ELDORET_BR
2025-10-31,STR-LN-102911,TKN-SHA256-746AC7B7,Grace Kamau,ID-HASH-6DC3353386,FOSA-ADV,Salary Advance 30D,145000.00,69000.00,5000.00,0,STAGE_1_PERFORMING,0.51%,1.5x,KERICHO_CENTRAL
2025-10-31,STR-LN-102912,TKN-SHA256-5E11682F,James Wambui,ID-HASH-B59C801BC1,BOSA-SCH,School Fees Advance,115000.00,18000.00,4000.00,0,STAGE_1_PERFORMING,0.65%,3.1x,BOMET_BRANCH
2025-10-31,STR-LN-102913,TKN-SHA256-928DB1AC,Mary Rono,ID-HASH-3D471017E5,BOSA-EMG,Emergency Medical Facility,205000.00,128000.00,7000.00,0,STAGE_1_PERFORMING,0.84%,2.0x,UPPER_HILL
2025-10-31,STR-LN-102914,TKN-SHA256-58022F87,Gladys Ochieng,ID-HASH-E635499F4D,MSME-WCP,Business Working Capital,1070000.00,648000.00,37500.00,0,STAGE_1_PERFORMING,0.43%,1.7x,MOMBASA_BR
2025-10-31,STR-LN-102915,TKN-SHA256-AEC8D715,Wesley Rono,ID-HASH-37F0BD8E0A,FOSA-ADV,Salary Advance 30D,95000.00,14000.00,3500.00,0,STAGE_1_PERFORMING,0.41%,1.2x,KISUMU_BR
2025-10-31,STR-LN-102916,TKN-SHA256-A5DC02D3,James Wambui,ID-HASH-50E6326E0A,AGRI-TEA,Tea & Coffee Farm Development,535000.00,319000.00,18500.00,0,STAGE_1_PERFORMING,0.41%,2.6x,HQ_NAIROBI
2025-10-31,STR-LN-102917,TKN-SHA256-66B1CFE1,Bernard Hassan,ID-HASH-30F475CB4C,BOSA-SCH,School Fees Advance,200000.00,138000.00,7000.00,0,STAGE_1_PERFORMING,0.89%,3.5x,NAKURU_BR
2025-10-31,STR-LN-102918,TKN-SHA256-310E71E7,Tabitha Wambui,ID-HASH-851358E236,AGRI-TEA,Tea & Coffee Farm Development,600000.00,556000.00,21000.00,0,STAGE_1_PERFORMING,0.95%,2.3x,KISUMU_BR
2025-10-31,STR-LN-102919,TKN-SHA256-8C83BDE5,Cosmas Achieng,ID-HASH-85D0AD398D,BOSA-SCH,School Fees Advance,240000.00,107000.00,8500.00,12,STAGE_1_EARLY_WATCH,2.93%,3.3x,BOMET_BRANCH
2025-10-31,STR-LN-102920,TKN-SHA256-975C5F59,Wesley Ali,ID-HASH-60D170155F,ASSET-FIN,Vehicle & Asset Finance,4530000.00,759000.00,158500.00,0,STAGE_1_PERFORMING,0.88%,1.4x,UPPER_HILL
2025-10-31,STR-LN-102921,TKN-SHA256-41F68F7F,Emmanuel Ruto,ID-HASH-099A409559,FOSA-ADV,Salary Advance 30D,45000.00,27000.00,1500.00,0,STAGE_1_PERFORMING,0.95%,1.3x,UPPER_HILL
2025-10-31,STR-LN-102922,TKN-SHA256-512D9736,Stephen Gitonga,ID-HASH-BAF041C3B6,ASSET-FIN,Vehicle & Asset Finance,4580000.00,2296000.00,160500.00,0,STAGE_1_PERFORMING,0.92%,1.5x,NAKURU_BR
2025-10-31,STR-LN-102923,TKN-SHA256-1BAF9E6F,Beatrice Sang,ID-HASH-CCDB73BCA8,AGRI-TEA,Tea & Coffee Farm Development,950000.00,740000.00,33000.00,70,STAGE_2_UNDERPERFORMING,5.53%,2.3x,BOMET_BRANCH
2025-10-31,STR-LN-102924,TKN-SHA256-11CD013F,Dennis Wanjiku,ID-HASH-B57A73FCC3,MSME-WCP,Business Working Capital,1745000.00,318000.00,61000.00,0,STAGE_1_PERFORMING,0.71%,2.1x,NANDI_HILLS
2025-10-31,STR-LN-102925,TKN-SHA256-EF22EEFA,Tabitha Njoroge,ID-HASH-57A2BA1441,ASSET-FIN,Vehicle & Asset Finance,4905000.00,2338000.00,171500.00,0,STAGE_1_PERFORMING,0.68%,1.2x,BOMET_BRANCH
2025-10-31,STR-LN-102926,TKN-SHA256-028B4B74,Grace Bett,ID-HASH-B743D8D9B3,ASSET-FIN,Vehicle & Asset Finance,4050000.00,2889000.00,142000.00,0,STAGE_1_PERFORMING,0.18%,2.0x,NANDI_HILLS
2025-10-31,STR-LN-102927,TKN-SHA256-08E95F5C,Cosmas Kiptoo,ID-HASH-68A99D09BB,BOSA-SCH,School Fees Advance,225000.00,99000.00,8000.00,0,STAGE_1_PERFORMING,0.63%,4.5x,NAKURU_BR
2025-10-31,STR-LN-102928,TKN-SHA256-F3194DF7,Bernard Mutua,ID-HASH-FE38357AA0,MSME-WCP,Business Working Capital,650000.00,277000.00,23000.00,25,STAGE_1_EARLY_WATCH,3.26%,2.3x,ELDORET_BR
2025-10-31,STR-LN-102929,TKN-SHA256-168E25A0,Cosmas Rono,ID-HASH-6B1C8F9558,BOSA-EMG,Emergency Medical Facility,100000.00,71000.00,3500.00,0,STAGE_1_PERFORMING,0.91%,2.4x,UPPER_HILL
2025-10-31,STR-LN-102930,TKN-SHA256-D7EC1A71,Cosmas Ali,ID-HASH-4CAC9B9536,AGRI-TEA,Tea & Coffee Farm Development,605000.00,550000.00,21000.00,0,STAGE_1_PERFORMING,0.48%,2.3x,KERICHO_CENTRAL
2025-10-31,STR-LN-102931,TKN-SHA256-1513BCF4,Lucy Korir,ID-HASH-22D8ED0928,MSME-WCP,Business Working Capital,590000.00,265000.00,20500.00,0,STAGE_1_PERFORMING,0.59%,1.7x,NAKURU_BR
2025-10-31,STR-LN-102932,TKN-SHA256-29106C8A,Geoffrey Ochieng,ID-HASH-83A9BC062D,ASSET-FIN,Vehicle & Asset Finance,2570000.00,1534000.00,90000.00,0,STAGE_1_PERFORMING,0.30%,1.4x,HQ_NAIROBI
2025-10-31,STR-LN-102933,TKN-SHA256-BF574050,John Ruto,ID-HASH-A0C735E574,FOSA-ADV,Salary Advance 30D,120000.00,56000.00,4000.00,0,STAGE_1_PERFORMING,0.93%,1.0x,WESTLANDS
2025-10-31,STR-LN-102934,TKN-SHA256-B25AE3D6,Philemon Njoroge,ID-HASH-45E9025FEB,BOSA-SCH,School Fees Advance,195000.00,36000.00,7000.00,0,STAGE_1_PERFORMING,0.75%,4.8x,KERICHO_CENTRAL
2025-10-31,STR-LN-102935,TKN-SHA256-3DF45E0C,Beatrice Kamau,ID-HASH-0745080524,ASSET-FIN,Vehicle & Asset Finance,2515000.00,970000.00,88000.00,0,STAGE_1_PERFORMING,0.90%,1.8x,ELDORET_BR
2025-10-31,STR-LN-102936,TKN-SHA256-3043935B,Catherine Omondi,ID-HASH-62101A017B,FOSA-ADV,Salary Advance 30D,130000.00,73000.00,4500.00,0,STAGE_1_PERFORMING,0.36%,1.6x,WESTLANDS
2025-10-31,STR-LN-102937,TKN-SHA256-231F48B8,Beatrice Ochieng,ID-HASH-D896636307,BOSA-EMG,Emergency Medical Facility,240000.00,45000.00,8500.00,0,STAGE_1_PERFORMING,0.72%,2.3x,NANDI_HILLS
2025-10-31,STR-LN-102938,TKN-SHA256-2BE7D4E4,Tabitha Njoroge,ID-HASH-F625ABF24B,BOSA-NRM,Development Loan Normal,545000.00,392000.00,19000.00,0,STAGE_1_PERFORMING,0.58%,3.4x,KERICHO_CENTRAL
2025-10-31,STR-LN-102939,TKN-SHA256-3828D44F,Bernard Chebet,ID-HASH-86D115EE9C,AGRI-TEA,Tea & Coffee Farm Development,455000.00,306000.00,16000.00,0,STAGE_1_PERFORMING,0.51%,2.3x,KISUMU_BR
2025-10-31,STR-LN-102940,TKN-SHA256-4CA095FA,Mercy Rono,ID-HASH-5AF313A8F4,ASSET-FIN,Vehicle & Asset Finance,1805000.00,579000.00,63000.00,0,STAGE_1_PERFORMING,0.85%,1.8x,BOMET_BRANCH
2025-10-31,STR-LN-102941,TKN-SHA256-C141A980,Kiprono Rono,ID-HASH-A54498A3EB,AGRI-TEA,Tea & Coffee Farm Development,410000.00,90000.00,14500.00,0,STAGE_1_PERFORMING,0.43%,3.3x,BOMET_BRANCH
2025-10-31,STR-LN-102942,TKN-SHA256-4D20551A,John Kamau,ID-HASH-75CD1B1EE2,AGRI-TEA,Tea & Coffee Farm Development,185000.00,29000.00,6500.00,0,STAGE_1_PERFORMING,0.90%,3.3x,KERICHO_CENTRAL
2025-10-31,STR-LN-102943,TKN-SHA256-434E17CE,Mary Chebet,ID-HASH-F5E4E124A6,BOSA-SCH,School Fees Advance,210000.00,153000.00,7500.00,0,STAGE_1_PERFORMING,0.59%,4.0x,NANDI_HILLS
2025-10-31,STR-LN-102944,TKN-SHA256-D798408B,John Ruto,ID-HASH-37DFBC1F72,ASSET-FIN,Vehicle & Asset Finance,2530000.00,2008000.00,88500.00,153,STAGE_3_NON_PERFORMING,26.96%,1.5x,ELDORET_BR
2025-10-31,STR-LN-102945,TKN-SHA256-84220143,Alice Langat,ID-HASH-B535E0003A,BOSA-NRM,Development Loan Normal,505000.00,228000.00,17500.00,0,STAGE_1_PERFORMING,0.47%,2.6x,HQ_NAIROBI
2025-10-31,STR-LN-102946,TKN-SHA256-CB4B35B9,Dennis Omondi,ID-HASH-6D2ECB320C,AGRI-TEA,Tea & Coffee Farm Development,525000.00,460000.00,18500.00,0,STAGE_1_PERFORMING,0.83%,2.6x,UPPER_HILL
2025-10-31,STR-LN-102947,TKN-SHA256-691D96DD,Lucy Ochieng,ID-HASH-17BEB90DB5,FOSA-ADV,Salary Advance 30D,145000.00,97000.00,5000.00,0,STAGE_1_PERFORMING,0.35%,1.6x,NAKURU_BR
2025-10-31,STR-LN-102948,TKN-SHA256-22AFEC19,Samuel Ruto,ID-HASH-429BA90CAA,MSME-WCP,Business Working Capital,1075000.00,535000.00,37500.00,0,STAGE_1_PERFORMING,0.24%,1.8x,KISUMU_BR
2025-10-31,STR-LN-102949,TKN-SHA256-C4C5AE9E,Stephen Kamau,ID-HASH-CD5D49FDBF,BOSA-SCH,School Fees Advance,130000.00,73000.00,4500.00,0,STAGE_1_PERFORMING,0.50%,3.7x,UPPER_HILL
2025-10-31,STR-LN-102950,TKN-SHA256-6A1FD6BC,Geoffrey Kamau,ID-HASH-BBEE95618F,BOSA-NRM,Development Loan Normal,2080000.00,618000.00,73000.00,0,STAGE_1_PERFORMING,0.24%,2.4x,WESTLANDS
2025-10-31,STR-LN-102951,TKN-SHA256-B1661FFD,Cosmas Kiptoo,ID-HASH-7904ED9E73,BOSA-EMG,Emergency Medical Facility,90000.00,66000.00,3000.00,0,STAGE_1_PERFORMING,0.42%,3.1x,BOMET_BRANCH
2025-10-31,STR-LN-102952,TKN-SHA256-03268BE3,Gladys Wanjiku,ID-HASH-C854CCCA9F,BOSA-SCH,School Fees Advance,70000.00,64000.00,2500.00,0,STAGE_1_PERFORMING,0.82%,3.2x,MOMBASA_BR
2025-10-31,STR-LN-102953,TKN-SHA256-FD7B5B71,John Gitonga,ID-HASH-A7A2F765D9,FOSA-ADV,Salary Advance 30D,100000.00,30000.00,3500.00,0,STAGE_1_PERFORMING,0.30%,1.3x,NAKURU_BR
2025-10-31,STR-LN-102954,TKN-SHA256-AA949A56,Jane Ochieng,ID-HASH-EFEB7FDC21,FOSA-ADV,Salary Advance 30D,60000.00,12000.00,2000.00,0,STAGE_1_PERFORMING,0.89%,0.9x,KERICHO_CENTRAL
2025-10-31,STR-LN-102955,TKN-SHA256-692903E9,David Chebet,ID-HASH-3FF3B312D8,ASSET-FIN,Vehicle & Asset Finance,4750000.00,4141000.00,166500.00,6,STAGE_1_EARLY_WATCH,3.95%,1.8x,HQ_NAIROBI
2025-10-31,STR-LN-102956,TKN-SHA256-6DE7107F,Tabitha Bett,ID-HASH-D03AD33D4B,BOSA-SCH,School Fees Advance,40000.00,14000.00,1500.00,9,STAGE_1_EARLY_WATCH,2.59%,3.2x,NAKURU_BR
2025-10-31,STR-LN-102957,TKN-SHA256-7EFE1E0F,Cosmas Wambui,ID-HASH-CEDFDBC842,BOSA-NRM,Development Loan Normal,1285000.00,1165000.00,45000.00,0,STAGE_1_PERFORMING,0.18%,3.1x,KISUMU_BR
2025-10-31,STR-LN-102958,TKN-SHA256-44AEA68F,Samuel Otieno,ID-HASH-B35A988BC5,BOSA-SCH,School Fees Advance,235000.00,49000.00,8000.00,0,STAGE_1_PERFORMING,0.53%,4.4x,KISUMU_BR
2025-10-31,STR-LN-102959,TKN-SHA256-14BF9D9A,Tabitha Wanjiku,ID-HASH-21725D327E,AGRI-TEA,Tea & Coffee Farm Development,950000.00,726000.00,33000.00,0,STAGE_1_PERFORMING,0.53%,3.5x,NANDI_HILLS
2025-10-31,STR-LN-102960,TKN-SHA256-BB89D07E,Gladys Kariuki,ID-HASH-1EAEB36014,ASSET-FIN,Vehicle & Asset Finance,2045000.00,1820000.00,71500.00,0,STAGE_1_PERFORMING,0.16%,1.5x,HQ_NAIROBI
2025-10-31,STR-LN-102961,TKN-SHA256-8AA0F374,Catherine Wambui,ID-HASH-0B037571EA,MSME-WCP,Business Working Capital,645000.00,187000.00,22500.00,0,STAGE_1_PERFORMING,0.63%,2.6x,MOMBASA_BR
2025-10-31,STR-LN-102962,TKN-SHA256-F70B9942,Lucy Siele,ID-HASH-64FA0ED6A0,BOSA-SCH,School Fees Advance,110000.00,46000.00,4000.00,0,STAGE_1_PERFORMING,0.78%,4.5x,KERICHO_CENTRAL
2025-10-31,STR-LN-102963,TKN-SHA256-9D788CA7,Stephen Kimani,ID-HASH-5278482C9F,BOSA-EMG,Emergency Medical Facility,80000.00,19000.00,3000.00,0,STAGE_1_PERFORMING,0.19%,2.2x,BOMET_BRANCH
2025-10-31,STR-LN-102964,TKN-SHA256-7FA97D9C,Mary Otieno,ID-HASH-5FEFCDBECC,MSME-WCP,Business Working Capital,1135000.00,419000.00,39500.00,0,STAGE_1_PERFORMING,0.82%,1.6x,NAKURU_BR
2025-10-31,STR-LN-102965,TKN-SHA256-8E106D6C,Catherine Mutua,ID-HASH-787E0B926D,BOSA-NRM,Development Loan Normal,550000.00,516000.00,19500.00,0,STAGE_1_PERFORMING,0.18%,3.1x,NAKURU_BR
2025-10-31,STR-LN-102966,TKN-SHA256-FCBFE92B,James Rono,ID-HASH-10E57F7442,ASSET-FIN,Vehicle & Asset Finance,2850000.00,1078000.00,100000.00,0,STAGE_1_PERFORMING,0.56%,1.8x,BOMET_BRANCH
2025-10-31,STR-LN-102967,TKN-SHA256-BD3AE3F9,Geoffrey Cheruiyot,ID-HASH-8156C84A48,BOSA-NRM,Development Loan Normal,1615000.00,1209000.00,56500.00,0,STAGE_1_PERFORMING,0.92%,3.2x,KISUMU_BR
2025-10-31,STR-LN-102968,TKN-SHA256-51D50968,Geoffrey Wambui,ID-HASH-70CD970A9C,FOSA-ADV,Salary Advance 30D,95000.00,24000.00,3500.00,0,STAGE_1_PERFORMING,0.72%,1.2x,ELDORET_BR
2025-10-31,STR-LN-102969,TKN-SHA256-FF8F8D20,John Wanjiku,ID-HASH-713B4D3FE9,ASSET-FIN,Vehicle & Asset Finance,2565000.00,1718000.00,90000.00,0,STAGE_1_PERFORMING,0.60%,1.5x,NAKURU_BR
2025-10-31,STR-LN-102970,TKN-SHA256-473617F0,Cosmas Kiptoo,ID-HASH-468C58125E,FOSA-ADV,Salary Advance 30D,125000.00,82000.00,4500.00,0,STAGE_1_PERFORMING,0.81%,1.0x,WESTLANDS
2025-10-31,STR-LN-102971,TKN-SHA256-BDD10CB4,Mercy Bett,ID-HASH-95E31E0CD4,ASSET-FIN,Vehicle & Asset Finance,1255000.00,1113000.00,44000.00,0,STAGE_1_PERFORMING,0.76%,1.8x,MOMBASA_BR
2025-10-31,STR-LN-102972,TKN-SHA256-CDB8E41D,Lucy Kamau,ID-HASH-984A211C66,FOSA-ADV,Salary Advance 30D,65000.00,13000.00,2500.00,0,STAGE_1_PERFORMING,0.56%,1.2x,BOMET_BRANCH
2025-10-31,STR-LN-102973,TKN-SHA256-AFA9C888,Wesley Siele,ID-HASH-FCDA57FAD8,FOSA-ADV,Salary Advance 30D,45000.00,24000.00,1500.00,0,STAGE_1_PERFORMING,0.16%,1.5x,WESTLANDS
2025-10-31,STR-LN-102974,TKN-SHA256-A5F5A81E,Beatrice Koech,ID-HASH-84978A611A,BOSA-EMG,Emergency Medical Facility,140000.00,92000.00,5000.00,0,STAGE_1_PERFORMING,0.33%,2.6x,ELDORET_BR
2025-10-31,STR-LN-102975,TKN-SHA256-E8A77A94,Stephen Kariuki,ID-HASH-CFEF4F65BC,BOSA-SCH,School Fees Advance,60000.00,46000.00,2000.00,0,STAGE_1_PERFORMING,0.43%,4.7x,MOMBASA_BR
2025-10-31,STR-LN-102976,TKN-SHA256-0F1CA3C1,David Kimani,ID-HASH-2D60EAB252,BOSA-SCH,School Fees Advance,195000.00,138000.00,7000.00,0,STAGE_1_PERFORMING,0.23%,4.9x,HQ_NAIROBI
2025-10-31,STR-LN-102977,TKN-SHA256-78ABE8CC,Samuel Koech,ID-HASH-FED4AD036B,AGRI-TEA,Tea & Coffee Farm Development,460000.00,301000.00,16000.00,0,STAGE_1_PERFORMING,0.89%,3.4x,WESTLANDS
2025-10-31,STR-LN-102978,TKN-SHA256-D15AA3A7,Geoffrey Mwangi,ID-HASH-14920E539C,BOSA-SCH,School Fees Advance,160000.00,114000.00,5500.00,0,STAGE_1_PERFORMING,0.48%,3.1x,ELDORET_BR
2025-10-31,STR-LN-102979,TKN-SHA256-3E7EAE4D,Hassan Kiptoo,ID-HASH-12DDCD5E02,FOSA-ADV,Salary Advance 30D,135000.00,71000.00,4500.00,0,STAGE_1_PERFORMING,0.90%,1.1x,WESTLANDS
2025-10-31,STR-LN-102980,TKN-SHA256-68C1B494,Hassan Wanjiku,ID-HASH-E3F3E226FB,FOSA-ADV,Salary Advance 30D,40000.00,31000.00,1500.00,0,STAGE_1_PERFORMING,0.84%,1.6x,NAKURU_BR
2025-10-31,STR-LN-102981,TKN-SHA256-8677D52A,Wesley Wanjiku,ID-HASH-ADAAE78F38,MSME-WCP,Business Working Capital,1220000.00,220000.00,42500.00,102,STAGE_3_NON_PERFORMING,41.57%,2.5x,NAKURU_BR
2025-10-31,STR-LN-102982,TKN-SHA256-D13FC7DE,Wesley Ruto,ID-HASH-810AFBD858,MSME-WCP,Business Working Capital,770000.00,686000.00,27000.00,24,STAGE_1_EARLY_WATCH,2.76%,2.1x,NANDI_HILLS
2025-10-31,STR-LN-102983,TKN-SHA256-5D70E494,Bernard Njoroge,ID-HASH-ECA58A0A3C,BOSA-NRM,Development Loan Normal,1070000.00,336000.00,37500.00,0,STAGE_1_PERFORMING,0.72%,4.2x,UPPER_HILL
2025-10-31,STR-LN-102984,TKN-SHA256-6C6BECE3,Wesley Siele,ID-HASH-ADCBFD8DC0,ASSET-FIN,Vehicle & Asset Finance,1695000.00,631000.00,59500.00,13,STAGE_1_EARLY_WATCH,1.52%,1.3x,UPPER_HILL
2025-10-31,STR-LN-102985,TKN-SHA256-DD77C990,Catherine Bett,ID-HASH-5C773C69D7,AGRI-TEA,Tea & Coffee Farm Development,670000.00,377000.00,23500.00,0,STAGE_1_PERFORMING,0.25%,2.6x,ELDORET_BR
2025-10-31,STR-LN-102986,TKN-SHA256-0377EDE0,Emmanuel Bett,ID-HASH-60CF49EA29,BOSA-NRM,Development Loan Normal,2935000.00,1737000.00,102500.00,0,STAGE_1_PERFORMING,0.29%,3.9x,KERICHO_CENTRAL
2025-10-31,STR-LN-102987,TKN-SHA256-2A6E48A5,Beatrice Hassan,ID-HASH-9A75982252,BOSA-SCH,School Fees Advance,205000.00,49000.00,7000.00,0,STAGE_1_PERFORMING,0.28%,3.8x,MOMBASA_BR
2025-10-31,STR-LN-102988,TKN-SHA256-B8A05900,David Mutua,ID-HASH-BD97917B05,MSME-WCP,Business Working Capital,715000.00,463000.00,25000.00,0,STAGE_1_PERFORMING,0.85%,2.5x,NANDI_HILLS
2025-10-31,STR-LN-102989,TKN-SHA256-4F713624,John Njoroge,ID-HASH-4F41AF155B,BOSA-EMG,Emergency Medical Facility,160000.00,89000.00,5500.00,0,STAGE_1_PERFORMING,0.57%,2.6x,MOMBASA_BR
2025-10-31,STR-LN-102990,TKN-SHA256-B37A0734,Philemon Gitonga,ID-HASH-0B7F2F7585,BOSA-NRM,Development Loan Normal,3185000.00,586000.00,111500.00,0,STAGE_1_PERFORMING,0.56%,3.5x,ELDORET_BR
2025-10-31,STR-LN-102991,TKN-SHA256-3897B2DB,Mary Achieng,ID-HASH-97EAAD3ABE,BOSA-EMG,Emergency Medical Facility,270000.00,61000.00,9500.00,0,STAGE_1_PERFORMING,0.74%,3.2x,NAKURU_BR
2025-10-31,STR-LN-102992,TKN-SHA256-55DA950F,Geoffrey Wambui,ID-HASH-E97CC21210,BOSA-SCH,School Fees Advance,115000.00,74000.00,4000.00,0,STAGE_1_PERFORMING,0.62%,3.3x,KISUMU_BR
2025-10-31,STR-LN-102993,TKN-SHA256-F541CE38,James Langat,ID-HASH-2B50630335,FOSA-ADV,Salary Advance 30D,80000.00,59000.00,3000.00,0,STAGE_1_PERFORMING,0.61%,1.0x,ELDORET_BR
2025-10-31,STR-LN-102994,TKN-SHA256-871F6341,Alice Cheruiyot,ID-HASH-04089F8968,BOSA-NRM,Development Loan Normal,2790000.00,872000.00,97500.00,0,STAGE_1_PERFORMING,0.78%,4.1x,ELDORET_BR
2025-10-31,STR-LN-102995,TKN-SHA256-9140A7DE,Cosmas Kamau,ID-HASH-6809203ACF,BOSA-SCH,School Fees Advance,190000.00,108000.00,6500.00,0,STAGE_1_PERFORMING,0.57%,4.3x,KERICHO_CENTRAL
2025-10-31,STR-LN-102996,TKN-SHA256-2F8D5CD5,Catherine Ochieng,ID-HASH-0C527B7D38,BOSA-EMG,Emergency Medical Facility,265000.00,163000.00,9500.00,65,STAGE_2_UNDERPERFORMING,9.67%,2.3x,NAKURU_BR
2025-10-31,STR-LN-102997,TKN-SHA256-8DB4951E,James Kamau,ID-HASH-A275985E83,BOSA-SCH,School Fees Advance,50000.00,26000.00,2000.00,0,STAGE_1_PERFORMING,0.38%,3.3x,WESTLANDS
2025-10-31,STR-LN-102998,TKN-SHA256-B8634604,Lucy Kimani,ID-HASH-43FF251748,AGRI-TEA,Tea & Coffee Farm Development,380000.00,140000.00,13500.00,31,STAGE_2_UNDERPERFORMING,10.26%,2.4x,BOMET_BRANCH
2025-10-31,STR-LN-102999,TKN-SHA256-AE67CD3A,Gladys Omondi,ID-HASH-B06726B5C2,BOSA-NRM,Development Loan Normal,2500000.00,2245000.00,87500.00,0,STAGE_1_PERFORMING,0.21%,3.0x,MOMBASA_BR
2025-10-31,STR-LN-103000,TKN-SHA256-9473BFF7,Samuel Ruto,ID-HASH-5426A7113F,BOSA-NRM,Development Loan Normal,880000.00,314000.00,31000.00,0,STAGE_1_PERFORMING,0.75%,3.9x,HQ_NAIROBI
2025-10-31,STR-LN-103001,TKN-SHA256-9CE15285,Catherine Sang,ID-HASH-56ED206D50,AGRI-TEA,Tea & Coffee Farm Development,495000.00,120000.00,17500.00,19,STAGE_1_EARLY_WATCH,3.03%,3.3x,NANDI_HILLS
2025-10-31,STR-LN-103002,TKN-SHA256-C98D3BF3,Jane Ruto,ID-HASH-1F528AA86B,BOSA-SCH,School Fees Advance,125000.00,36000.00,4500.00,0,STAGE_1_PERFORMING,0.80%,3.8x,MOMBASA_BR
2025-10-31,STR-LN-103003,TKN-SHA256-FDD611D5,Peter Ali,ID-HASH-B5BE1B2797,BOSA-NRM,Development Loan Normal,1400000.00,459000.00,49000.00,0,STAGE_1_PERFORMING,0.77%,4.2x,KISUMU_BR
2025-10-31,STR-LN-103004,TKN-SHA256-BCBF96DF,Kiprono Langat,ID-HASH-E32A2B87CF,BOSA-NRM,Development Loan Normal,1040000.00,255000.00,36500.00,0,STAGE_1_PERFORMING,0.78%,3.9x,BOMET_BRANCH
2025-10-31,STR-LN-103005,TKN-SHA256-DB0936D9,Cosmas Rono,ID-HASH-E87EFBDD3B,MSME-WCP,Business Working Capital,1005000.00,826000.00,35000.00,54,STAGE_2_UNDERPERFORMING,6.09%,2.4x,HQ_NAIROBI
2025-10-31,STR-LN-103006,TKN-SHA256-A8924C67,Mary Kamau,ID-HASH-927CE8A4B8,ASSET-FIN,Vehicle & Asset Finance,4745000.00,952000.00,166000.00,19,STAGE_1_EARLY_WATCH,3.70%,1.8x,NANDI_HILLS
2025-10-31,STR-LN-103007,TKN-SHA256-28735BB5,Kiprono Bett,ID-HASH-47709C794F,BOSA-SCH,School Fees Advance,175000.00,113000.00,6000.00,0,STAGE_1_PERFORMING,0.76%,3.4x,UPPER_HILL
2025-10-31,STR-LN-103008,TKN-SHA256-7F0B7224,John Wanjiku,ID-HASH-966CB72448,BOSA-SCH,School Fees Advance,165000.00,43000.00,6000.00,0,STAGE_1_PERFORMING,0.65%,3.7x,MOMBASA_BR
2025-10-31,STR-LN-103009,TKN-SHA256-46BE4E65,Mercy Wanjiku,ID-HASH-39839F396F,AGRI-TEA,Tea & Coffee Farm Development,250000.00,140000.00,9000.00,0,STAGE_1_PERFORMING,0.75%,2.8x,BOMET_BRANCH
2025-10-31,STR-LN-103010,TKN-SHA256-0A0A91C0,Peter Ochieng,ID-HASH-052049E72B,BOSA-NRM,Development Loan Normal,1880000.00,864000.00,66000.00,0,STAGE_1_PERFORMING,0.61%,3.5x,WESTLANDS
2025-10-31,STR-LN-103011,TKN-SHA256-1A161928,Stephen Otieno,ID-HASH-069D40DA3B,BOSA-EMG,Emergency Medical Facility,55000.00,11000.00,2000.00,0,STAGE_1_PERFORMING,0.56%,2.2x,ELDORET_BR
2025-10-31,STR-LN-103012,TKN-SHA256-B3E2E837,Catherine Gitonga,ID-HASH-FC05A96C41,MSME-WCP,Business Working Capital,765000.00,479000.00,27000.00,0,STAGE_1_PERFORMING,0.80%,2.5x,KISUMU_BR
2025-10-31,STR-LN-103013,TKN-SHA256-B9D1338B,Mercy Ali,ID-HASH-36AD2E6407,BOSA-EMG,Emergency Medical Facility,200000.00,141000.00,7000.00,0,STAGE_1_PERFORMING,0.23%,2.4x,BOMET_BRANCH
2025-10-31,STR-LN-103014,TKN-SHA256-9BE6D618,Catherine Kimani,ID-HASH-91CD09A5E7,ASSET-FIN,Vehicle & Asset Finance,2885000.00,2285000.00,101000.00,0,STAGE_1_PERFORMING,0.28%,1.9x,MOMBASA_BR
2025-10-31,STR-LN-103015,TKN-SHA256-EE0984D9,Mercy Ochieng,ID-HASH-3143F350B6,BOSA-EMG,Emergency Medical Facility,170000.00,157000.00,6000.00,0,STAGE_1_PERFORMING,0.32%,2.0x,NANDI_HILLS
2025-10-31,STR-LN-103016,TKN-SHA256-DABEA33A,Wesley Koech,ID-HASH-C76AF78474,BOSA-EMG,Emergency Medical Facility,220000.00,89000.00,7500.00,0,STAGE_1_PERFORMING,0.92%,2.8x,NAKURU_BR
2025-10-31,STR-LN-103017,TKN-SHA256-26BD6653,Cosmas Hassan,ID-HASH-0EAE65A406,AGRI-TEA,Tea & Coffee Farm Development,740000.00,451000.00,26000.00,0,STAGE_1_PERFORMING,0.61%,2.1x,NAKURU_BR
2025-10-31,STR-LN-103018,TKN-SHA256-E51B863B,Tabitha Chebet,ID-HASH-74EC13D8C8,MSME-WCP,Business Working Capital,605000.00,304000.00,21000.00,0,STAGE_1_PERFORMING,0.62%,2.1x,NAKURU_BR
2025-10-31,STR-LN-103019,TKN-SHA256-78BD123F,Philemon Ruto,ID-HASH-F99140E9EE,FOSA-ADV,Salary Advance 30D,35000.00,12000.00,1000.00,0,STAGE_1_PERFORMING,0.55%,1.2x,KISUMU_BR
2025-10-31,STR-LN-103020,TKN-SHA256-99CED1F9,Catherine Cheruiyot,ID-HASH-A805F0B978,BOSA-NRM,Development Loan Normal,2160000.00,1614000.00,75500.00,0,STAGE_1_PERFORMING,0.48%,2.4x,MOMBASA_BR
2025-10-31,STR-LN-103021,TKN-SHA256-3EA32427,Catherine Ali,ID-HASH-676157CAB1,AGRI-TEA,Tea & Coffee Farm Development,1090000.00,456000.00,38000.00,73,STAGE_2_UNDERPERFORMING,5.68%,2.8x,UPPER_HILL
2025-10-31,STR-LN-103022,TKN-SHA256-9C19FFF0,Samuel Langat,ID-HASH-C63B3B39E9,MSME-WCP,Business Working Capital,1730000.00,450000.00,60500.00,0,STAGE_1_PERFORMING,0.55%,1.9x,KISUMU_BR
2025-10-31,STR-LN-103023,TKN-SHA256-E41BC165,Alice Wambui,ID-HASH-EDBA1BCF30,AGRI-TEA,Tea & Coffee Farm Development,745000.00,373000.00,26000.00,0,STAGE_1_PERFORMING,0.25%,3.3x,NANDI_HILLS
2025-10-31,STR-LN-103024,TKN-SHA256-B6950B19,David Kiptoo,ID-HASH-39BE092EA7,ASSET-FIN,Vehicle & Asset Finance,4255000.00,2694000.00,149000.00,0,STAGE_1_PERFORMING,0.94%,1.2x,UPPER_HILL
2025-10-31,STR-LN-103025,TKN-SHA256-3B8F10DB,Alice Wambui,ID-HASH-473DD389EC,MSME-WCP,Business Working Capital,700000.00,487000.00,24500.00,27,STAGE_1_EARLY_WATCH,2.26%,1.6x,KISUMU_BR
2025-10-31,STR-LN-103026,TKN-SHA256-F10AE4DE,Stephen Mwangi,ID-HASH-9A83575106,AGRI-TEA,Tea & Coffee Farm Development,520000.00,83000.00,18000.00,0,STAGE_1_PERFORMING,0.87%,2.8x,MOMBASA_BR
2025-10-31,STR-LN-103027,TKN-SHA256-D8F450CC,John Mwangi,ID-HASH-8E02E428AB,BOSA-SCH,School Fees Advance,125000.00,64000.00,4500.00,0,STAGE_1_PERFORMING,0.62%,4.6x,HQ_NAIROBI
2025-10-31,STR-LN-103028,TKN-SHA256-3017A90B,Peter Omondi,ID-HASH-243C6B0AC7,ASSET-FIN,Vehicle & Asset Finance,3070000.00,2621000.00,107500.00,0,STAGE_1_PERFORMING,0.43%,1.7x,NANDI_HILLS
2025-10-31,STR-LN-103029,TKN-SHA256-ED635EA8,Tabitha Mwangi,ID-HASH-AD290D602A,BOSA-SCH,School Fees Advance,145000.00,68000.00,5000.00,0,STAGE_1_PERFORMING,0.85%,3.1x,MOMBASA_BR
2025-10-31,STR-LN-103030,TKN-SHA256-3FB063ED,Mercy Wanjiku,ID-HASH-55D1BC8ECB,AGRI-TEA,Tea & Coffee Farm Development,575000.00,431000.00,20000.00,0,STAGE_1_PERFORMING,0.47%,2.7x,UPPER_HILL
2025-10-31,STR-LN-103031,TKN-SHA256-085AEF01,Samuel Gitonga,ID-HASH-7117EE675F,AGRI-TEA,Tea & Coffee Farm Development,925000.00,650000.00,32500.00,0,STAGE_1_PERFORMING,0.63%,3.7x,KISUMU_BR
2025-10-31,STR-LN-103032,TKN-SHA256-0E88D0D4,Kiprono Ali,ID-HASH-FBA25D4A7F,BOSA-NRM,Development Loan Normal,2710000.00,1945000.00,95000.00,0,STAGE_1_PERFORMING,0.24%,4.0x,NAKURU_BR
2025-10-31,STR-LN-103033,TKN-SHA256-F068C04D,Mercy Ruto,ID-HASH-D34DE3EFA2,MSME-WCP,Business Working Capital,1445000.00,378000.00,50500.00,0,STAGE_1_PERFORMING,0.28%,1.6x,MOMBASA_BR
2025-10-31,STR-LN-103034,TKN-SHA256-4C0AF320,Mercy Koech,ID-HASH-7E68295204,BOSA-EMG,Emergency Medical Facility,150000.00,44000.00,5500.00,0,STAGE_1_PERFORMING,0.36%,2.4x,MOMBASA_BR
2025-10-31,STR-LN-103035,TKN-SHA256-458BFE00,Lucy Bett,ID-HASH-ADC20C22DB,BOSA-SCH,School Fees Advance,235000.00,73000.00,8000.00,0,STAGE_1_PERFORMING,0.26%,5.0x,NAKURU_BR
2025-10-31,STR-LN-103036,TKN-SHA256-84B9B23C,James Otieno,ID-HASH-486C846AF1,ASSET-FIN,Vehicle & Asset Finance,2710000.00,2537000.00,95000.00,5,STAGE_1_EARLY_WATCH,4.47%,1.2x,KERICHO_CENTRAL
2025-10-31,STR-LN-103037,TKN-SHA256-12F1DF51,Beatrice Korir,ID-HASH-D6EAD74728,BOSA-EMG,Emergency Medical Facility,100000.00,40000.00,3500.00,0,STAGE_1_PERFORMING,0.80%,2.8x,HQ_NAIROBI
2025-10-31,STR-LN-103038,TKN-SHA256-9FD15319,Fatuma Sang,ID-HASH-B32191553D,BOSA-EMG,Emergency Medical Facility,145000.00,137000.00,5000.00,0,STAGE_1_PERFORMING,0.67%,2.9x,MOMBASA_BR
2025-10-31,STR-LN-103039,TKN-SHA256-4FC1B1A1,Philemon Rono,ID-HASH-6496CD9E96,BOSA-EMG,Emergency Medical Facility,205000.00,39000.00,7000.00,0,STAGE_1_PERFORMING,0.58%,2.3x,MOMBASA_BR
2025-10-31,STR-LN-103040,TKN-SHA256-96872B35,Catherine Mutua,ID-HASH-84F2D43B5F,BOSA-SCH,School Fees Advance,65000.00,44000.00,2500.00,1,STAGE_1_EARLY_WATCH,3.14%,4.9x,BOMET_BRANCH
2025-10-31,STR-LN-103041,TKN-SHA256-9E19EC0A,Bernard Mwangi,ID-HASH-2180D6796E,BOSA-NRM,Development Loan Normal,1770000.00,794000.00,62000.00,0,STAGE_1_PERFORMING,0.87%,3.4x,MOMBASA_BR
2025-10-31,STR-LN-103042,TKN-SHA256-2D0684AB,Philemon Gitonga,ID-HASH-F4980FE573,ASSET-FIN,Vehicle & Asset Finance,2075000.00,409000.00,72500.00,0,STAGE_1_PERFORMING,0.19%,1.4x,UPPER_HILL
2025-10-31,STR-LN-103043,TKN-SHA256-99DEF0CE,Lucy Njoroge,ID-HASH-19DD511F70,BOSA-NRM,Development Loan Normal,2600000.00,954000.00,91000.00,0,STAGE_1_PERFORMING,0.77%,2.6x,WESTLANDS
2025-10-31,STR-LN-103044,TKN-SHA256-B92328BD,Mary Ochieng,ID-HASH-A1DB86A1BE,FOSA-ADV,Salary Advance 30D,140000.00,83000.00,5000.00,0,STAGE_1_PERFORMING,0.77%,1.0x,NANDI_HILLS
2025-10-31,STR-LN-103045,TKN-SHA256-ED2D59F9,Geoffrey Hassan,ID-HASH-0AB3055439,AGRI-TEA,Tea & Coffee Farm Development,680000.00,594000.00,24000.00,0,STAGE_1_PERFORMING,0.80%,2.7x,BOMET_BRANCH
2025-10-31,STR-LN-103046,TKN-SHA256-D28F295B,Alice Gitonga,ID-HASH-18ADF3946B,MSME-WCP,Business Working Capital,1680000.00,1032000.00,59000.00,0,STAGE_1_PERFORMING,0.81%,2.6x,BOMET_BRANCH
2025-10-31,STR-LN-103047,TKN-SHA256-2962AD16,Hassan Cheruiyot,ID-HASH-4412602978,BOSA-SCH,School Fees Advance,185000.00,62000.00,6500.00,0,STAGE_1_PERFORMING,0.55%,3.0x,NAKURU_BR
2025-10-31,STR-LN-103048,TKN-SHA256-A6452256,Gladys Sang,ID-HASH-7D3783653B,FOSA-ADV,Salary Advance 30D,125000.00,111000.00,4500.00,0,STAGE_1_PERFORMING,0.49%,1.2x,ELDORET_BR
2025-10-31,STR-LN-103049,TKN-SHA256-5CB79C2E,Mercy Bett,ID-HASH-5DC93AB3CB,BOSA-NRM,Development Loan Normal,1485000.00,915000.00,52000.00,0,STAGE_1_PERFORMING,0.53%,3.3x,HQ_NAIROBI
2025-10-31,STR-LN-103050,TKN-SHA256-BC61B53C,John Ochieng,ID-HASH-7D0C515430,BOSA-SCH,School Fees Advance,175000.00,112000.00,6000.00,0,STAGE_1_PERFORMING,0.30%,4.1x,KERICHO_CENTRAL
2025-10-31,STR-LN-103051,TKN-SHA256-C78555C7,Beatrice Sang,ID-HASH-568CFE8398,MSME-WCP,Business Working Capital,1245000.00,444000.00,43500.00,0,STAGE_1_PERFORMING,0.89%,2.2x,ELDORET_BR
2025-10-31,STR-LN-103052,TKN-SHA256-D5215ADD,Gladys Langat,ID-HASH-4FC21935A5,MSME-WCP,Business Working Capital,425000.00,388000.00,15000.00,0,STAGE_1_PERFORMING,0.28%,2.6x,KERICHO_CENTRAL
2025-10-31,STR-LN-103053,TKN-SHA256-AB611818,Lucy Kimani,ID-HASH-A5D0305E49,BOSA-NRM,Development Loan Normal,2855000.00,1947000.00,100000.00,5,STAGE_1_EARLY_WATCH,3.71%,2.5x,KISUMU_BR
2025-10-31,STR-LN-103054,TKN-SHA256-AC724BB7,Lucy Kamau,ID-HASH-5E4BB491AD,BOSA-SCH,School Fees Advance,195000.00,52000.00,7000.00,0,STAGE_1_PERFORMING,0.29%,4.0x,NAKURU_BR
2025-10-31,STR-LN-103055,TKN-SHA256-A882D5AC,Lucy Kimani,ID-HASH-7A751C7EE5,BOSA-NRM,Development Loan Normal,3080000.00,2311000.00,108000.00,0,STAGE_1_PERFORMING,0.30%,2.6x,KISUMU_BR
2025-10-31,STR-LN-103056,TKN-SHA256-20300C01,Bernard Korir,ID-HASH-AC738E003A,ASSET-FIN,Vehicle & Asset Finance,1710000.00,1203000.00,60000.00,0,STAGE_1_PERFORMING,0.54%,1.4x,NAKURU_BR
2025-10-31,STR-LN-103057,TKN-SHA256-1E30BA92,Bernard Cheruiyot,ID-HASH-6A76959699,ASSET-FIN,Vehicle & Asset Finance,2390000.00,1927000.00,83500.00,0,STAGE_1_PERFORMING,0.55%,1.7x,UPPER_HILL
2025-10-31,STR-LN-103058,TKN-SHA256-17C55932,Catherine Ochieng,ID-HASH-97C8957C7C,BOSA-SCH,School Fees Advance,160000.00,52000.00,5500.00,0,STAGE_1_PERFORMING,0.49%,4.4x,HQ_NAIROBI
2025-10-31,STR-LN-103059,TKN-SHA256-BDA71D0D,Fatuma Korir,ID-HASH-5A2D4FCF98,AGRI-TEA,Tea & Coffee Farm Development,1120000.00,1043000.00,39000.00,0,STAGE_1_PERFORMING,0.22%,2.2x,MOMBASA_BR
2025-10-31,STR-LN-103060,TKN-SHA256-1DDB810F,Stephen Kariuki,ID-HASH-0DD6FCCF09,FOSA-ADV,Salary Advance 30D,120000.00,64000.00,4000.00,0,STAGE_1_PERFORMING,0.81%,1.1x,NAKURU_BR
2025-10-31,STR-LN-103061,TKN-SHA256-FB6149C8,Peter Kimani,ID-HASH-D866500DC1,BOSA-EMG,Emergency Medical Facility,180000.00,37000.00,6500.00,0,STAGE_1_PERFORMING,0.20%,2.1x,KERICHO_CENTRAL
2025-10-31,STR-LN-103062,TKN-SHA256-B87383B6,Philemon Ochieng,ID-HASH-BB8CEA72FA,BOSA-SCH,School Fees Advance,245000.00,122000.00,8500.00,0,STAGE_1_PERFORMING,0.93%,5.1x,BOMET_BRANCH
2025-10-31,STR-LN-103063,TKN-SHA256-977B2733,Hassan Kariuki,ID-HASH-E6BA51724B,BOSA-EMG,Emergency Medical Facility,145000.00,60000.00,5000.00,0,STAGE_1_PERFORMING,0.81%,2.3x,BOMET_BRANCH
2025-10-31,STR-LN-103064,TKN-SHA256-5DA2BFC2,Samuel Bett,ID-HASH-753BBA3721,ASSET-FIN,Vehicle & Asset Finance,4795000.00,1175000.00,168000.00,0,STAGE_1_PERFORMING,0.94%,1.5x,NAKURU_BR
2025-10-31,STR-LN-103065,TKN-SHA256-4D063082,Lucy Kimani,ID-HASH-5DBBB02886,ASSET-FIN,Vehicle & Asset Finance,1815000.00,1571000.00,63500.00,96,STAGE_3_NON_PERFORMING,43.78%,1.5x,NANDI_HILLS
2025-10-31,STR-LN-103066,TKN-SHA256-231BD059,James Kariuki,ID-HASH-EEFEE4DF4C,ASSET-FIN,Vehicle & Asset Finance,3900000.00,2125000.00,136500.00,0,STAGE_1_PERFORMING,0.67%,1.8x,KISUMU_BR
2025-10-31,STR-LN-103067,TKN-SHA256-38CB1526,Kiprono Rono,ID-HASH-A83A2F9CB7,BOSA-SCH,School Fees Advance,155000.00,116000.00,5500.00,0,STAGE_1_PERFORMING,0.74%,3.2x,KISUMU_BR
2025-10-31,STR-LN-103068,TKN-SHA256-AB8917D8,Jane Korir,ID-HASH-4178A5CA7E,BOSA-EMG,Emergency Medical Facility,165000.00,95000.00,6000.00,0,STAGE_1_PERFORMING,0.94%,3.1x,HQ_NAIROBI
2025-10-31,STR-LN-103069,TKN-SHA256-2EBE612B,Hassan Kiptoo,ID-HASH-FC3BB43CD8,ASSET-FIN,Vehicle & Asset Finance,1450000.00,1061000.00,51000.00,0,STAGE_1_PERFORMING,0.27%,1.7x,KERICHO_CENTRAL
2025-10-31,STR-LN-103070,TKN-SHA256-C0416469,Catherine Omondi,ID-HASH-6F4526C4EC,FOSA-ADV,Salary Advance 30D,80000.00,60000.00,3000.00,0,STAGE_1_PERFORMING,0.66%,1.5x,MOMBASA_BR
2025-10-31,STR-LN-103071,TKN-SHA256-FD1759F8,Beatrice Chebet,ID-HASH-D7B0BD313C,FOSA-ADV,Salary Advance 30D,45000.00,14000.00,1500.00,0,STAGE_1_PERFORMING,0.68%,1.2x,KISUMU_BR
2025-10-31,STR-LN-103072,TKN-SHA256-14DB07D2,Peter Wambui,ID-HASH-DE1902F946,BOSA-EMG,Emergency Medical Facility,225000.00,187000.00,8000.00,0,STAGE_1_PERFORMING,0.68%,3.3x,NANDI_HILLS
2025-10-31,STR-LN-103073,TKN-SHA256-CF672D76,James Korir,ID-HASH-7D226AAC71,BOSA-SCH,School Fees Advance,215000.00,86000.00,7500.00,0,STAGE_1_PERFORMING,0.94%,2.9x,KERICHO_CENTRAL
2025-10-31,STR-LN-103074,TKN-SHA256-01156231,Kiprono Ochieng,ID-HASH-31A195763F,FOSA-ADV,Salary Advance 30D,75000.00,41000.00,2500.00,0,STAGE_1_PERFORMING,0.73%,1.4x,UPPER_HILL
2025-10-31,STR-LN-103075,TKN-SHA256-D177AC3C,Fatuma Sang,ID-HASH-29F1D7D704,AGRI-TEA,Tea & Coffee Farm Development,1080000.00,413000.00,38000.00,0,STAGE_1_PERFORMING,0.75%,2.7x,WESTLANDS
2025-10-31,STR-LN-103076,TKN-SHA256-26ED0666,Lucy Cheruiyot,ID-HASH-95A6FAF850,BOSA-SCH,School Fees Advance,185000.00,169000.00,6500.00,0,STAGE_1_PERFORMING,0.90%,4.3x,WESTLANDS
2025-10-31,STR-LN-103077,TKN-SHA256-552D91B9,James Gitonga,ID-HASH-83D5F48C98,BOSA-SCH,School Fees Advance,240000.00,151000.00,8500.00,0,STAGE_1_PERFORMING,0.56%,3.7x,UPPER_HILL
2025-10-31,STR-LN-103078,TKN-SHA256-91EE9208,David Langat,ID-HASH-81A31D67CF,BOSA-EMG,Emergency Medical Facility,220000.00,195000.00,7500.00,36,STAGE_2_UNDERPERFORMING,8.81%,2.0x,HQ_NAIROBI
2025-10-31,STR-LN-103079,TKN-SHA256-B5474D48,James Koech,ID-HASH-D8CC37818D,BOSA-NRM,Development Loan Normal,2340000.00,1275000.00,82000.00,79,STAGE_2_UNDERPERFORMING,10.59%,4.3x,NAKURU_BR
2025-10-31,STR-LN-103080,TKN-SHA256-47D39C51,Mary Otieno,ID-HASH-B012685984,BOSA-EMG,Emergency Medical Facility,280000.00,170000.00,10000.00,25,STAGE_1_EARLY_WATCH,3.69%,2.7x,MOMBASA_BR
2025-10-31,STR-LN-103081,TKN-SHA256-1E957B16,Hassan Omondi,ID-HASH-2132A2A4BE,BOSA-EMG,Emergency Medical Facility,50000.00,9000.00,2000.00,32,STAGE_2_UNDERPERFORMING,13.34%,1.9x,WESTLANDS
2025-10-31,STR-LN-103082,TKN-SHA256-9DDDE53E,Samuel Hassan,ID-HASH-BF138AC29A,FOSA-ADV,Salary Advance 30D,125000.00,42000.00,4500.00,0,STAGE_1_PERFORMING,0.33%,1.4x,KERICHO_CENTRAL
2025-10-31,STR-LN-103083,TKN-SHA256-9BEF1C3E,Tabitha Achieng,ID-HASH-AAB4374F00,AGRI-TEA,Tea & Coffee Farm Development,990000.00,873000.00,34500.00,0,STAGE_1_PERFORMING,0.85%,2.9x,MOMBASA_BR
2025-10-31,STR-LN-103084,TKN-SHA256-B9776924,Philemon Cheruiyot,ID-HASH-BA011FAC62,FOSA-ADV,Salary Advance 30D,130000.00,57000.00,4500.00,0,STAGE_1_PERFORMING,0.94%,1.3x,WESTLANDS
2025-10-31,STR-LN-103085,TKN-SHA256-D82C229B,Wesley Gitonga,ID-HASH-659822E528,ASSET-FIN,Vehicle & Asset Finance,4130000.00,634000.00,144500.00,0,STAGE_1_PERFORMING,0.26%,1.5x,MOMBASA_BR
2025-10-31,STR-LN-103086,TKN-SHA256-3EA4D320,Geoffrey Kamau,ID-HASH-6E040CF1B0,ASSET-FIN,Vehicle & Asset Finance,2645000.00,657000.00,92500.00,8,STAGE_1_EARLY_WATCH,3.34%,1.5x,MOMBASA_BR
2025-10-31,STR-LN-103087,TKN-SHA256-F97693B7,Jane Korir,ID-HASH-809DDDA332,FOSA-ADV,Salary Advance 30D,105000.00,83000.00,3500.00,0,STAGE_1_PERFORMING,0.44%,1.2x,ELDORET_BR
2025-10-31,STR-LN-103088,TKN-SHA256-E07F1F0F,Tabitha Siele,ID-HASH-542D4FEB85,BOSA-SCH,School Fees Advance,110000.00,82000.00,4000.00,0,STAGE_1_PERFORMING,0.72%,3.7x,WESTLANDS
2025-10-31,STR-LN-103089,TKN-SHA256-EC847D2A,James Omondi,ID-HASH-F9504D0E34,BOSA-EMG,Emergency Medical Facility,245000.00,227000.00,8500.00,0,STAGE_1_PERFORMING,0.93%,2.6x,NANDI_HILLS
2025-10-31,STR-LN-103090,TKN-SHA256-026CEB04,Cosmas Wambui,ID-HASH-AF29B28351,MSME-WCP,Business Working Capital,295000.00,50000.00,10500.00,0,STAGE_1_PERFORMING,0.66%,1.9x,ELDORET_BR
2025-10-31,STR-LN-103091,TKN-SHA256-0965249F,Kiprono Hassan,ID-HASH-CA5F4A4B25,MSME-WCP,Business Working Capital,225000.00,111000.00,8000.00,0,STAGE_1_PERFORMING,0.48%,2.1x,UPPER_HILL
2025-10-31,STR-LN-103092,TKN-SHA256-7CF93D3A,Mary Wanjiku,ID-HASH-07BC93C2E4,BOSA-NRM,Development Loan Normal,1420000.00,742000.00,49500.00,111,STAGE_3_NON_PERFORMING,27.16%,2.8x,MOMBASA_BR
2025-10-31,STR-LN-103093,TKN-SHA256-14B0AFF9,Gladys Mutua,ID-HASH-507AD543A6,BOSA-NRM,Development Loan Normal,575000.00,384000.00,20000.00,0,STAGE_1_PERFORMING,0.49%,3.7x,NANDI_HILLS
2025-10-31,STR-LN-103094,TKN-SHA256-11B533AF,Tabitha Korir,ID-HASH-ACF7E4B4C9,AGRI-TEA,Tea & Coffee Farm Development,1135000.00,989000.00,39500.00,0,STAGE_1_PERFORMING,0.20%,2.6x,KISUMU_BR
2025-10-31,STR-LN-103095,TKN-SHA256-904AC36D,Fatuma Koech,ID-HASH-0E2F0C4BFA,AGRI-TEA,Tea & Coffee Farm Development,285000.00,232000.00,10000.00,0,STAGE_1_PERFORMING,0.64%,2.1x,NANDI_HILLS
2025-10-31,STR-LN-103096,TKN-SHA256-E17CDB20,Kiprono Mutua,ID-HASH-EF6CE39B57,AGRI-TEA,Tea & Coffee Farm Development,1165000.00,274000.00,41000.00,0,STAGE_1_PERFORMING,0.32%,3.2x,UPPER_HILL
2025-10-31,STR-LN-103097,TKN-SHA256-D0F1F949,Tabitha Achieng,ID-HASH-1AC6155F66,MSME-WCP,Business Working Capital,1040000.00,595000.00,36500.00,0,STAGE_1_PERFORMING,0.18%,2.6x,MOMBASA_BR
2025-10-31,STR-LN-103098,TKN-SHA256-0E95D3E6,Grace Sang,ID-HASH-184E335616,BOSA-SCH,School Fees Advance,110000.00,47000.00,4000.00,0,STAGE_1_PERFORMING,0.33%,4.2x,HQ_NAIROBI
2025-10-31,STR-LN-103099,TKN-SHA256-9006B8EF,Catherine Gitonga,ID-HASH-B4F114F574,AGRI-TEA,Tea & Coffee Farm Development,1115000.00,775000.00,39000.00,0,STAGE_1_PERFORMING,0.94%,3.2x,KERICHO_CENTRAL
2025-10-31,STR-LN-103100,TKN-SHA256-8AD35F19,Catherine Njoroge,ID-HASH-FC737162FB,BOSA-NRM,Development Loan Normal,1770000.00,1071000.00,62000.00,0,STAGE_1_PERFORMING,0.61%,4.1x,NAKURU_BR
2025-10-31,STR-LN-103101,TKN-SHA256-5E9C8FDE,Kiprono Otieno,ID-HASH-701367F7C1,FOSA-ADV,Salary Advance 30D,150000.00,104000.00,5500.00,0,STAGE_1_PERFORMING,0.27%,1.0x,HQ_NAIROBI
2025-10-31,STR-LN-103102,TKN-SHA256-25D952CD,Cosmas Chebet,ID-HASH-337F058366,BOSA-EMG,Emergency Medical Facility,175000.00,101000.00,6000.00,0,STAGE_1_PERFORMING,0.63%,2.5x,UPPER_HILL
2025-10-31,STR-LN-103103,TKN-SHA256-BF16E5EB,Stephen Langat,ID-HASH-5EBE7A4156,FOSA-ADV,Salary Advance 30D,50000.00,16000.00,2000.00,0,STAGE_1_PERFORMING,0.74%,1.5x,NANDI_HILLS
2025-10-31,STR-LN-103104,TKN-SHA256-097802EF,Stephen Kamau,ID-HASH-C49467A98C,BOSA-SCH,School Fees Advance,155000.00,25000.00,5500.00,12,STAGE_1_EARLY_WATCH,2.21%,3.4x,BOMET_BRANCH
2025-10-31,STR-LN-103105,TKN-SHA256-F81C97EC,Bernard Korir,ID-HASH-EE88CBF736,BOSA-EMG,Emergency Medical Facility,240000.00,196000.00,8500.00,0,STAGE_1_PERFORMING,0.30%,2.0x,HQ_NAIROBI
2025-10-31,STR-LN-103106,TKN-SHA256-EDE865FF,Bernard Wambui,ID-HASH-996F6540C5,MSME-WCP,Business Working Capital,235000.00,61000.00,8000.00,0,STAGE_1_PERFORMING,0.30%,1.8x,KISUMU_BR
2025-10-31,STR-LN-103107,TKN-SHA256-DB76EF86,Jane Langat,ID-HASH-5AF770E811,ASSET-FIN,Vehicle & Asset Finance,1850000.00,1753000.00,65000.00,0,STAGE_1_PERFORMING,0.80%,1.5x,HQ_NAIROBI
2025-10-31,STR-LN-103108,TKN-SHA256-AA11AF66,Philemon Otieno,ID-HASH-1347039008,BOSA-SCH,School Fees Advance,250000.00,216000.00,9000.00,0,STAGE_1_PERFORMING,0.44%,3.0x,ELDORET_BR
2025-10-31,STR-LN-103109,TKN-SHA256-0F31E307,John Ali,ID-HASH-B04CA4AEC3,FOSA-ADV,Salary Advance 30D,65000.00,47000.00,2500.00,51,STAGE_2_UNDERPERFORMING,12.64%,1.3x,BOMET_BRANCH
2025-10-31,STR-LN-103110,TKN-SHA256-304801D7,Bernard Sang,ID-HASH-2D5CC5ED56,AGRI-TEA,Tea & Coffee Farm Development,740000.00,401000.00,26000.00,0,STAGE_1_PERFORMING,0.91%,3.8x,BOMET_BRANCH
2025-10-31,STR-LN-103111,TKN-SHA256-E970963C,Cosmas Cheruiyot,ID-HASH-1E2AAC4735,BOSA-SCH,School Fees Advance,115000.00,38000.00,4000.00,0,STAGE_1_PERFORMING,0.66%,3.5x,KERICHO_CENTRAL
2025-10-31,STR-LN-103112,TKN-SHA256-F58D911A,Lucy Ali,ID-HASH-B3DA3A55E9,BOSA-EMG,Emergency Medical Facility,70000.00,38000.00,2500.00,0,STAGE_1_PERFORMING,0.64%,1.9x,BOMET_BRANCH
2025-10-31,STR-LN-103113,TKN-SHA256-1585FD5F,James Sang,ID-HASH-7359F9C9F7,BOSA-SCH,School Fees Advance,145000.00,112000.00,5000.00,0,STAGE_1_PERFORMING,0.17%,2.9x,KERICHO_CENTRAL
2025-10-31,STR-LN-103114,TKN-SHA256-2A49D01A,Emmanuel Mutua,ID-HASH-FB441F6EE9,BOSA-EMG,Emergency Medical Facility,270000.00,127000.00,9500.00,69,STAGE_2_UNDERPERFORMING,13.20%,2.5x,BOMET_BRANCH
2025-10-31,STR-LN-103115,TKN-SHA256-CC474AB7,Stephen Kimani,ID-HASH-7DE665FB6D,FOSA-ADV,Salary Advance 30D,55000.00,35000.00,2000.00,0,STAGE_1_PERFORMING,0.50%,1.1x,MOMBASA_BR
2025-10-31,STR-LN-103116,TKN-SHA256-DE957C55,James Ochieng,ID-HASH-5082ADFE2A,AGRI-TEA,Tea & Coffee Farm Development,355000.00,152000.00,12500.00,0,STAGE_1_PERFORMING,0.22%,3.7x,NAKURU_BR
2025-10-31,STR-LN-103117,TKN-SHA256-90FB74F4,Philemon Ochieng,ID-HASH-AB9906488F,BOSA-NRM,Development Loan Normal,1400000.00,376000.00,49000.00,0,STAGE_1_PERFORMING,0.60%,4.1x,UPPER_HILL
2025-10-31,STR-LN-103118,TKN-SHA256-8C3F6068,Gladys Otieno,ID-HASH-A635950A23,BOSA-EMG,Emergency Medical Facility,195000.00,65000.00,7000.00,0,STAGE_1_PERFORMING,0.39%,2.3x,ELDORET_BR
2025-10-31,STR-LN-103119,TKN-SHA256-99323001,Alice Kiptoo,ID-HASH-D5BADCDC5C,ASSET-FIN,Vehicle & Asset Finance,1530000.00,973000.00,53500.00,27,STAGE_1_EARLY_WATCH,2.37%,1.7x,MOMBASA_BR
2025-10-31,STR-LN-103120,TKN-SHA256-C5DDCFF2,John Otieno,ID-HASH-D9C618A631,BOSA-SCH,School Fees Advance,180000.00,61000.00,6500.00,0,STAGE_1_PERFORMING,0.81%,4.4x,MOMBASA_BR
2025-10-31,STR-LN-103121,TKN-SHA256-5AA81FAD,Dennis Kariuki,ID-HASH-4C828E4A22,BOSA-SCH,School Fees Advance,150000.00,141000.00,5500.00,0,STAGE_1_PERFORMING,0.51%,4.5x,BOMET_BRANCH
2025-10-31,STR-LN-103122,TKN-SHA256-931D0CE7,Grace Mutua,ID-HASH-45B426F15F,BOSA-SCH,School Fees Advance,115000.00,33000.00,4000.00,0,STAGE_1_PERFORMING,0.64%,3.8x,KISUMU_BR
2025-10-31,STR-LN-103123,TKN-SHA256-C886569F,Samuel Kariuki,ID-HASH-1257634AC7,FOSA-ADV,Salary Advance 30D,135000.00,74000.00,4500.00,0,STAGE_1_PERFORMING,0.52%,1.0x,WESTLANDS
2025-10-31,STR-LN-103124,TKN-SHA256-BF49FC9C,Catherine Mutua,ID-HASH-EDF2FAFDA0,ASSET-FIN,Vehicle & Asset Finance,3660000.00,1604000.00,128000.00,0,STAGE_1_PERFORMING,0.25%,1.9x,MOMBASA_BR
2025-10-31,STR-LN-103125,TKN-SHA256-0896CBB9,Grace Wanjiku,ID-HASH-74E6A3AB4D,BOSA-SCH,School Fees Advance,70000.00,34000.00,2500.00,48,STAGE_2_UNDERPERFORMING,10.26%,3.1x,MOMBASA_BR
2025-10-31,STR-LN-103126,TKN-SHA256-5F7958BE,Beatrice Sang,ID-HASH-046B370645,ASSET-FIN,Vehicle & Asset Finance,2160000.00,683000.00,75500.00,0,STAGE_1_PERFORMING,0.30%,1.9x,HQ_NAIROBI
2025-10-31,STR-LN-103127,TKN-SHA256-E587DF81,Samuel Chebet,ID-HASH-EBCFBF3438,BOSA-EMG,Emergency Medical Facility,155000.00,117000.00,5500.00,0,STAGE_1_PERFORMING,0.56%,2.8x,NAKURU_BR
2025-10-31,STR-LN-103128,TKN-SHA256-07CD1042,John Mwangi,ID-HASH-92E90D1F8D,AGRI-TEA,Tea & Coffee Farm Development,1145000.00,508000.00,40000.00,0,STAGE_1_PERFORMING,0.82%,3.8x,NANDI_HILLS
2025-10-31,STR-LN-103129,TKN-SHA256-BF3DDD7B,Geoffrey Langat,ID-HASH-8DAD9ED45A,MSME-WCP,Business Working Capital,390000.00,71000.00,13500.00,18,STAGE_1_EARLY_WATCH,1.63%,1.6x,BOMET_BRANCH
2025-10-31,STR-LN-103130,TKN-SHA256-B28DD3FB,Grace Kamau,ID-HASH-DDEAFDA747,BOSA-NRM,Development Loan Normal,3490000.00,1364000.00,122000.00,0,STAGE_1_PERFORMING,0.90%,3.6x,NAKURU_BR
2025-10-31,STR-LN-103131,TKN-SHA256-0F65B1BF,Cosmas Kamau,ID-HASH-AC4318DF7E,FOSA-ADV,Salary Advance 30D,150000.00,106000.00,5500.00,0,STAGE_1_PERFORMING,0.68%,1.0x,UPPER_HILL
2025-10-31,STR-LN-103132,TKN-SHA256-2F356D73,Cosmas Gitonga,ID-HASH-FE33304581,MSME-WCP,Business Working Capital,250000.00,164000.00,9000.00,0,STAGE_1_PERFORMING,0.31%,1.7x,WESTLANDS
2025-10-31,STR-LN-103133,TKN-SHA256-83538157,Hassan Bett,ID-HASH-079E66A2A6,BOSA-SCH,School Fees Advance,125000.00,109000.00,4500.00,0,STAGE_1_PERFORMING,0.85%,2.9x,NANDI_HILLS
2025-10-31,STR-LN-103134,TKN-SHA256-4693DD8C,David Mutua,ID-HASH-300F03D7BB,ASSET-FIN,Vehicle & Asset Finance,2490000.00,657000.00,87000.00,0,STAGE_1_PERFORMING,0.49%,1.8x,WESTLANDS
2025-10-31,STR-LN-103135,TKN-SHA256-BF507434,James Omondi,ID-HASH-1DBDEE01BF,AGRI-TEA,Tea & Coffee Farm Development,340000.00,311000.00,12000.00,0,STAGE_1_PERFORMING,0.83%,3.6x,WESTLANDS
2025-10-31,STR-LN-103136,TKN-SHA256-0D7805A3,Philemon Chebet,ID-HASH-2ECBF01933,BOSA-EMG,Emergency Medical Facility,225000.00,65000.00,8000.00,24,STAGE_1_EARLY_WATCH,1.27%,2.9x,ELDORET_BR
2025-10-31,STR-LN-103137,TKN-SHA256-D586C1E5,Stephen Wanjiku,ID-HASH-F065F36D83,MSME-WCP,Business Working Capital,325000.00,239000.00,11500.00,0,STAGE_1_PERFORMING,0.57%,1.5x,ELDORET_BR
2025-10-31,STR-LN-103138,TKN-SHA256-98D1B145,Wesley Rono,ID-HASH-779F51E691,BOSA-SCH,School Fees Advance,245000.00,90000.00,8500.00,0,STAGE_1_PERFORMING,0.27%,3.4x,HQ_NAIROBI
2025-10-31,STR-LN-103139,TKN-SHA256-ADDD04AD,Bernard Bett,ID-HASH-47F32D0C79,BOSA-EMG,Emergency Medical Facility,150000.00,51000.00,5500.00,0,STAGE_1_PERFORMING,0.19%,2.5x,HQ_NAIROBI
2025-10-31,STR-LN-103140,TKN-SHA256-DA0EE662,Emmanuel Chebet,ID-HASH-9A9DFE10BA,BOSA-EMG,Emergency Medical Facility,255000.00,197000.00,9000.00,0,STAGE_1_PERFORMING,0.34%,2.1x,KERICHO_CENTRAL
2025-10-31,STR-LN-103141,TKN-SHA256-766EB192,Bernard Omondi,ID-HASH-DDF0216616,BOSA-NRM,Development Loan Normal,1230000.00,635000.00,43000.00,0,STAGE_1_PERFORMING,0.75%,2.6x,UPPER_HILL
2025-10-31,STR-LN-103142,TKN-SHA256-02059438,Gladys Bett,ID-HASH-1C363601A0,MSME-WCP,Business Working Capital,365000.00,154000.00,13000.00,0,STAGE_1_PERFORMING,0.81%,2.7x,WESTLANDS
2025-10-31,STR-LN-103143,TKN-SHA256-18F2AF52,Wesley Gitonga,ID-HASH-692A5B4070,MSME-WCP,Business Working Capital,730000.00,480000.00,25500.00,0,STAGE_1_PERFORMING,0.86%,2.5x,KERICHO_CENTRAL
2025-10-31,STR-LN-103144,TKN-SHA256-72DFE8A6,John Otieno,ID-HASH-EAA66F5ACC,BOSA-EMG,Emergency Medical Facility,65000.00,60000.00,2500.00,0,STAGE_1_PERFORMING,0.49%,2.7x,KISUMU_BR
2025-10-31,STR-LN-103145,TKN-SHA256-70CE99A9,Fatuma Siele,ID-HASH-12678F5BA8,BOSA-NRM,Development Loan Normal,1160000.00,505000.00,40500.00,63,STAGE_2_UNDERPERFORMING,7.72%,2.9x,BOMET_BRANCH
2025-10-31,STR-LN-103146,TKN-SHA256-A8FDEA31,Jane Korir,ID-HASH-2B25F85725,FOSA-ADV,Salary Advance 30D,25000.00,10000.00,1000.00,0,STAGE_1_PERFORMING,0.43%,1.3x,NAKURU_BR
2025-10-31,STR-LN-103147,TKN-SHA256-82280FE4,John Wambui,ID-HASH-F072742CB5,MSME-WCP,Business Working Capital,720000.00,585000.00,25000.00,0,STAGE_1_PERFORMING,0.76%,1.9x,NANDI_HILLS
2025-10-31,STR-LN-103148,TKN-SHA256-DD245863,John Wanjiku,ID-HASH-425E4A44F5,AGRI-TEA,Tea & Coffee Farm Development,770000.00,342000.00,27000.00,0,STAGE_1_PERFORMING,0.41%,2.7x,UPPER_HILL
2025-10-31,STR-LN-103149,TKN-SHA256-444985D2,Kiprono Siele,ID-HASH-253797FB0F,ASSET-FIN,Vehicle & Asset Finance,1650000.00,1008000.00,58000.00,0,STAGE_1_PERFORMING,0.34%,1.1x,HQ_NAIROBI
2025-10-31,STR-LN-103150,TKN-SHA256-7B635396,Cosmas Ruto,ID-HASH-5895CF0001,MSME-WCP,Business Working Capital,1205000.00,445000.00,42000.00,48,STAGE_2_UNDERPERFORMING,8.76%,2.3x,NAKURU_BR
2025-10-31,STR-LN-103151,TKN-SHA256-495A0594,Grace Njoroge,ID-HASH-C33CC8349F,BOSA-SCH,School Fees Advance,85000.00,51000.00,3000.00,0,STAGE_1_PERFORMING,0.59%,4.9x,BOMET_BRANCH
2025-10-31,STR-LN-103152,TKN-SHA256-A005E018,Lucy Achieng,ID-HASH-7027DA0BEB,BOSA-NRM,Development Loan Normal,1150000.00,919000.00,40500.00,0,STAGE_1_PERFORMING,0.38%,3.2x,KERICHO_CENTRAL
2025-10-31,STR-LN-103153,TKN-SHA256-914720CD,Catherine Otieno,ID-HASH-01C80D3612,BOSA-SCH,School Fees Advance,135000.00,121000.00,4500.00,0,STAGE_1_PERFORMING,0.74%,5.0x,KERICHO_CENTRAL
2025-10-31,STR-LN-103154,TKN-SHA256-E3D2B58D,James Gitonga,ID-HASH-3175DF3798,ASSET-FIN,Vehicle & Asset Finance,4800000.00,874000.00,168000.00,0,STAGE_1_PERFORMING,0.91%,1.5x,KERICHO_CENTRAL
2025-10-31,STR-LN-103155,TKN-SHA256-149480B3,Hassan Ali,ID-HASH-B3943EDE95,BOSA-EMG,Emergency Medical Facility,145000.00,87000.00,5000.00,0,STAGE_1_PERFORMING,0.45%,2.3x,MOMBASA_BR
2025-10-31,STR-LN-103156,TKN-SHA256-6B93ADAB,Cosmas Langat,ID-HASH-34B3291C86,MSME-WCP,Business Working Capital,1350000.00,942000.00,47500.00,0,STAGE_1_PERFORMING,0.68%,2.5x,KERICHO_CENTRAL
2025-10-31,STR-LN-103157,TKN-SHA256-9157A6E3,James Sang,ID-HASH-6C34DA8E8C,BOSA-NRM,Development Loan Normal,1705000.00,1421000.00,59500.00,0,STAGE_1_PERFORMING,0.75%,3.2x,BOMET_BRANCH
2025-10-31,STR-LN-103158,TKN-SHA256-958DAACB,Hassan Ochieng,ID-HASH-52715D2635,BOSA-EMG,Emergency Medical Facility,155000.00,133000.00,5500.00,0,STAGE_1_PERFORMING,0.73%,3.3x,MOMBASA_BR
2025-10-31,STR-LN-103159,TKN-SHA256-0B88565C,Bernard Ochieng,ID-HASH-E4EDC92BF9,ASSET-FIN,Vehicle & Asset Finance,2055000.00,1361000.00,72000.00,0,STAGE_1_PERFORMING,0.65%,1.7x,NANDI_HILLS
2025-10-31,STR-LN-103160,TKN-SHA256-B6BA2BF3,Peter Mutua,ID-HASH-46D2768DB1,FOSA-ADV,Salary Advance 30D,55000.00,49000.00,2000.00,0,STAGE_1_PERFORMING,0.67%,1.6x,ELDORET_BR
2025-10-31,STR-LN-103161,TKN-SHA256-0B310986,Samuel Wambui,ID-HASH-6E0BA2D188,BOSA-SCH,School Fees Advance,165000.00,88000.00,6000.00,0,STAGE_1_PERFORMING,0.51%,4.0x,BOMET_BRANCH
2025-10-31,STR-LN-103162,TKN-SHA256-038316C5,Emmanuel Mutua,ID-HASH-A14D577830,BOSA-NRM,Development Loan Normal,515000.00,451000.00,18000.00,0,STAGE_1_PERFORMING,0.77%,3.3x,WESTLANDS
2025-10-31,STR-LN-103163,TKN-SHA256-646F20D6,Stephen Ochieng,ID-HASH-6600B2B21B,BOSA-SCH,School Fees Advance,80000.00,23000.00,3000.00,0,STAGE_1_PERFORMING,0.50%,4.3x,WESTLANDS
2025-10-31,STR-LN-103164,TKN-SHA256-5C6CBF3B,Kiprono Hassan,ID-HASH-51391B8AF1,BOSA-SCH,School Fees Advance,240000.00,77000.00,8500.00,0,STAGE_1_PERFORMING,0.92%,4.6x,UPPER_HILL
2025-10-31,STR-LN-103165,TKN-SHA256-97B9926A,Jane Korir,ID-HASH-FD35577C24,ASSET-FIN,Vehicle & Asset Finance,1640000.00,914000.00,57500.00,0,STAGE_1_PERFORMING,0.89%,1.2x,HQ_NAIROBI
2025-10-31,STR-LN-103166,TKN-SHA256-3F85C1D6,Tabitha Sang,ID-HASH-66A5D81D07,ASSET-FIN,Vehicle & Asset Finance,1360000.00,549000.00,47500.00,84,STAGE_2_UNDERPERFORMING,13.58%,1.7x,BOMET_BRANCH
2025-10-31,STR-LN-103167,TKN-SHA256-9B9D9E7C,John Mutua,ID-HASH-955FA1FED4,BOSA-EMG,Emergency Medical Facility,260000.00,48000.00,9000.00,0,STAGE_1_PERFORMING,0.46%,2.7x,WESTLANDS
2025-10-31,STR-LN-103168,TKN-SHA256-B66C4749,Grace Kariuki,ID-HASH-65780FC555,MSME-WCP,Business Working Capital,1745000.00,564000.00,61000.00,56,STAGE_2_UNDERPERFORMING,8.03%,1.6x,NAKURU_BR
2025-10-31,STR-LN-103169,TKN-SHA256-6AA58B9B,Hassan Sang,ID-HASH-F809509C52,AGRI-TEA,Tea & Coffee Farm Development,1115000.00,470000.00,39000.00,0,STAGE_1_PERFORMING,0.91%,3.4x,WESTLANDS
2025-10-31,STR-LN-103170,TKN-SHA256-CF6B0BE2,Philemon Cheruiyot,ID-HASH-C066D0F9D9,BOSA-SCH,School Fees Advance,145000.00,97000.00,5000.00,0,STAGE_1_PERFORMING,0.60%,3.1x,HQ_NAIROBI
2025-10-31,STR-LN-103171,TKN-SHA256-92F225B8,Stephen Rono,ID-HASH-541225CDD7,FOSA-ADV,Salary Advance 30D,135000.00,55000.00,4500.00,0,STAGE_1_PERFORMING,0.48%,1.3x,KISUMU_BR
2025-10-31,STR-LN-103172,TKN-SHA256-ADB0D9DD,Fatuma Omondi,ID-HASH-4F69A47842,ASSET-FIN,Vehicle & Asset Finance,1600000.00,1117000.00,56000.00,0,STAGE_1_PERFORMING,0.44%,1.6x,MOMBASA_BR
2025-10-31,STR-LN-103173,TKN-SHA256-F7BE8F9E,James Langat,ID-HASH-4086C65675,BOSA-SCH,School Fees Advance,175000.00,82000.00,6000.00,0,STAGE_1_PERFORMING,0.30%,3.2x,ELDORET_BR
2025-10-31,STR-LN-103174,TKN-SHA256-4B97DB04,Fatuma Wanjiku,ID-HASH-FFFE0FC1B9,MSME-WCP,Business Working Capital,1390000.00,880000.00,48500.00,0,STAGE_1_PERFORMING,0.68%,1.7x,KERICHO_CENTRAL
2025-10-31,STR-LN-103175,TKN-SHA256-BE4C76E4,Cosmas Ruto,ID-HASH-7366692CB4,BOSA-NRM,Development Loan Normal,1400000.00,313000.00,49000.00,0,STAGE_1_PERFORMING,0.87%,3.7x,UPPER_HILL
2025-10-31,STR-LN-103176,TKN-SHA256-056EA8A2,Hassan Omondi,ID-HASH-C0FFC0227A,AGRI-TEA,Tea & Coffee Farm Development,725000.00,651000.00,25500.00,0,STAGE_1_PERFORMING,0.45%,2.9x,NANDI_HILLS
2025-10-31,STR-LN-103177,TKN-SHA256-8C5139FB,Kiprono Hassan,ID-HASH-82380818CD,ASSET-FIN,Vehicle & Asset Finance,2375000.00,1381000.00,83000.00,0,STAGE_1_PERFORMING,0.24%,1.7x,ELDORET_BR
2025-10-31,STR-LN-103178,TKN-SHA256-C773757F,Tabitha Hassan,ID-HASH-FC5FFBEBEF,AGRI-TEA,Tea & Coffee Farm Development,580000.00,275000.00,20500.00,20,STAGE_1_EARLY_WATCH,2.75%,2.5x,NANDI_HILLS
2025-10-31,STR-LN-103179,TKN-SHA256-D6631C44,Mercy Korir,ID-HASH-D5EF919354,FOSA-ADV,Salary Advance 30D,40000.00,14000.00,1500.00,0,STAGE_1_PERFORMING,0.18%,0.9x,UPPER_HILL
2025-10-31,STR-LN-103180,TKN-SHA256-D8AEFBCD,Mercy Sang,ID-HASH-F3304DC7F7,BOSA-SCH,School Fees Advance,130000.00,61000.00,4500.00,0,STAGE_1_PERFORMING,0.87%,4.4x,NANDI_HILLS
2025-10-31,STR-LN-103181,TKN-SHA256-DA9AE93C,Tabitha Siele,ID-HASH-C95C0CC851,ASSET-FIN,Vehicle & Asset Finance,1955000.00,363000.00,68500.00,0,STAGE_1_PERFORMING,0.75%,1.9x,ELDORET_BR
2025-10-31,STR-LN-103182,TKN-SHA256-2CE64DDE,Alice Wambui,ID-HASH-CCD68E5BE0,BOSA-SCH,School Fees Advance,140000.00,125000.00,5000.00,0,STAGE_1_PERFORMING,0.16%,3.9x,KERICHO_CENTRAL
2025-10-31,STR-LN-103183,TKN-SHA256-33E99588,Philemon Achieng,ID-HASH-51AC7587AE,MSME-WCP,Business Working Capital,1085000.00,508000.00,38000.00,0,STAGE_1_PERFORMING,0.67%,2.6x,WESTLANDS
2025-10-31,STR-LN-103184,TKN-SHA256-711B6467,Wesley Cheruiyot,ID-HASH-593D0F1751,AGRI-TEA,Tea & Coffee Farm Development,1190000.00,1096000.00,41500.00,0,STAGE_1_PERFORMING,0.53%,2.4x,NAKURU_BR
2025-10-31,STR-LN-103185,TKN-SHA256-E93DA410,Alice Wambui,ID-HASH-63769DC515,FOSA-ADV,Salary Advance 30D,50000.00,12000.00,2000.00,0,STAGE_1_PERFORMING,0.68%,1.6x,ELDORET_BR
2025-10-31,STR-LN-103186,TKN-SHA256-1C242E95,Beatrice Mutua,ID-HASH-51BF7C5171,ASSET-FIN,Vehicle & Asset Finance,3320000.00,2226000.00,116000.00,0,STAGE_1_PERFORMING,0.85%,1.3x,ELDORET_BR
2025-10-31,STR-LN-103187,TKN-SHA256-56B0E35F,Emmanuel Omondi,ID-HASH-01313EC07F,BOSA-EMG,Emergency Medical Facility,100000.00,19000.00,3500.00,0,STAGE_1_PERFORMING,0.86%,3.4x,BOMET_BRANCH
2025-10-31,STR-LN-103188,TKN-SHA256-00A39ABC,Kiprono Ochieng,ID-HASH-21B158F67E,ASSET-FIN,Vehicle & Asset Finance,4680000.00,4030000.00,164000.00,9,STAGE_1_EARLY_WATCH,1.55%,1.2x,KISUMU_BR
2025-10-31,STR-LN-103189,TKN-SHA256-207A08B0,Philemon Chebet,ID-HASH-BC9069C51C,FOSA-ADV,Salary Advance 30D,20000.00,5000.00,500.00,0,STAGE_1_PERFORMING,0.84%,1.0x,MOMBASA_BR
2025-10-31,STR-LN-103190,TKN-SHA256-2F2370A6,Peter Bett,ID-HASH-C0F923DB88,BOSA-EMG,Emergency Medical Facility,240000.00,68000.00,8500.00,0,STAGE_1_PERFORMING,0.46%,2.5x,NANDI_HILLS
2025-10-31,STR-LN-103191,TKN-SHA256-23D5A44A,Bernard Chebet,ID-HASH-7AD6963ED5,BOSA-NRM,Development Loan Normal,1100000.00,649000.00,38500.00,0,STAGE_1_PERFORMING,0.62%,3.5x,NAKURU_BR
2025-10-31,STR-LN-103192,TKN-SHA256-562B618D,Wesley Siele,ID-HASH-A130488D3D,AGRI-TEA,Tea & Coffee Farm Development,375000.00,239000.00,13000.00,0,STAGE_1_PERFORMING,0.26%,2.9x,NANDI_HILLS
2025-10-31,STR-LN-103193,TKN-SHA256-7F7663EC,David Sang,ID-HASH-A6011D09A4,BOSA-SCH,School Fees Advance,90000.00,63000.00,3000.00,0,STAGE_1_PERFORMING,0.26%,4.2x,BOMET_BRANCH
2025-10-31,STR-LN-103194,TKN-SHA256-F6A17CB4,Bernard Cheruiyot,ID-HASH-96E43B3419,BOSA-SCH,School Fees Advance,55000.00,8000.00,2000.00,0,STAGE_1_PERFORMING,0.68%,3.1x,NAKURU_BR
2025-10-31,STR-LN-103195,TKN-SHA256-FBD22E95,Kiprono Hassan,ID-HASH-AAF0B2601B,BOSA-SCH,School Fees Advance,155000.00,78000.00,5500.00,0,STAGE_1_PERFORMING,0.94%,3.5x,BOMET_BRANCH
2025-10-31,STR-LN-103196,TKN-SHA256-FBBD8CD8,David Siele,ID-HASH-69C35B8C27,BOSA-SCH,School Fees Advance,120000.00,32000.00,4000.00,0,STAGE_1_PERFORMING,0.23%,4.8x,KERICHO_CENTRAL
2025-10-31,STR-LN-103197,TKN-SHA256-122FE05F,Alice Kiptoo,ID-HASH-6E50AE1761,FOSA-ADV,Salary Advance 30D,105000.00,28000.00,3500.00,0,STAGE_1_PERFORMING,0.89%,1.5x,ELDORET_BR
2025-10-31,STR-LN-103198,TKN-SHA256-E5F4CB12,Alice Njoroge,ID-HASH-877388FC74,ASSET-FIN,Vehicle & Asset Finance,2365000.00,998000.00,83000.00,31,STAGE_2_UNDERPERFORMING,6.11%,1.3x,NANDI_HILLS
2025-10-31,STR-LN-103199,TKN-SHA256-795EBF80,Philemon Korir,ID-HASH-A6B2008688,AGRI-TEA,Tea & Coffee Farm Development,625000.00,487000.00,22000.00,0,STAGE_1_PERFORMING,0.76%,3.7x,MOMBASA_BR
2025-10-31,STR-LN-103200,TKN-SHA256-53CAEBB7,Mercy Kamau,ID-HASH-F21E6B7B9D,MSME-WCP,Business Working Capital,390000.00,90000.00,13500.00,8,STAGE_1_EARLY_WATCH,4.39%,2.4x,WESTLANDS
2025-10-31,STR-LN-103201,TKN-SHA256-FCA5C7C1,Cosmas Kamau,ID-HASH-A257FFC0D6,BOSA-SCH,School Fees Advance,165000.00,151000.00,6000.00,0,STAGE_1_PERFORMING,0.80%,3.4x,KERICHO_CENTRAL
2025-10-31,STR-LN-103202,TKN-SHA256-689E1EE0,James Omondi,ID-HASH-9E96E17454,MSME-WCP,Business Working Capital,1605000.00,861000.00,56000.00,20,STAGE_1_EARLY_WATCH,2.15%,2.5x,NAKURU_BR
2025-10-31,STR-LN-103203,TKN-SHA256-7DB16232,Peter Njoroge,ID-HASH-E92F5B54FA,BOSA-NRM,Development Loan Normal,1465000.00,667000.00,51500.00,7,STAGE_1_EARLY_WATCH,3.08%,2.8x,KISUMU_BR
2025-10-31,STR-LN-103204,TKN-SHA256-12FDE285,Philemon Ruto,ID-HASH-0D0B17E5DA,BOSA-EMG,Emergency Medical Facility,265000.00,62000.00,9500.00,39,STAGE_2_UNDERPERFORMING,9.92%,2.2x,UPPER_HILL
2025-10-31,STR-LN-103205,TKN-SHA256-4F32EFF8,Philemon Langat,ID-HASH-F901276E2A,BOSA-NRM,Development Loan Normal,1920000.00,756000.00,67000.00,0,STAGE_1_PERFORMING,0.78%,3.0x,ELDORET_BR
2025-10-31,STR-LN-103206,TKN-SHA256-0254ADBA,Stephen Omondi,ID-HASH-3A6B2A0982,BOSA-SCH,School Fees Advance,115000.00,106000.00,4000.00,0,STAGE_1_PERFORMING,0.70%,3.3x,UPPER_HILL
2025-10-31,STR-LN-103207,TKN-SHA256-A8B817AB,Mercy Siele,ID-HASH-643334142C,FOSA-ADV,Salary Advance 30D,145000.00,42000.00,5000.00,0,STAGE_1_PERFORMING,0.57%,1.3x,HQ_NAIROBI
2025-10-31,STR-LN-103208,TKN-SHA256-54D81D68,Stephen Wambui,ID-HASH-0F5D2E300D,BOSA-SCH,School Fees Advance,170000.00,70000.00,6000.00,0,STAGE_1_PERFORMING,0.23%,4.8x,MOMBASA_BR
2025-10-31,STR-LN-103209,TKN-SHA256-CD9DA7B7,Emmanuel Mutua,ID-HASH-9C57A55929,ASSET-FIN,Vehicle & Asset Finance,4125000.00,3177000.00,144500.00,0,STAGE_1_PERFORMING,0.48%,1.7x,HQ_NAIROBI
2025-10-31,STR-LN-103210,TKN-SHA256-B8C6514D,Cosmas Njoroge,ID-HASH-0C82D3EEEC,AGRI-TEA,Tea & Coffee Farm Development,230000.00,201000.00,8000.00,0,STAGE_1_PERFORMING,0.43%,3.7x,NAKURU_BR
2025-10-31,STR-LN-103211,TKN-SHA256-E81C0B53,Bernard Sang,ID-HASH-452436255A,BOSA-SCH,School Fees Advance,190000.00,46000.00,6500.00,0,STAGE_1_PERFORMING,0.32%,4.2x,HQ_NAIROBI
2025-10-31,STR-LN-103212,TKN-SHA256-E5007605,Jane Kamau,ID-HASH-DAC9EB6DA2,AGRI-TEA,Tea & Coffee Farm Development,400000.00,336000.00,14000.00,0,STAGE_1_PERFORMING,0.37%,2.6x,MOMBASA_BR
2025-10-31,STR-LN-103213,TKN-SHA256-4B5711D2,Dennis Koech,ID-HASH-0E6451A352,BOSA-NRM,Development Loan Normal,1135000.00,864000.00,39500.00,0,STAGE_1_PERFORMING,0.18%,3.5x,MOMBASA_BR
2025-10-31,STR-LN-103214,TKN-SHA256-544D532A,Mercy Chebet,ID-HASH-187473491D,BOSA-NRM,Development Loan Normal,2410000.00,1737000.00,84500.00,0,STAGE_1_PERFORMING,0.67%,2.6x,NANDI_HILLS
2025-10-31,STR-LN-103215,TKN-SHA256-03E35244,Peter Kimani,ID-HASH-9BD327D526,BOSA-EMG,Emergency Medical Facility,100000.00,80000.00,3500.00,0,STAGE_1_PERFORMING,0.30%,3.1x,KISUMU_BR
2025-10-31,STR-LN-103216,TKN-SHA256-6248189E,Jane Korir,ID-HASH-4EC737D0D9,ASSET-FIN,Vehicle & Asset Finance,2950000.00,1030000.00,103500.00,0,STAGE_1_PERFORMING,0.70%,1.7x,ELDORET_BR
2025-10-31,STR-LN-103217,TKN-SHA256-0E8ADFB8,Hassan Kariuki,ID-HASH-A7B4B3CD48,FOSA-ADV,Salary Advance 30D,80000.00,18000.00,3000.00,0,STAGE_1_PERFORMING,0.52%,1.2x,UPPER_HILL
2025-10-31,STR-LN-103218,TKN-SHA256-40C1EAFA,James Kimani,ID-HASH-25C55C1472,ASSET-FIN,Vehicle & Asset Finance,4595000.00,696000.00,161000.00,7,STAGE_1_EARLY_WATCH,1.71%,1.2x,ELDORET_BR
2025-10-31,STR-LN-103219,TKN-SHA256-3D8FD19E,Hassan Ali,ID-HASH-795C9D7F55,MSME-WCP,Business Working Capital,1005000.00,246000.00,35000.00,0,STAGE_1_PERFORMING,0.68%,2.3x,KISUMU_BR
2025-10-31,STR-LN-103220,TKN-SHA256-7DDC395C,David Kiptoo,ID-HASH-7ACAE2E2AE,BOSA-NRM,Development Loan Normal,955000.00,642000.00,33500.00,0,STAGE_1_PERFORMING,0.32%,3.1x,ELDORET_BR
2025-10-31,STR-LN-103221,TKN-SHA256-3FD7327A,Emmanuel Cheruiyot,ID-HASH-9F08FA5426,BOSA-NRM,Development Loan Normal,865000.00,417000.00,30500.00,13,STAGE_1_EARLY_WATCH,3.08%,2.5x,WESTLANDS
2025-10-31,STR-LN-103222,TKN-SHA256-8F339615,Cosmas Hassan,ID-HASH-1E5BE816FF,AGRI-TEA,Tea & Coffee Farm Development,1130000.00,400000.00,39500.00,0,STAGE_1_PERFORMING,0.45%,3.1x,NANDI_HILLS
2025-10-31,STR-LN-103223,TKN-SHA256-5FA0E368,Beatrice Rono,ID-HASH-338D3212CD,MSME-WCP,Business Working Capital,895000.00,309000.00,31500.00,0,STAGE_1_PERFORMING,0.42%,2.1x,KISUMU_BR
2025-10-31,STR-LN-103224,TKN-SHA256-636E4181,Mercy Siele,ID-HASH-920B693C94,BOSA-SCH,School Fees Advance,155000.00,105000.00,5500.00,0,STAGE_1_PERFORMING,0.93%,4.5x,KERICHO_CENTRAL
2025-10-31,STR-LN-103225,TKN-SHA256-5F521733,Mercy Ochieng,ID-HASH-AACD28C7F3,MSME-WCP,Business Working Capital,820000.00,181000.00,28500.00,0,STAGE_1_PERFORMING,0.63%,2.3x,HQ_NAIROBI
2025-10-31,STR-LN-103226,TKN-SHA256-B27FDA7B,Cosmas Ruto,ID-HASH-DE3C60F2D0,BOSA-SCH,School Fees Advance,105000.00,52000.00,3500.00,0,STAGE_1_PERFORMING,0.20%,4.6x,ELDORET_BR
2025-10-31,STR-LN-103227,TKN-SHA256-8F013D7A,Kiprono Kiptoo,ID-HASH-4B5B1A6B27,ASSET-FIN,Vehicle & Asset Finance,3020000.00,2207000.00,105500.00,24,STAGE_1_EARLY_WATCH,3.37%,1.7x,KERICHO_CENTRAL
2025-10-31,STR-LN-103228,TKN-SHA256-1991302F,Samuel Bett,ID-HASH-B857439D7D,AGRI-TEA,Tea & Coffee Farm Development,1035000.00,542000.00,36000.00,0,STAGE_1_PERFORMING,0.54%,2.9x,HQ_NAIROBI
2025-10-31,STR-LN-103229,TKN-SHA256-A6A88CE4,Hassan Cheruiyot,ID-HASH-E262DFFA33,ASSET-FIN,Vehicle & Asset Finance,2830000.00,558000.00,99000.00,0,STAGE_1_PERFORMING,0.44%,1.3x,BOMET_BRANCH
2025-10-31,STR-LN-103230,TKN-SHA256-A2D97C08,Dennis Chebet,ID-HASH-F42E646CFB,FOSA-ADV,Salary Advance 30D,50000.00,43000.00,2000.00,0,STAGE_1_PERFORMING,0.57%,1.4x,KERICHO_CENTRAL
2025-10-31,STR-LN-103231,TKN-SHA256-A0EEA61C,Mercy Cheruiyot,ID-HASH-84BAE3DD40,BOSA-NRM,Development Loan Normal,2285000.00,658000.00,80000.00,0,STAGE_1_PERFORMING,0.77%,2.5x,KISUMU_BR
2025-10-31,STR-LN-103232,TKN-SHA256-F0BCF333,Dennis Cheruiyot,ID-HASH-EFFC8B29D0,MSME-WCP,Business Working Capital,405000.00,360000.00,14000.00,0,STAGE_1_PERFORMING,0.68%,1.9x,WESTLANDS
2025-10-31,STR-LN-103233,TKN-SHA256-6F342827,Mercy Langat,ID-HASH-2E62EBF7BF,MSME-WCP,Business Working Capital,575000.00,88000.00,20000.00,0,STAGE_1_PERFORMING,0.90%,2.5x,HQ_NAIROBI
2025-10-31,STR-LN-103234,TKN-SHA256-0F6712A4,Beatrice Hassan,ID-HASH-2C01F8088C,MSME-WCP,Business Working Capital,250000.00,54000.00,9000.00,0,STAGE_1_PERFORMING,0.93%,2.7x,MOMBASA_BR
2025-10-31,STR-LN-103235,TKN-SHA256-C0ADA02A,Cosmas Ochieng,ID-HASH-F6A3C7AE47,MSME-WCP,Business Working Capital,490000.00,74000.00,17000.00,0,STAGE_1_PERFORMING,0.29%,2.7x,UPPER_HILL
2025-10-31,STR-LN-103236,TKN-SHA256-EB39A99C,Cosmas Sang,ID-HASH-D94EC8F0B7,ASSET-FIN,Vehicle & Asset Finance,4575000.00,3262000.00,160000.00,0,STAGE_1_PERFORMING,0.63%,1.6x,NANDI_HILLS
2025-10-31,STR-LN-103237,TKN-SHA256-073AB05A,Alice Hassan,ID-HASH-5AD1D362D8,BOSA-NRM,Development Loan Normal,3360000.00,2827000.00,117500.00,0,STAGE_1_PERFORMING,0.87%,3.8x,NAKURU_BR
2025-10-31,STR-LN-103238,TKN-SHA256-A1A5ED39,Kiprono Mutua,ID-HASH-0185AC5429,BOSA-NRM,Development Loan Normal,525000.00,254000.00,18500.00,0,STAGE_1_PERFORMING,0.74%,2.7x,NANDI_HILLS
2025-10-31,STR-LN-103239,TKN-SHA256-DC233727,Mary Omondi,ID-HASH-7B3A91D1EB,BOSA-SCH,School Fees Advance,170000.00,125000.00,6000.00,0,STAGE_1_PERFORMING,0.57%,3.5x,KISUMU_BR
2025-10-31,STR-LN-103240,TKN-SHA256-80EB19A6,Emmanuel Omondi,ID-HASH-1E66EDB5AF,ASSET-FIN,Vehicle & Asset Finance,3260000.00,687000.00,114000.00,23,STAGE_1_EARLY_WATCH,1.46%,1.6x,KISUMU_BR
2025-10-31,STR-LN-103241,TKN-SHA256-1438B24F,Geoffrey Bett,ID-HASH-A17EA179F8,BOSA-SCH,School Fees Advance,140000.00,67000.00,5000.00,81,STAGE_2_UNDERPERFORMING,8.18%,3.0x,MOMBASA_BR
2025-10-31,STR-LN-103242,TKN-SHA256-D081F8F3,Peter Korir,ID-HASH-8337FB906F,FOSA-ADV,Salary Advance 30D,85000.00,57000.00,3000.00,0,STAGE_1_PERFORMING,0.64%,1.4x,UPPER_HILL
2025-10-31,STR-LN-103243,TKN-SHA256-AAA492BB,Mary Cheruiyot,ID-HASH-15201CC091,ASSET-FIN,Vehicle & Asset Finance,3035000.00,1312000.00,106000.00,0,STAGE_1_PERFORMING,0.29%,1.3x,HQ_NAIROBI
2025-10-31,STR-LN-103244,TKN-SHA256-F72B8E4D,Peter Langat,ID-HASH-A6A781FCD3,BOSA-NRM,Development Loan Normal,2885000.00,1580000.00,101000.00,43,STAGE_2_UNDERPERFORMING,7.47%,3.7x,UPPER_HILL
2025-10-31,STR-LN-103245,TKN-SHA256-EB2F7813,Geoffrey Achieng,ID-HASH-82ECDA40D5,AGRI-TEA,Tea & Coffee Farm Development,560000.00,346000.00,19500.00,6,STAGE_1_EARLY_WATCH,1.78%,2.2x,ELDORET_BR
2025-10-31,STR-LN-103246,TKN-SHA256-C9F3C24A,Tabitha Kamau,ID-HASH-A7613C0583,BOSA-NRM,Development Loan Normal,3450000.00,1090000.00,121000.00,0,STAGE_1_PERFORMING,0.85%,3.8x,NANDI_HILLS
2025-10-31,STR-LN-103247,TKN-SHA256-8AC05516,Geoffrey Hassan,ID-HASH-D27FBF944E,BOSA-NRM,Development Loan Normal,685000.00,406000.00,24000.00,10,STAGE_1_EARLY_WATCH,4.08%,2.8x,MOMBASA_BR
2025-10-31,STR-LN-103248,TKN-SHA256-93ADA5D5,David Kamau,ID-HASH-D0041ECCA2,MSME-WCP,Business Working Capital,880000.00,234000.00,31000.00,0,STAGE_1_PERFORMING,0.86%,2.4x,WESTLANDS
2025-10-31,STR-LN-103249,TKN-SHA256-EEC2D4FA,Samuel Koech,ID-HASH-4DBC6F1702,MSME-WCP,Business Working Capital,470000.00,384000.00,16500.00,0,STAGE_1_PERFORMING,0.93%,2.2x,BOMET_BRANCH
2025-10-31,STR-LN-103250,TKN-SHA256-3D5512C4,James Ali,ID-HASH-D89796C33D,BOSA-SCH,School Fees Advance,225000.00,156000.00,8000.00,0,STAGE_1_PERFORMING,0.78%,3.7x,KISUMU_BR
2025-10-31,STR-LN-103251,TKN-SHA256-59F72740,Tabitha Koech,ID-HASH-D8A20C90D4,FOSA-ADV,Salary Advance 30D,80000.00,74000.00,3000.00,0,STAGE_1_PERFORMING,0.42%,1.3x,WESTLANDS
2025-10-31,STR-LN-103252,TKN-SHA256-27A55C48,Kiprono Kamau,ID-HASH-078C197EEB,ASSET-FIN,Vehicle & Asset Finance,1495000.00,1041000.00,52500.00,16,STAGE_1_EARLY_WATCH,2.18%,1.2x,HQ_NAIROBI
2025-10-31,STR-LN-103253,TKN-SHA256-CB2CF2D5,Emmanuel Wanjiku,ID-HASH-B1960774C3,MSME-WCP,Business Working Capital,230000.00,135000.00,8000.00,0,STAGE_1_PERFORMING,0.47%,2.6x,NANDI_HILLS
2025-10-31,STR-LN-103254,TKN-SHA256-111F180C,Alice Wanjiku,ID-HASH-5B43D02E91,MSME-WCP,Business Working Capital,1705000.00,694000.00,59500.00,82,STAGE_2_UNDERPERFORMING,8.81%,2.4x,KERICHO_CENTRAL
2025-10-31,STR-LN-103255,TKN-SHA256-5568923A,Bernard Kariuki,ID-HASH-8142385FF4,MSME-WCP,Business Working Capital,705000.00,403000.00,24500.00,0,STAGE_1_PERFORMING,0.56%,1.8x,ELDORET_BR
2025-10-31,STR-LN-103256,TKN-SHA256-F5B2ED03,Stephen Njoroge,ID-HASH-87D0271C9A,FOSA-ADV,Salary Advance 30D,50000.00,42000.00,2000.00,0,STAGE_1_PERFORMING,0.31%,1.4x,ELDORET_BR
2025-10-31,STR-LN-103257,TKN-SHA256-2C6CEB34,Kiprono Kariuki,ID-HASH-F441B5C1F4,AGRI-TEA,Tea & Coffee Farm Development,350000.00,127000.00,12500.00,0,STAGE_1_PERFORMING,0.92%,3.0x,HQ_NAIROBI
2025-10-31,STR-LN-103258,TKN-SHA256-C89A61D2,Alice Cheruiyot,ID-HASH-86E568CAE7,BOSA-SCH,School Fees Advance,110000.00,28000.00,4000.00,23,STAGE_1_EARLY_WATCH,1.79%,3.2x,UPPER_HILL
2025-10-31,STR-LN-103259,TKN-SHA256-7E8223C1,Kiprono Siele,ID-HASH-E61D6ACEC4,FOSA-ADV,Salary Advance 30D,130000.00,117000.00,4500.00,0,STAGE_1_PERFORMING,0.58%,1.6x,KERICHO_CENTRAL
2025-10-31,STR-LN-103260,TKN-SHA256-E28F74C3,Emmanuel Ochieng,ID-HASH-96B360393C,MSME-WCP,Business Working Capital,540000.00,427000.00,19000.00,0,STAGE_1_PERFORMING,0.44%,2.2x,BOMET_BRANCH
2025-10-31,STR-LN-103261,TKN-SHA256-DD2B7F18,Mercy Wambui,ID-HASH-FC8F3E39F4,BOSA-NRM,Development Loan Normal,935000.00,172000.00,32500.00,7,STAGE_1_EARLY_WATCH,3.82%,3.8x,NANDI_HILLS
2025-10-31,STR-LN-103262,TKN-SHA256-BE685C9E,Tabitha Hassan,ID-HASH-6B6404BCA2,BOSA-EMG,Emergency Medical Facility,75000.00,17000.00,2500.00,0,STAGE_1_PERFORMING,0.65%,2.0x,KERICHO_CENTRAL
2025-10-31,STR-LN-103263,TKN-SHA256-7667E40A,Cosmas Koech,ID-HASH-2EAE634476,BOSA-EMG,Emergency Medical Facility,90000.00,50000.00,3000.00,0,STAGE_1_PERFORMING,0.29%,3.1x,BOMET_BRANCH
2025-10-31,STR-LN-103264,TKN-SHA256-5C22E182,Mary Koech,ID-HASH-801DE55D5D,MSME-WCP,Business Working Capital,1215000.00,962000.00,42500.00,0,STAGE_1_PERFORMING,0.85%,2.0x,KERICHO_CENTRAL
2025-10-31,STR-LN-103265,TKN-SHA256-AA90B98B,Mercy Siele,ID-HASH-6D8D520C54,MSME-WCP,Business Working Capital,1730000.00,378000.00,60500.00,0,STAGE_1_PERFORMING,0.19%,2.5x,NAKURU_BR
2025-10-31,STR-LN-103266,TKN-SHA256-FF4EBB3C,Jane Otieno,ID-HASH-D99DC54E23,BOSA-NRM,Development Loan Normal,2830000.00,2599000.00,99000.00,0,STAGE_1_PERFORMING,0.82%,3.2x,NAKURU_BR
2025-10-31,STR-LN-103267,TKN-SHA256-15469833,Gladys Ali,ID-HASH-CEE8F63A6C,FOSA-ADV,Salary Advance 30D,140000.00,109000.00,5000.00,0,STAGE_1_PERFORMING,0.47%,1.4x,ELDORET_BR
2025-10-31,STR-LN-103268,TKN-SHA256-A222D304,Samuel Wambui,ID-HASH-714D88D5B9,FOSA-ADV,Salary Advance 30D,65000.00,39000.00,2500.00,0,STAGE_1_PERFORMING,0.34%,1.2x,ELDORET_BR
2025-10-31,STR-LN-103269,TKN-SHA256-BF111091,Geoffrey Omondi,ID-HASH-6E5549E34D,BOSA-NRM,Development Loan Normal,1745000.00,1565000.00,61000.00,0,STAGE_1_PERFORMING,0.31%,3.6x,HQ_NAIROBI
2025-10-31,STR-LN-103270,TKN-SHA256-EE08E718,Wesley Chebet,ID-HASH-C83D08CA6A,FOSA-ADV,Salary Advance 30D,25000.00,10000.00,1000.00,0,STAGE_1_PERFORMING,0.53%,1.1x,HQ_NAIROBI
2025-10-31,STR-LN-103271,TKN-SHA256-DB98DBF9,Jane Rono,ID-HASH-8BA8757724,FOSA-ADV,Salary Advance 30D,135000.00,115000.00,4500.00,0,STAGE_1_PERFORMING,0.32%,1.5x,UPPER_HILL
2025-10-31,STR-LN-103272,TKN-SHA256-308D44AA,Wesley Rono,ID-HASH-6638BDEB95,BOSA-SCH,School Fees Advance,50000.00,24000.00,2000.00,0,STAGE_1_PERFORMING,0.19%,4.6x,WESTLANDS
2025-10-31,STR-LN-103273,TKN-SHA256-3B5DA49C,Hassan Rono,ID-HASH-8C9CCABC95,AGRI-TEA,Tea & Coffee Farm Development,1070000.00,683000.00,37500.00,0,STAGE_1_PERFORMING,0.72%,3.5x,WESTLANDS
2025-10-31,STR-LN-103274,TKN-SHA256-4C398CE8,David Gitonga,ID-HASH-7041E61D0C,ASSET-FIN,Vehicle & Asset Finance,2395000.00,1342000.00,84000.00,26,STAGE_1_EARLY_WATCH,2.48%,1.6x,UPPER_HILL
2025-10-31,STR-LN-103275,TKN-SHA256-CE7DCBDB,Jane Chebet,ID-HASH-C739F07B33,BOSA-NRM,Development Loan Normal,2050000.00,707000.00,72000.00,0,STAGE_1_PERFORMING,0.16%,2.7x,ELDORET_BR
2025-10-31,STR-LN-103276,TKN-SHA256-345FF6CA,Hassan Kiptoo,ID-HASH-9950EA9634,BOSA-SCH,School Fees Advance,180000.00,53000.00,6500.00,20,STAGE_1_EARLY_WATCH,3.13%,3.5x,NANDI_HILLS
2025-10-31,STR-LN-103277,TKN-SHA256-CDB62445,Gladys Otieno,ID-HASH-FBC75128D4,ASSET-FIN,Vehicle & Asset Finance,2740000.00,1390000.00,96000.00,0,STAGE_1_PERFORMING,0.62%,1.5x,KERICHO_CENTRAL
2025-10-31,STR-LN-103278,TKN-SHA256-A7C6CA05,Peter Sang,ID-HASH-2393121D94,BOSA-NRM,Development Loan Normal,1590000.00,1011000.00,55500.00,21,STAGE_1_EARLY_WATCH,2.16%,3.9x,KISUMU_BR
2025-10-31,STR-LN-103279,TKN-SHA256-1A4CBC25,Samuel Rono,ID-HASH-1AAD999E35,BOSA-SCH,School Fees Advance,165000.00,125000.00,6000.00,0,STAGE_1_PERFORMING,0.81%,3.2x,BOMET_BRANCH
2025-10-31,STR-LN-103280,TKN-SHA256-FDBEDD56,Emmanuel Achieng,ID-HASH-E0B22C3EE7,MSME-WCP,Business Working Capital,1055000.00,718000.00,37000.00,0,STAGE_1_PERFORMING,0.34%,2.2x,KERICHO_CENTRAL
2025-10-31,STR-LN-103281,TKN-SHA256-EC7BD3C7,Hassan Ali,ID-HASH-E2993F1CC5,FOSA-ADV,Salary Advance 30D,30000.00,9000.00,1000.00,0,STAGE_1_PERFORMING,0.66%,1.4x,BOMET_BRANCH
2025-10-31,STR-LN-103282,TKN-SHA256-A082BF63,Hassan Achieng,ID-HASH-34DB3AD9D0,FOSA-ADV,Salary Advance 30D,130000.00,21000.00,4500.00,12,STAGE_1_EARLY_WATCH,1.50%,1.4x,MOMBASA_BR
2025-10-31,STR-LN-103283,TKN-SHA256-D9CBF3E9,Mercy Wanjiku,ID-HASH-125BBAC186,MSME-WCP,Business Working Capital,540000.00,125000.00,19000.00,0,STAGE_1_PERFORMING,0.56%,2.1x,NAKURU_BR
2025-10-31,STR-LN-103284,TKN-SHA256-38BA0D5E,Jane Sang,ID-HASH-8B5CE6E63C,ASSET-FIN,Vehicle & Asset Finance,2305000.00,1177000.00,80500.00,0,STAGE_1_PERFORMING,0.52%,1.5x,KERICHO_CENTRAL
2025-10-31,STR-LN-103285,TKN-SHA256-631A00A3,Samuel Siele,ID-HASH-E2C79BAB5F,FOSA-ADV,Salary Advance 30D,85000.00,22000.00,3000.00,30,STAGE_2_UNDERPERFORMING,6.60%,1.2x,NANDI_HILLS
2025-10-31,STR-LN-103286,TKN-SHA256-D24AB0B3,Mary Mutua,ID-HASH-5C900F8732,AGRI-TEA,Tea & Coffee Farm Development,850000.00,451000.00,30000.00,0,STAGE_1_PERFORMING,0.58%,3.5x,HQ_NAIROBI
2025-10-31,STR-LN-103287,TKN-SHA256-1F4D85DC,Geoffrey Ochieng,ID-HASH-B152570D04,AGRI-TEA,Tea & Coffee Farm Development,255000.00,208000.00,9000.00,0,STAGE_1_PERFORMING,0.21%,2.5x,NAKURU_BR
2025-10-31,STR-LN-103288,TKN-SHA256-7F3362B4,Mercy Sang,ID-HASH-D2A0ED831C,BOSA-EMG,Emergency Medical Facility,115000.00,105000.00,4000.00,0,STAGE_1_PERFORMING,0.37%,2.1x,HQ_NAIROBI
2025-10-31,STR-LN-103289,TKN-SHA256-6BAFB47C,Gladys Mutua,ID-HASH-13987343BE,BOSA-NRM,Development Loan Normal,885000.00,647000.00,31000.00,0,STAGE_1_PERFORMING,0.70%,4.2x,ELDORET_BR
2025-10-31,STR-LN-103290,TKN-SHA256-B41693CE,David Korir,ID-HASH-D03569CED8,ASSET-FIN,Vehicle & Asset Finance,1570000.00,1304000.00,55000.00,0,STAGE_1_PERFORMING,0.40%,1.7x,HQ_NAIROBI
2025-10-31,STR-LN-103291,TKN-SHA256-C6DE98FD,Alice Wanjiku,ID-HASH-4FB7A6F41F,FOSA-ADV,Salary Advance 30D,35000.00,18000.00,1000.00,0,STAGE_1_PERFORMING,0.80%,1.3x,KERICHO_CENTRAL
2025-10-31,STR-LN-103292,TKN-SHA256-F747BF97,Jane Korir,ID-HASH-CF61F7E354,FOSA-ADV,Salary Advance 30D,65000.00,26000.00,2500.00,0,STAGE_1_PERFORMING,0.77%,1.4x,KERICHO_CENTRAL
2025-10-31,STR-LN-103293,TKN-SHA256-C901F09C,Dennis Kamau,ID-HASH-3E952F59B9,BOSA-EMG,Emergency Medical Facility,75000.00,59000.00,2500.00,2,STAGE_1_EARLY_WATCH,2.57%,2.8x,UPPER_HILL
2025-10-31,STR-LN-103294,TKN-SHA256-E30F72F6,Gladys Achieng,ID-HASH-4A0BE2609E,ASSET-FIN,Vehicle & Asset Finance,3075000.00,632000.00,107500.00,0,STAGE_1_PERFORMING,0.36%,1.2x,ELDORET_BR
2025-10-31,STR-LN-103295,TKN-SHA256-6501C03B,Hassan Kimani,ID-HASH-E165DE033C,MSME-WCP,Business Working Capital,1545000.00,688000.00,54000.00,0,STAGE_1_PERFORMING,0.81%,2.0x,HQ_NAIROBI
2025-10-31,STR-LN-103296,TKN-SHA256-847A9A0E,Alice Kimani,ID-HASH-A7A019588A,FOSA-ADV,Salary Advance 30D,25000.00,16000.00,1000.00,0,STAGE_1_PERFORMING,0.79%,1.3x,NANDI_HILLS
2025-10-31,STR-LN-103297,TKN-SHA256-A76ECD31,Hassan Otieno,ID-HASH-A0BCEF4376,BOSA-NRM,Development Loan Normal,2230000.00,790000.00,78000.00,0,STAGE_1_PERFORMING,0.83%,3.5x,UPPER_HILL
2025-10-31,STR-LN-103298,TKN-SHA256-56556ADD,Philemon Wanjiku,ID-HASH-2C8845BB98,BOSA-SCH,School Fees Advance,175000.00,48000.00,6000.00,0,STAGE_1_PERFORMING,0.57%,3.4x,MOMBASA_BR
2025-10-31,STR-LN-103299,TKN-SHA256-6318418B,Bernard Kiptoo,ID-HASH-FEA312BE35,FOSA-ADV,Salary Advance 30D,115000.00,42000.00,4000.00,0,STAGE_1_PERFORMING,0.49%,1.6x,UPPER_HILL
2025-10-31,STR-LN-103300,TKN-SHA256-10D2A628,Fatuma Sang,ID-HASH-6E76F813A6,FOSA-ADV,Salary Advance 30D,145000.00,65000.00,5000.00,25,STAGE_1_EARLY_WATCH,4.11%,1.1x,ELDORET_BR
2025-10-31,STR-LN-103301,TKN-SHA256-06301ECE,Gladys Ruto,ID-HASH-9FE03F19C6,MSME-WCP,Business Working Capital,950000.00,886000.00,33000.00,0,STAGE_1_PERFORMING,0.59%,2.2x,NAKURU_BR
2025-10-31,STR-LN-103302,TKN-SHA256-FA8121BA,Philemon Achieng,ID-HASH-019317F5DE,MSME-WCP,Business Working Capital,305000.00,114000.00,10500.00,0,STAGE_1_PERFORMING,0.80%,2.4x,UPPER_HILL
2025-10-31,STR-LN-103303,TKN-SHA256-DB500280,Gladys Chebet,ID-HASH-EB923D6F7B,BOSA-EMG,Emergency Medical Facility,70000.00,13000.00,2500.00,0,STAGE_1_PERFORMING,0.80%,2.7x,KISUMU_BR
2025-10-31,STR-LN-103304,TKN-SHA256-763A5C90,Emmanuel Achieng,ID-HASH-8E7A1378EB,FOSA-ADV,Salary Advance 30D,25000.00,17000.00,1000.00,0,STAGE_1_PERFORMING,0.51%,1.1x,MOMBASA_BR
2025-10-31,STR-LN-103305,TKN-SHA256-BCE48A4D,Mary Ali,ID-HASH-1A3BA72EEE,FOSA-ADV,Salary Advance 30D,90000.00,79000.00,3000.00,0,STAGE_1_PERFORMING,0.93%,1.3x,MOMBASA_BR
2025-10-31,STR-LN-103306,TKN-SHA256-C096D6EB,Mercy Langat,ID-HASH-BA5A0D32CF,AGRI-TEA,Tea & Coffee Farm Development,695000.00,129000.00,24500.00,0,STAGE_1_PERFORMING,0.56%,3.1x,UPPER_HILL
2025-10-31,STR-LN-103307,TKN-SHA256-743D1492,Mary Sang,ID-HASH-BEDE4B6E46,MSME-WCP,Business Working Capital,1580000.00,393000.00,55500.00,0,STAGE_1_PERFORMING,0.62%,1.7x,WESTLANDS
2025-10-31,STR-LN-103308,TKN-SHA256-F8D7FFFD,Mercy Langat,ID-HASH-7D00EA0D90,ASSET-FIN,Vehicle & Asset Finance,4330000.00,3890000.00,151500.00,0,STAGE_1_PERFORMING,0.73%,1.1x,NAKURU_BR
2025-10-31,STR-LN-103309,TKN-SHA256-D4BF7D79,Kiprono Ochieng,ID-HASH-64F5A402C9,FOSA-ADV,Salary Advance 30D,95000.00,32000.00,3500.00,0,STAGE_1_PERFORMING,0.36%,1.3x,BOMET_BRANCH
2025-10-31,STR-LN-103310,TKN-SHA256-4288C311,Mary Sang,ID-HASH-31EE2BE519,AGRI-TEA,Tea & Coffee Farm Development,965000.00,374000.00,34000.00,0,STAGE_1_PERFORMING,0.90%,3.2x,KERICHO_CENTRAL
2025-10-31,STR-LN-103311,TKN-SHA256-ADD91C9D,Catherine Otieno,ID-HASH-4AE7ECE648,ASSET-FIN,Vehicle & Asset Finance,4235000.00,1898000.00,148000.00,0,STAGE_1_PERFORMING,0.64%,2.0x,NAKURU_BR
2025-10-31,STR-LN-103312,TKN-SHA256-DF7C8A2E,Mary Wanjiku,ID-HASH-89DC6061CA,BOSA-NRM,Development Loan Normal,2590000.00,1446000.00,90500.00,0,STAGE_1_PERFORMING,0.37%,2.9x,KISUMU_BR
2025-10-31,STR-LN-103313,TKN-SHA256-E8E02F52,Grace Omondi,ID-HASH-61EDC0B575,BOSA-EMG,Emergency Medical Facility,75000.00,28000.00,2500.00,15,STAGE_1_EARLY_WATCH,3.69%,3.3x,MOMBASA_BR
2025-10-31,STR-LN-103314,TKN-SHA256-54B69C23,Grace Kiptoo,ID-HASH-368F208EC5,MSME-WCP,Business Working Capital,660000.00,108000.00,23000.00,42,STAGE_2_UNDERPERFORMING,14.46%,2.5x,MOMBASA_BR
2025-10-31,STR-LN-103315,TKN-SHA256-E6EE2A22,Philemon Ali,ID-HASH-A919F07899,AGRI-TEA,Tea & Coffee Farm Development,795000.00,527000.00,28000.00,0,STAGE_1_PERFORMING,0.46%,2.5x,NANDI_HILLS
2025-10-31,STR-LN-103316,TKN-SHA256-BABB91D2,Samuel Hassan,ID-HASH-FD7460C450,MSME-WCP,Business Working Capital,620000.00,196000.00,21500.00,0,STAGE_1_PERFORMING,0.16%,2.0x,ELDORET_BR
2025-10-31,STR-LN-103317,TKN-SHA256-C907DC78,Grace Kimani,ID-HASH-9357B7CF34,AGRI-TEA,Tea & Coffee Farm Development,755000.00,425000.00,26500.00,0,STAGE_1_PERFORMING,0.16%,2.1x,MOMBASA_BR
2025-10-31,STR-LN-103318,TKN-SHA256-8A28341F,Mary Kiptoo,ID-HASH-BE22FCFB10,BOSA-EMG,Emergency Medical Facility,275000.00,168000.00,9500.00,0,STAGE_1_PERFORMING,0.56%,2.5x,BOMET_BRANCH
2025-10-31,STR-LN-103319,TKN-SHA256-3AC6B36A,Alice Chebet,ID-HASH-24AC71C4A4,AGRI-TEA,Tea & Coffee Farm Development,805000.00,572000.00,28000.00,0,STAGE_1_PERFORMING,0.93%,3.6x,UPPER_HILL
2025-10-31,STR-LN-103320,TKN-SHA256-608EE19B,Emmanuel Cheruiyot,ID-HASH-910E542904,ASSET-FIN,Vehicle & Asset Finance,4490000.00,1724000.00,157000.00,0,STAGE_1_PERFORMING,0.89%,1.8x,BOMET_BRANCH
2025-10-31,STR-LN-103321,TKN-SHA256-160058FF,Alice Korir,ID-HASH-E153C06BC6,AGRI-TEA,Tea & Coffee Farm Development,930000.00,159000.00,32500.00,0,STAGE_1_PERFORMING,0.52%,3.6x,WESTLANDS
2025-10-31,STR-LN-103322,TKN-SHA256-373FD4DB,Wesley Rono,ID-HASH-ACE21580F0,FOSA-ADV,Salary Advance 30D,140000.00,83000.00,5000.00,0,STAGE_1_PERFORMING,0.15%,1.2x,MOMBASA_BR
2025-10-31,STR-LN-103323,TKN-SHA256-0E04F411,Grace Langat,ID-HASH-93BCBBE52F,MSME-WCP,Business Working Capital,1565000.00,985000.00,55000.00,0,STAGE_1_PERFORMING,0.55%,1.7x,KISUMU_BR
2025-10-31,STR-LN-103324,TKN-SHA256-E9E5DDBD,John Kiptoo,ID-HASH-E5853D01BF,FOSA-ADV,Salary Advance 30D,35000.00,18000.00,1000.00,0,STAGE_1_PERFORMING,0.61%,1.0x,KERICHO_CENTRAL
2025-10-31,STR-LN-103325,TKN-SHA256-C3502A8B,Tabitha Ochieng,ID-HASH-981472840A,BOSA-SCH,School Fees Advance,180000.00,107000.00,6500.00,0,STAGE_1_PERFORMING,0.50%,4.9x,NANDI_HILLS
2025-10-31,STR-LN-103326,TKN-SHA256-AE42A591,Catherine Hassan,ID-HASH-240F405AB5,AGRI-TEA,Tea & Coffee Farm Development,590000.00,146000.00,20500.00,0,STAGE_1_PERFORMING,0.32%,3.8x,NAKURU_BR
2025-10-31,STR-LN-103327,TKN-SHA256-38AA3605,Grace Otieno,ID-HASH-3538D94256,AGRI-TEA,Tea & Coffee Farm Development,295000.00,231000.00,10500.00,13,STAGE_1_EARLY_WATCH,2.53%,3.5x,BOMET_BRANCH
2025-10-31,STR-LN-103328,TKN-SHA256-D0D111D5,Dennis Kariuki,ID-HASH-9D7D2360A5,BOSA-SCH,School Fees Advance,195000.00,135000.00,7000.00,0,STAGE_1_PERFORMING,0.87%,3.5x,ELDORET_BR
2025-10-31,STR-LN-103329,TKN-SHA256-72199AA4,Geoffrey Mutua,ID-HASH-AE0DF5ADCC,BOSA-EMG,Emergency Medical Facility,110000.00,50000.00,4000.00,0,STAGE_1_PERFORMING,0.33%,3.2x,WESTLANDS
2025-10-31,STR-LN-103330,TKN-SHA256-E141119B,Wesley Kiptoo,ID-HASH-3403201477,BOSA-NRM,Development Loan Normal,3105000.00,601000.00,108500.00,0,STAGE_1_PERFORMING,0.55%,4.0x,UPPER_HILL
2025-10-31,STR-LN-103331,TKN-SHA256-687B18DD,Cosmas Ochieng,ID-HASH-38D257AEE7,ASSET-FIN,Vehicle & Asset Finance,2060000.00,524000.00,72000.00,0,STAGE_1_PERFORMING,0.64%,1.5x,HQ_NAIROBI
2025-10-31,STR-LN-103332,TKN-SHA256-69C8DEB1,Alice Korir,ID-HASH-72AB82E0B0,BOSA-NRM,Development Loan Normal,3170000.00,1340000.00,111000.00,0,STAGE_1_PERFORMING,0.45%,2.8x,NANDI_HILLS
2025-10-31,STR-LN-103333,TKN-SHA256-2903553F,Tabitha Bett,ID-HASH-FCABFDEA97,BOSA-NRM,Development Loan Normal,1830000.00,326000.00,64000.00,172,STAGE_3_NON_PERFORMING,26.99%,3.6x,MOMBASA_BR
2025-10-31,STR-LN-103334,TKN-SHA256-0EA31333,James Kiptoo,ID-HASH-AFB2B2E642,FOSA-ADV,Salary Advance 30D,70000.00,54000.00,2500.00,124,STAGE_3_NON_PERFORMING,41.71%,1.2x,UPPER_HILL
2025-10-31,STR-LN-103335,TKN-SHA256-E4692AC4,Catherine Korir,ID-HASH-4CF86ADF9C,FOSA-ADV,Salary Advance 30D,80000.00,19000.00,3000.00,0,STAGE_1_PERFORMING,0.81%,1.5x,MOMBASA_BR
2025-10-31,STR-LN-103336,TKN-SHA256-F86F5B83,Geoffrey Ochieng,ID-HASH-1C19AEA4C2,FOSA-ADV,Salary Advance 30D,115000.00,46000.00,4000.00,0,STAGE_1_PERFORMING,0.78%,1.2x,WESTLANDS
2025-10-31,STR-LN-103337,TKN-SHA256-6E1CF7CB,Beatrice Kariuki,ID-HASH-F8367FF7B1,ASSET-FIN,Vehicle & Asset Finance,3680000.00,2566000.00,129000.00,1,STAGE_1_EARLY_WATCH,1.50%,1.7x,UPPER_HILL
2025-10-31,STR-LN-103338,TKN-SHA256-9EC0CF22,Wesley Chebet,ID-HASH-B6BC34CA20,BOSA-EMG,Emergency Medical Facility,130000.00,44000.00,4500.00,0,STAGE_1_PERFORMING,0.64%,3.3x,BOMET_BRANCH
2025-10-31,STR-LN-103339,TKN-SHA256-A7067395,Fatuma Kariuki,ID-HASH-3EC48E92A4,BOSA-EMG,Emergency Medical Facility,60000.00,19000.00,2000.00,0,STAGE_1_PERFORMING,0.57%,2.6x,KISUMU_BR
2025-10-31,STR-LN-103340,TKN-SHA256-BED59304,Mercy Ruto,ID-HASH-8C06FF4BF8,BOSA-SCH,School Fees Advance,250000.00,89000.00,9000.00,79,STAGE_2_UNDERPERFORMING,10.09%,3.4x,UPPER_HILL
2025-10-31,STR-LN-103341,TKN-SHA256-F70007B1,Wesley Wambui,ID-HASH-E7E2D8C16E,ASSET-FIN,Vehicle & Asset Finance,2345000.00,493000.00,82000.00,0,STAGE_1_PERFORMING,0.20%,1.7x,KISUMU_BR
2025-10-31,STR-LN-103342,TKN-SHA256-1FCD7859,Wesley Langat,ID-HASH-A9745DECB6,AGRI-TEA,Tea & Coffee Farm Development,860000.00,689000.00,30000.00,27,STAGE_1_EARLY_WATCH,1.59%,2.5x,HQ_NAIROBI
2025-10-31,STR-LN-103343,TKN-SHA256-2910911B,Grace Otieno,ID-HASH-E47339BCAD,BOSA-EMG,Emergency Medical Facility,130000.00,90000.00,4500.00,0,STAGE_1_PERFORMING,0.34%,2.6x,ELDORET_BR
2025-10-31,STR-LN-103344,TKN-SHA256-C9E1980D,John Chebet,ID-HASH-684420593B,BOSA-NRM,Development Loan Normal,2365000.00,923000.00,83000.00,0,STAGE_1_PERFORMING,0.17%,4.0x,MOMBASA_BR
2025-10-31,STR-LN-103345,TKN-SHA256-A6278B86,Samuel Kiptoo,ID-HASH-0C2E66B00E,BOSA-SCH,School Fees Advance,220000.00,182000.00,7500.00,21,STAGE_1_EARLY_WATCH,2.03%,4.5x,UPPER_HILL
2025-10-31,STR-LN-103346,TKN-SHA256-9882F25D,John Cheruiyot,ID-HASH-C7A014D55A,FOSA-ADV,Salary Advance 30D,150000.00,102000.00,5500.00,0,STAGE_1_PERFORMING,0.58%,1.5x,MOMBASA_BR
2025-10-31,STR-LN-103347,TKN-SHA256-C557CCC1,John Wambui,ID-HASH-07792D3398,ASSET-FIN,Vehicle & Asset Finance,3675000.00,3418000.00,128500.00,0,STAGE_1_PERFORMING,0.71%,1.5x,KERICHO_CENTRAL
2025-10-31,STR-LN-103348,TKN-SHA256-E75D0B66,Grace Rono,ID-HASH-B50237A3FA,BOSA-EMG,Emergency Medical Facility,300000.00,158000.00,10500.00,0,STAGE_1_PERFORMING,0.51%,2.0x,KISUMU_BR
2025-10-31,STR-LN-103349,TKN-SHA256-5C274FB5,Catherine Achieng,ID-HASH-C051675CCC,BOSA-NRM,Development Loan Normal,2405000.00,924000.00,84000.00,0,STAGE_1_PERFORMING,0.26%,3.1x,WESTLANDS
2025-10-31,STR-LN-103350,TKN-SHA256-36B94B64,Dennis Mutua,ID-HASH-5AF7334824,ASSET-FIN,Vehicle & Asset Finance,1965000.00,1387000.00,69000.00,0,STAGE_1_PERFORMING,0.89%,1.6x,KISUMU_BR
2025-10-31,STR-LN-103351,TKN-SHA256-C4EFA4F8,James Bett,ID-HASH-3DC6E3AFF3,BOSA-NRM,Development Loan Normal,595000.00,334000.00,21000.00,2,STAGE_1_EARLY_WATCH,1.77%,2.5x,NAKURU_BR
2025-10-31,STR-LN-103352,TKN-SHA256-E52FADA2,Beatrice Mutua,ID-HASH-04B1664461,BOSA-EMG,Emergency Medical Facility,80000.00,43000.00,3000.00,82,STAGE_2_UNDERPERFORMING,10.08%,2.9x,BOMET_BRANCH
2025-10-31,STR-LN-103353,TKN-SHA256-DDCFD2B5,Tabitha Ruto,ID-HASH-A39FEE7C43,ASSET-FIN,Vehicle & Asset Finance,2145000.00,523000.00,75000.00,0,STAGE_1_PERFORMING,0.80%,1.5x,ELDORET_BR
2025-10-31,STR-LN-103354,TKN-SHA256-5CBDCEC7,Jane Cheruiyot,ID-HASH-47EF049C99,MSME-WCP,Business Working Capital,1580000.00,965000.00,55500.00,0,STAGE_1_PERFORMING,0.83%,1.5x,BOMET_BRANCH
2025-10-31,STR-LN-103355,TKN-SHA256-83AFC4E6,David Gitonga,ID-HASH-CB027C2C56,ASSET-FIN,Vehicle & Asset Finance,4520000.00,3947000.00,158000.00,0,STAGE_1_PERFORMING,0.49%,1.8x,BOMET_BRANCH
2025-10-31,STR-LN-103356,TKN-SHA256-D1FE7C8A,Bernard Mutua,ID-HASH-2EDE82309E,BOSA-NRM,Development Loan Normal,1790000.00,698000.00,62500.00,0,STAGE_1_PERFORMING,0.48%,3.3x,ELDORET_BR
2025-10-31,STR-LN-103357,TKN-SHA256-D24DB86D,Bernard Kiptoo,ID-HASH-B5C027A4D2,ASSET-FIN,Vehicle & Asset Finance,2180000.00,1234000.00,76500.00,0,STAGE_1_PERFORMING,0.89%,1.2x,BOMET_BRANCH
2025-10-31,STR-LN-103358,TKN-SHA256-49F4E389,John Chebet,ID-HASH-85A9F8B788,AGRI-TEA,Tea & Coffee Farm Development,1150000.00,957000.00,40500.00,0,STAGE_1_PERFORMING,0.51%,2.5x,BOMET_BRANCH
2025-10-31,STR-LN-103359,TKN-SHA256-6B92A0D0,Lucy Kimani,ID-HASH-D9468757E9,FOSA-ADV,Salary Advance 30D,80000.00,74000.00,3000.00,0,STAGE_1_PERFORMING,0.82%,0.9x,HQ_NAIROBI
2025-10-31,STR-LN-103360,TKN-SHA256-75F0B5DE,Lucy Achieng,ID-HASH-FD6F1AA5D2,BOSA-SCH,School Fees Advance,45000.00,24000.00,1500.00,0,STAGE_1_PERFORMING,0.71%,3.2x,WESTLANDS
2025-10-31,STR-LN-103361,TKN-SHA256-C98353D7,Gladys Kimani,ID-HASH-ED9B4D707B,FOSA-ADV,Salary Advance 30D,30000.00,5000.00,1000.00,0,STAGE_1_PERFORMING,0.25%,0.9x,MOMBASA_BR
2025-10-31,STR-LN-103362,TKN-SHA256-54740479,Fatuma Langat,ID-HASH-1FDE49D786,AGRI-TEA,Tea & Coffee Farm Development,275000.00,130000.00,9500.00,0,STAGE_1_PERFORMING,0.82%,2.5x,NANDI_HILLS
2025-10-31,STR-LN-103363,TKN-SHA256-51371263,Alice Gitonga,ID-HASH-BD3EFE9005,BOSA-EMG,Emergency Medical Facility,130000.00,29000.00,4500.00,82,STAGE_2_UNDERPERFORMING,12.02%,2.3x,WESTLANDS
2025-10-31,STR-LN-103364,TKN-SHA256-F10B3086,Emmanuel Otieno,ID-HASH-AE3438A08E,BOSA-EMG,Emergency Medical Facility,130000.00,114000.00,4500.00,0,STAGE_1_PERFORMING,0.95%,2.7x,NANDI_HILLS
2025-10-31,STR-LN-103365,TKN-SHA256-36E4550D,Kiprono Kimani,ID-HASH-92BAF10872,AGRI-TEA,Tea & Coffee Farm Development,350000.00,330000.00,12500.00,21,STAGE_1_EARLY_WATCH,3.42%,3.2x,NAKURU_BR
2025-10-31,STR-LN-103366,TKN-SHA256-3CA37483,Beatrice Ruto,ID-HASH-5FB09C3D14,BOSA-SCH,School Fees Advance,85000.00,77000.00,3000.00,0,STAGE_1_PERFORMING,0.68%,5.0x,WESTLANDS
2025-10-31,STR-LN-103367,TKN-SHA256-367524C0,Philemon Koech,ID-HASH-7EAE861349,FOSA-ADV,Salary Advance 30D,80000.00,62000.00,3000.00,0,STAGE_1_PERFORMING,0.80%,1.0x,WESTLANDS
2025-10-31,STR-LN-103368,TKN-SHA256-694BF48C,Grace Koech,ID-HASH-41BCDF718F,BOSA-NRM,Development Loan Normal,560000.00,142000.00,19500.00,0,STAGE_1_PERFORMING,0.53%,3.2x,HQ_NAIROBI
2025-10-31,STR-LN-103369,TKN-SHA256-D0B9BD39,Beatrice Koech,ID-HASH-C36966C155,BOSA-EMG,Emergency Medical Facility,85000.00,57000.00,3000.00,0,STAGE_1_PERFORMING,0.89%,3.0x,BOMET_BRANCH
2025-10-31,STR-LN-103370,TKN-SHA256-45717D18,Stephen Kimani,ID-HASH-6F33F72B4A,FOSA-ADV,Salary Advance 30D,60000.00,17000.00,2000.00,0,STAGE_1_PERFORMING,0.81%,1.3x,HQ_NAIROBI
2025-10-31,STR-LN-103371,TKN-SHA256-92EDA9BE,Grace Hassan,ID-HASH-9B867E9AC3,BOSA-EMG,Emergency Medical Facility,115000.00,43000.00,4000.00,0,STAGE_1_PERFORMING,0.91%,2.0x,KISUMU_BR
2025-10-31,STR-LN-103372,TKN-SHA256-0CAFC30B,Stephen Kariuki,ID-HASH-FD905845AD,BOSA-SCH,School Fees Advance,150000.00,78000.00,5500.00,0,STAGE_1_PERFORMING,0.92%,5.0x,ELDORET_BR
2025-10-31,STR-LN-103373,TKN-SHA256-570948E9,Geoffrey Omondi,ID-HASH-7BBF896BA3,BOSA-NRM,Development Loan Normal,1840000.00,721000.00,64500.00,0,STAGE_1_PERFORMING,0.85%,3.7x,KISUMU_BR
2025-10-31,STR-LN-103374,TKN-SHA256-FCE771CB,Mary Koech,ID-HASH-7D02221DD0,ASSET-FIN,Vehicle & Asset Finance,1840000.00,440000.00,64500.00,60,STAGE_2_UNDERPERFORMING,13.16%,1.5x,BOMET_BRANCH
2025-10-31,STR-LN-103375,TKN-SHA256-EA06F43C,Bernard Langat,ID-HASH-153C321705,BOSA-SCH,School Fees Advance,155000.00,35000.00,5500.00,0,STAGE_1_PERFORMING,0.69%,4.1x,UPPER_HILL
2025-10-31,STR-LN-103376,TKN-SHA256-901873DC,Lucy Wanjiku,ID-HASH-991E6EE987,MSME-WCP,Business Working Capital,735000.00,115000.00,25500.00,0,STAGE_1_PERFORMING,0.47%,1.6x,MOMBASA_BR
2025-10-31,STR-LN-103377,TKN-SHA256-57A5159E,Hassan Wanjiku,ID-HASH-48EDB24F1E,FOSA-ADV,Salary Advance 30D,75000.00,20000.00,2500.00,48,STAGE_2_UNDERPERFORMING,7.87%,1.2x,KISUMU_BR
2025-10-31,STR-LN-103378,TKN-SHA256-939514F2,Catherine Sang,ID-HASH-D89167C976,BOSA-EMG,Emergency Medical Facility,205000.00,69000.00,7000.00,0,STAGE_1_PERFORMING,0.51%,3.0x,WESTLANDS
2025-10-31,STR-LN-103379,TKN-SHA256-F28002D7,Grace Sang,ID-HASH-D34AAC51BA,AGRI-TEA,Tea & Coffee Farm Development,450000.00,227000.00,16000.00,0,STAGE_1_PERFORMING,0.49%,3.1x,BOMET_BRANCH
2025-10-31,STR-LN-103380,TKN-SHA256-9DF720C4,Alice Kariuki,ID-HASH-820C9E8EB0,MSME-WCP,Business Working Capital,825000.00,779000.00,29000.00,0,STAGE_1_PERFORMING,0.67%,2.5x,KERICHO_CENTRAL
2025-10-31,STR-LN-103381,TKN-SHA256-C6AEFE35,Emmanuel Njoroge,ID-HASH-27C77B13D3,BOSA-EMG,Emergency Medical Facility,115000.00,68000.00,4000.00,0,STAGE_1_PERFORMING,0.17%,3.0x,UPPER_HILL
2025-10-31,STR-LN-103382,TKN-SHA256-316636DB,Alice Kariuki,ID-HASH-4CC4A039E6,BOSA-NRM,Development Loan Normal,1470000.00,329000.00,51500.00,86,STAGE_2_UNDERPERFORMING,6.76%,4.1x,NAKURU_BR
2025-10-31,STR-LN-103383,TKN-SHA256-CE34E988,Grace Gitonga,ID-HASH-AD28B4DE64,BOSA-NRM,Development Loan Normal,1790000.00,1141000.00,62500.00,0,STAGE_1_PERFORMING,0.51%,2.8x,MOMBASA_BR
2025-10-31,STR-LN-103384,TKN-SHA256-46CFCAE4,Kiprono Ruto,ID-HASH-CA9A4DB9CB,AGRI-TEA,Tea & Coffee Farm Development,1150000.00,457000.00,40500.00,0,STAGE_1_PERFORMING,0.43%,3.7x,UPPER_HILL
2025-10-31,STR-LN-103385,TKN-SHA256-9AF6EF27,Catherine Siele,ID-HASH-273BEB3C13,FOSA-ADV,Salary Advance 30D,115000.00,44000.00,4000.00,0,STAGE_1_PERFORMING,0.80%,1.4x,KERICHO_CENTRAL
2025-10-31,STR-LN-103386,TKN-SHA256-A499545C,Mary Otieno,ID-HASH-A51930FD59,BOSA-NRM,Development Loan Normal,3425000.00,2182000.00,120000.00,165,STAGE_3_NON_PERFORMING,18.73%,3.3x,HQ_NAIROBI
2025-10-31,STR-LN-103387,TKN-SHA256-2375DED3,Catherine Wambui,ID-HASH-C4EC353F6F,BOSA-NRM,Development Loan Normal,1475000.00,652000.00,51500.00,0,STAGE_1_PERFORMING,0.84%,3.7x,ELDORET_BR
2025-10-31,STR-LN-103388,TKN-SHA256-CF753890,Mary Ochieng,ID-HASH-E37BE9D24C,AGRI-TEA,Tea & Coffee Farm Development,790000.00,292000.00,27500.00,0,STAGE_1_PERFORMING,0.52%,2.9x,HQ_NAIROBI
2025-10-31,STR-LN-103389,TKN-SHA256-A1D5BC29,Emmanuel Omondi,ID-HASH-0569492596,BOSA-EMG,Emergency Medical Facility,205000.00,186000.00,7000.00,0,STAGE_1_PERFORMING,0.21%,1.9x,WESTLANDS
2025-10-31,STR-LN-103390,TKN-SHA256-BDF6B861,Philemon Mwangi,ID-HASH-C9DBE73455,ASSET-FIN,Vehicle & Asset Finance,4105000.00,1949000.00,143500.00,0,STAGE_1_PERFORMING,0.92%,1.5x,MOMBASA_BR
2025-10-31,STR-LN-103391,TKN-SHA256-2F9FE47D,Dennis Kariuki,ID-HASH-3A174329D7,FOSA-ADV,Salary Advance 30D,30000.00,5000.00,1000.00,0,STAGE_1_PERFORMING,0.82%,1.1x,WESTLANDS
2025-10-31,STR-LN-103392,TKN-SHA256-21644BEC,Bernard Otieno,ID-HASH-34A8C8F42A,BOSA-SCH,School Fees Advance,140000.00,68000.00,5000.00,0,STAGE_1_PERFORMING,0.61%,4.5x,HQ_NAIROBI
2025-10-31,STR-LN-103393,TKN-SHA256-DA5CE7A3,Emmanuel Cheruiyot,ID-HASH-A843F1B71C,BOSA-EMG,Emergency Medical Facility,65000.00,43000.00,2500.00,0,STAGE_1_PERFORMING,0.32%,2.1x,BOMET_BRANCH
2025-10-31,STR-LN-103394,TKN-SHA256-2B91AD9D,Beatrice Achieng,ID-HASH-C8D853FAE5,BOSA-SCH,School Fees Advance,115000.00,38000.00,4000.00,0,STAGE_1_PERFORMING,0.50%,3.7x,BOMET_BRANCH
2025-10-31,STR-LN-103395,TKN-SHA256-4B71A338,Hassan Hassan,ID-HASH-5AB5E223A0,ASSET-FIN,Vehicle & Asset Finance,4415000.00,4118000.00,154500.00,0,STAGE_1_PERFORMING,0.57%,1.3x,UPPER_HILL
2025-10-31,STR-LN-103396,TKN-SHA256-95C8FA48,Lucy Kamau,ID-HASH-386D73CCD9,AGRI-TEA,Tea & Coffee Farm Development,1165000.00,784000.00,41000.00,0,STAGE_1_PERFORMING,0.83%,2.3x,KERICHO_CENTRAL
2025-10-31,STR-LN-103397,TKN-SHA256-5B8A0EAA,Emmanuel Kamau,ID-HASH-FD16AC0556,BOSA-NRM,Development Loan Normal,1045000.00,439000.00,36500.00,85,STAGE_2_UNDERPERFORMING,11.47%,4.1x,HQ_NAIROBI
2025-10-31,STR-LN-103398,TKN-SHA256-06D7FCD3,Mary Hassan,ID-HASH-D2A41F3E6F,BOSA-SCH,School Fees Advance,195000.00,149000.00,7000.00,0,STAGE_1_PERFORMING,0.91%,5.0x,BOMET_BRANCH
2025-10-31,STR-LN-103399,TKN-SHA256-86EE3B72,Cosmas Ochieng,ID-HASH-15B4143FA2,FOSA-ADV,Salary Advance 30D,115000.00,66000.00,4000.00,0,STAGE_1_PERFORMING,0.81%,1.0x,NAKURU_BR
2025-10-31,STR-LN-103400,TKN-SHA256-C9EC4911,Wesley Siele,ID-HASH-35284741F7,AGRI-TEA,Tea & Coffee Farm Development,730000.00,466000.00,25500.00,0,STAGE_1_PERFORMING,0.52%,2.2x,KISUMU_BR
2025-10-31,STR-LN-103401,TKN-SHA256-2E03EF0E,Gladys Wanjiku,ID-HASH-315FD83B45,MSME-WCP,Business Working Capital,570000.00,522000.00,20000.00,0,STAGE_1_PERFORMING,0.92%,2.3x,WESTLANDS
2025-10-31,STR-LN-103402,TKN-SHA256-074F1B7B,Wesley Ali,ID-HASH-27BC27E5DF,BOSA-NRM,Development Loan Normal,1155000.00,1097000.00,40500.00,0,STAGE_1_PERFORMING,0.53%,3.4x,KISUMU_BR
2025-10-31,STR-LN-103403,TKN-SHA256-B8F3F9E3,Grace Siele,ID-HASH-298EFD19D6,BOSA-EMG,Emergency Medical Facility,220000.00,118000.00,7500.00,0,STAGE_1_PERFORMING,0.51%,3.0x,UPPER_HILL
2025-10-31,STR-LN-103404,TKN-SHA256-6137940D,Beatrice Njoroge,ID-HASH-E96A57440F,ASSET-FIN,Vehicle & Asset Finance,1735000.00,1197000.00,60500.00,0,STAGE_1_PERFORMING,0.43%,1.9x,NAKURU_BR
2025-10-31,STR-LN-103405,TKN-SHA256-8BEFD20D,Bernard Achieng,ID-HASH-E0045E4AAF,AGRI-TEA,Tea & Coffee Farm Development,460000.00,177000.00,16000.00,5,STAGE_1_EARLY_WATCH,4.25%,2.8x,KERICHO_CENTRAL
2025-10-31,STR-LN-103406,TKN-SHA256-5E40F6A4,Cosmas Kiptoo,ID-HASH-25BE41F00C,AGRI-TEA,Tea & Coffee Farm Development,355000.00,82000.00,12500.00,0,STAGE_1_PERFORMING,0.40%,3.7x,ELDORET_BR
2025-10-31,STR-LN-103407,TKN-SHA256-BEC5C93E,David Achieng,ID-HASH-4B47821E64,MSME-WCP,Business Working Capital,990000.00,210000.00,34500.00,0,STAGE_1_PERFORMING,0.41%,2.3x,WESTLANDS
2025-10-31,STR-LN-103408,TKN-SHA256-3D46DB1E,Hassan Ochieng,ID-HASH-4D4D3D8C38,BOSA-EMG,Emergency Medical Facility,140000.00,89000.00,5000.00,0,STAGE_1_PERFORMING,0.22%,2.5x,HQ_NAIROBI
2025-10-31,STR-LN-103409,TKN-SHA256-CB8F62B4,Tabitha Ruto,ID-HASH-50CE755BC8,MSME-WCP,Business Working Capital,460000.00,172000.00,16000.00,5,STAGE_1_EARLY_WATCH,4.21%,1.7x,UPPER_HILL
2025-10-31,STR-LN-103410,TKN-SHA256-9002F918,Samuel Otieno,ID-HASH-8438BAE9DC,MSME-WCP,Business Working Capital,785000.00,165000.00,27500.00,0,STAGE_1_PERFORMING,0.84%,1.8x,BOMET_BRANCH
2025-10-31,STR-LN-103411,TKN-SHA256-0D478C58,Kiprono Cheruiyot,ID-HASH-4F3C0BEB4D,MSME-WCP,Business Working Capital,1485000.00,232000.00,52000.00,0,STAGE_1_PERFORMING,0.68%,1.9x,KERICHO_CENTRAL
2025-10-31,STR-LN-103412,TKN-SHA256-B4594032,Wesley Langat,ID-HASH-22C5C44E9E,BOSA-EMG,Emergency Medical Facility,70000.00,16000.00,2500.00,0,STAGE_1_PERFORMING,0.85%,2.0x,KISUMU_BR
2025-10-31,STR-LN-103413,TKN-SHA256-E70432E7,Tabitha Ochieng,ID-HASH-6F0E2DFF25,AGRI-TEA,Tea & Coffee Farm Development,385000.00,126000.00,13500.00,0,STAGE_1_PERFORMING,0.82%,2.4x,WESTLANDS
2025-10-31,STR-LN-103414,TKN-SHA256-28DA23F6,Cosmas Kimani,ID-HASH-DD42A1C723,MSME-WCP,Business Working Capital,735000.00,244000.00,25500.00,0,STAGE_1_PERFORMING,0.91%,2.4x,NAKURU_BR
2025-10-31,STR-LN-103415,TKN-SHA256-94DA8EAB,Grace Wambui,ID-HASH-9C6AA1EAB8,BOSA-NRM,Development Loan Normal,1210000.00,801000.00,42500.00,0,STAGE_1_PERFORMING,0.86%,3.1x,HQ_NAIROBI
2025-10-31,STR-LN-103416,TKN-SHA256-F444CA66,Fatuma Chebet,ID-HASH-100995D68B,AGRI-TEA,Tea & Coffee Farm Development,1080000.00,934000.00,38000.00,28,STAGE_1_EARLY_WATCH,2.44%,2.4x,NAKURU_BR
2025-10-31,STR-LN-103417,TKN-SHA256-88B2D5E9,Bernard Kimani,ID-HASH-A0F4C256BD,BOSA-EMG,Emergency Medical Facility,250000.00,234000.00,9000.00,0,STAGE_1_PERFORMING,0.79%,2.1x,UPPER_HILL
2025-10-31,STR-LN-103418,TKN-SHA256-A506878A,James Sang,ID-HASH-3FE42BC57D,BOSA-SCH,School Fees Advance,90000.00,41000.00,3000.00,0,STAGE_1_PERFORMING,0.66%,5.0x,UPPER_HILL
2025-10-31,STR-LN-103419,TKN-SHA256-640AE45A,Hassan Langat,ID-HASH-FD4F8AF72E,BOSA-EMG,Emergency Medical Facility,140000.00,61000.00,5000.00,3,STAGE_1_EARLY_WATCH,2.90%,2.0x,KERICHO_CENTRAL
2025-10-31,STR-LN-103420,TKN-SHA256-FA3D1F20,Jane Ali,ID-HASH-B0919A8C04,ASSET-FIN,Vehicle & Asset Finance,1900000.00,922000.00,66500.00,0,STAGE_1_PERFORMING,0.91%,1.7x,ELDORET_BR
2025-10-31,STR-LN-103421,TKN-SHA256-02FCE458,Kiprono Otieno,ID-HASH-BB294B6CB4,MSME-WCP,Business Working Capital,580000.00,257000.00,20500.00,0,STAGE_1_PERFORMING,0.31%,2.0x,MOMBASA_BR
2025-10-31,STR-LN-103422,TKN-SHA256-6971802D,Catherine Rono,ID-HASH-A8EFE396C8,BOSA-NRM,Development Loan Normal,1730000.00,392000.00,60500.00,0,STAGE_1_PERFORMING,0.36%,3.8x,WESTLANDS
2025-10-31,STR-LN-103423,TKN-SHA256-26B022DF,Wesley Bett,ID-HASH-8761D61ADB,BOSA-EMG,Emergency Medical Facility,295000.00,177000.00,10500.00,0,STAGE_1_PERFORMING,0.33%,3.2x,MOMBASA_BR
2025-10-31,STR-LN-103424,TKN-SHA256-6950CE02,Mary Kariuki,ID-HASH-8EBC089D32,FOSA-ADV,Salary Advance 30D,120000.00,35000.00,4000.00,0,STAGE_1_PERFORMING,0.26%,1.3x,BOMET_BRANCH
2025-10-31,STR-LN-103425,TKN-SHA256-8FCA11F1,Grace Wambui,ID-HASH-2DD80F03CF,MSME-WCP,Business Working Capital,920000.00,470000.00,32000.00,0,STAGE_1_PERFORMING,0.60%,2.6x,ELDORET_BR
2025-10-31,STR-LN-103426,TKN-SHA256-5F42BD15,John Gitonga,ID-HASH-514F00B256,AGRI-TEA,Tea & Coffee Farm Development,865000.00,390000.00,30500.00,0,STAGE_1_PERFORMING,0.80%,3.4x,KISUMU_BR
2025-10-31,STR-LN-103427,TKN-SHA256-1FB65795,Mary Wanjiku,ID-HASH-067D87B223,ASSET-FIN,Vehicle & Asset Finance,2075000.00,1570000.00,72500.00,0,STAGE_1_PERFORMING,0.44%,1.7x,HQ_NAIROBI
2025-10-31,STR-LN-103428,TKN-SHA256-DC900C11,Cosmas Bett,ID-HASH-7F50FAB0EA,ASSET-FIN,Vehicle & Asset Finance,2025000.00,1854000.00,71000.00,0,STAGE_1_PERFORMING,0.27%,2.0x,MOMBASA_BR
2025-10-31,STR-LN-103429,TKN-SHA256-468D6980,David Ochieng,ID-HASH-F01236CC93,ASSET-FIN,Vehicle & Asset Finance,3055000.00,1799000.00,107000.00,84,STAGE_2_UNDERPERFORMING,5.59%,1.7x,WESTLANDS
2025-10-31,STR-LN-103430,TKN-SHA256-0F75AA8A,Mary Mwangi,ID-HASH-2368A87F6A,BOSA-EMG,Emergency Medical Facility,200000.00,69000.00,7000.00,0,STAGE_1_PERFORMING,0.89%,2.2x,ELDORET_BR
2025-10-31,STR-LN-103431,TKN-SHA256-5E647CEE,Geoffrey Kimani,ID-HASH-B912D712C0,ASSET-FIN,Vehicle & Asset Finance,4765000.00,1681000.00,167000.00,0,STAGE_1_PERFORMING,0.31%,2.0x,NANDI_HILLS
2025-10-31,STR-LN-103432,TKN-SHA256-6F93125C,Lucy Gitonga,ID-HASH-172DD5D9A2,MSME-WCP,Business Working Capital,1225000.00,528000.00,43000.00,0,STAGE_1_PERFORMING,0.56%,1.9x,UPPER_HILL
2025-10-31,STR-LN-103433,TKN-SHA256-CF7266BA,Tabitha Kiptoo,ID-HASH-E4632E4E83,MSME-WCP,Business Working Capital,525000.00,109000.00,18500.00,19,STAGE_1_EARLY_WATCH,1.83%,2.4x,NANDI_HILLS
2025-10-31,STR-LN-103434,TKN-SHA256-BEC56B00,Stephen Mutua,ID-HASH-95A3F47AAF,MSME-WCP,Business Working Capital,1430000.00,768000.00,50000.00,0,STAGE_1_PERFORMING,0.37%,2.0x,NANDI_HILLS
2025-10-31,STR-LN-103435,TKN-SHA256-63E151EB,Geoffrey Kimani,ID-HASH-DE0065CB48,BOSA-EMG,Emergency Medical Facility,50000.00,16000.00,2000.00,0,STAGE_1_PERFORMING,0.86%,3.4x,UPPER_HILL
2025-10-31,STR-LN-103436,TKN-SHA256-A8C9613B,Catherine Siele,ID-HASH-A41E23034C,BOSA-EMG,Emergency Medical Facility,140000.00,21000.00,5000.00,11,STAGE_1_EARLY_WATCH,4.08%,2.2x,KERICHO_CENTRAL
2025-10-31,STR-LN-103437,TKN-SHA256-2E1BFAE5,Jane Otieno,ID-HASH-398620211C,MSME-WCP,Business Working Capital,985000.00,363000.00,34500.00,0,STAGE_1_PERFORMING,0.20%,1.6x,MOMBASA_BR
2025-10-31,STR-LN-103438,TKN-SHA256-34E66B43,Stephen Korir,ID-HASH-F912A9A0A2,MSME-WCP,Business Working Capital,1300000.00,701000.00,45500.00,0,STAGE_1_PERFORMING,0.59%,2.6x,HQ_NAIROBI
2025-10-31,STR-LN-103439,TKN-SHA256-035036BE,Tabitha Mwangi,ID-HASH-54AD8DC4B1,BOSA-EMG,Emergency Medical Facility,195000.00,156000.00,7000.00,0,STAGE_1_PERFORMING,0.54%,2.6x,MOMBASA_BR
2025-10-31,STR-LN-103440,TKN-SHA256-CF036100,Beatrice Mwangi,ID-HASH-8C8E1B2B27,AGRI-TEA,Tea & Coffee Farm Development,1100000.00,527000.00,38500.00,0,STAGE_1_PERFORMING,0.59%,2.1x,WESTLANDS
2025-10-31,STR-LN-103441,TKN-SHA256-5354FE4E,Geoffrey Langat,ID-HASH-3630B829EB,FOSA-ADV,Salary Advance 30D,45000.00,34000.00,1500.00,1,STAGE_1_EARLY_WATCH,1.67%,1.0x,NANDI_HILLS
2025-10-31,STR-LN-103442,TKN-SHA256-A40F179F,Kiprono Kiptoo,ID-HASH-A3EA7041DD,BOSA-NRM,Development Loan Normal,760000.00,163000.00,26500.00,0,STAGE_1_PERFORMING,0.84%,2.8x,KISUMU_BR
2025-10-31,STR-LN-103443,TKN-SHA256-EE7F8DF7,Kiprono Hassan,ID-HASH-9AD14672EA,FOSA-ADV,Salary Advance 30D,85000.00,71000.00,3000.00,0,STAGE_1_PERFORMING,0.47%,1.5x,KISUMU_BR
2025-10-31,STR-LN-103444,TKN-SHA256-526A5B85,Gladys Cheruiyot,ID-HASH-788CAB9581,AGRI-TEA,Tea & Coffee Farm Development,1140000.00,1024000.00,40000.00,0,STAGE_1_PERFORMING,0.89%,2.7x,HQ_NAIROBI
2025-10-31,STR-LN-103445,TKN-SHA256-93FBA8FD,Tabitha Rono,ID-HASH-C0DB32A71E,MSME-WCP,Business Working Capital,585000.00,329000.00,20500.00,0,STAGE_1_PERFORMING,0.79%,2.6x,WESTLANDS
2025-10-31,STR-LN-103446,TKN-SHA256-D62BC634,Alice Kariuki,ID-HASH-19615CFFC5,BOSA-EMG,Emergency Medical Facility,130000.00,118000.00,4500.00,0,STAGE_1_PERFORMING,0.95%,2.6x,ELDORET_BR
2025-10-31,STR-LN-103447,TKN-SHA256-35F11B8F,Tabitha Koech,ID-HASH-9443B15C64,MSME-WCP,Business Working Capital,1065000.00,877000.00,37500.00,35,STAGE_2_UNDERPERFORMING,13.11%,2.4x,BOMET_BRANCH
2025-10-31,STR-LN-103448,TKN-SHA256-8D377EF1,Beatrice Korir,ID-HASH-24F91F8A00,BOSA-EMG,Emergency Medical Facility,85000.00,14000.00,3000.00,0,STAGE_1_PERFORMING,0.21%,2.0x,BOMET_BRANCH
2025-10-31,STR-LN-103449,TKN-SHA256-84D703F5,Lucy Wanjiku,ID-HASH-4FE58B480C,BOSA-SCH,School Fees Advance,150000.00,131000.00,5500.00,0,STAGE_1_PERFORMING,0.52%,5.0x,ELDORET_BR
2025-10-31,STR-LN-103450,TKN-SHA256-64E6DEFD,Emmanuel Omondi,ID-HASH-D789B438E4,MSME-WCP,Business Working Capital,1455000.00,818000.00,51000.00,0,STAGE_1_PERFORMING,0.33%,2.6x,NAKURU_BR
2025-10-31,STR-LN-103451,TKN-SHA256-872919A6,Catherine Ruto,ID-HASH-47B7B29186,MSME-WCP,Business Working Capital,1090000.00,180000.00,38000.00,0,STAGE_1_PERFORMING,0.52%,1.9x,KISUMU_BR
2025-10-31,STR-LN-103452,TKN-SHA256-3B010A35,John Achieng,ID-HASH-DAC6CD7E72,BOSA-EMG,Emergency Medical Facility,245000.00,138000.00,8500.00,0,STAGE_1_PERFORMING,0.19%,2.6x,MOMBASA_BR
2025-10-31,STR-LN-103453,TKN-SHA256-C9E37F1C,Tabitha Langat,ID-HASH-60A47D539C,AGRI-TEA,Tea & Coffee Farm Development,465000.00,231000.00,16500.00,69,STAGE_2_UNDERPERFORMING,11.79%,3.6x,KERICHO_CENTRAL
2025-10-31,STR-LN-103454,TKN-SHA256-394CA37C,Bernard Otieno,ID-HASH-DD76491BE7,ASSET-FIN,Vehicle & Asset Finance,3375000.00,3030000.00,118000.00,0,STAGE_1_PERFORMING,0.39%,2.0x,NAKURU_BR
2025-10-31,STR-LN-103455,TKN-SHA256-C03A9832,Gladys Cheruiyot,ID-HASH-61C4677E86,BOSA-SCH,School Fees Advance,100000.00,74000.00,3500.00,0,STAGE_1_PERFORMING,0.49%,3.8x,BOMET_BRANCH
2025-10-31,STR-LN-103456,TKN-SHA256-5F39D7EA,Philemon Chebet,ID-HASH-C296610537,BOSA-NRM,Development Loan Normal,1450000.00,866000.00,51000.00,0,STAGE_1_PERFORMING,0.19%,4.3x,MOMBASA_BR
2025-10-31,STR-LN-103457,TKN-SHA256-3E3BAA84,Beatrice Ali,ID-HASH-892F943D32,BOSA-SCH,School Fees Advance,85000.00,18000.00,3000.00,0,STAGE_1_PERFORMING,0.71%,3.9x,BOMET_BRANCH
2025-10-31,STR-LN-103458,TKN-SHA256-A87EC636,Jane Kariuki,ID-HASH-2F6BF2A0B7,FOSA-ADV,Salary Advance 30D,35000.00,10000.00,1000.00,0,STAGE_1_PERFORMING,0.34%,1.5x,BOMET_BRANCH
2025-10-31,STR-LN-103459,TKN-SHA256-66FBF326,Emmanuel Hassan,ID-HASH-98DE141C6B,MSME-WCP,Business Working Capital,1725000.00,530000.00,60500.00,0,STAGE_1_PERFORMING,0.86%,1.6x,KISUMU_BR
2025-10-31,STR-LN-103460,TKN-SHA256-5D9785A4,Lucy Ruto,ID-HASH-2520C14105,BOSA-NRM,Development Loan Normal,1420000.00,854000.00,49500.00,0,STAGE_1_PERFORMING,0.79%,4.1x,ELDORET_BR
2025-10-31,STR-LN-103461,TKN-SHA256-322FB742,Bernard Koech,ID-HASH-5B39AA9624,BOSA-SCH,School Fees Advance,70000.00,22000.00,2500.00,79,STAGE_2_UNDERPERFORMING,12.10%,3.5x,ELDORET_BR
2025-10-31,STR-LN-103462,TKN-SHA256-A6E60461,Wesley Ruto,ID-HASH-95F05DF165,MSME-WCP,Business Working Capital,255000.00,128000.00,9000.00,0,STAGE_1_PERFORMING,0.42%,2.6x,KISUMU_BR
2025-10-31,STR-LN-103463,TKN-SHA256-8A947C32,Geoffrey Korir,ID-HASH-930D311207,BOSA-SCH,School Fees Advance,230000.00,37000.00,8000.00,0,STAGE_1_PERFORMING,0.90%,4.6x,HQ_NAIROBI
2025-10-31,STR-LN-103464,TKN-SHA256-05187F28,Gladys Otieno,ID-HASH-624346DEAF,MSME-WCP,Business Working Capital,825000.00,719000.00,29000.00,29,STAGE_1_EARLY_WATCH,2.64%,2.2x,NAKURU_BR
2025-10-31,STR-LN-103465,TKN-SHA256-99AB64A2,Wesley Wambui,ID-HASH-E3CBA3DD0D,BOSA-EMG,Emergency Medical Facility,80000.00,20000.00,3000.00,0,STAGE_1_PERFORMING,0.51%,1.9x,BOMET_BRANCH
2025-10-31,STR-LN-103466,TKN-SHA256-AEFFD552,Wesley Hassan,ID-HASH-E7C60B3B2C,BOSA-NRM,Development Loan Normal,740000.00,152000.00,26000.00,0,STAGE_1_PERFORMING,0.46%,2.9x,KISUMU_BR
2025-10-31,STR-LN-103467,TKN-SHA256-6F45E282,James Chebet,ID-HASH-6152682564,BOSA-NRM,Development Loan Normal,1630000.00,1405000.00,57000.00,13,STAGE_1_EARLY_WATCH,1.92%,2.6x,KERICHO_CENTRAL
2025-10-31,STR-LN-103468,TKN-SHA256-4152F6F2,Emmanuel Chebet,ID-HASH-1DDABEA94F,BOSA-EMG,Emergency Medical Facility,105000.00,66000.00,3500.00,0,STAGE_1_PERFORMING,0.55%,2.7x,NAKURU_BR
2025-10-31,STR-LN-103469,TKN-SHA256-E656B287,Dennis Njoroge,ID-HASH-B72450D99A,FOSA-ADV,Salary Advance 30D,130000.00,91000.00,4500.00,15,STAGE_1_EARLY_WATCH,4.17%,1.5x,HQ_NAIROBI
2025-10-31,STR-LN-103470,TKN-SHA256-BD4FF59A,Samuel Chebet,ID-HASH-1534ED987A,FOSA-ADV,Salary Advance 30D,145000.00,51000.00,5000.00,0,STAGE_1_PERFORMING,0.92%,1.5x,BOMET_BRANCH
2025-10-31,STR-LN-103471,TKN-SHA256-92A6BBAF,James Ruto,ID-HASH-4BAB9E75CD,FOSA-ADV,Salary Advance 30D,125000.00,114000.00,4500.00,0,STAGE_1_PERFORMING,0.67%,1.2x,MOMBASA_BR
2025-10-31,STR-LN-103472,TKN-SHA256-F10BF37A,Geoffrey Kimani,ID-HASH-3660151FF9,AGRI-TEA,Tea & Coffee Farm Development,695000.00,136000.00,24500.00,0,STAGE_1_PERFORMING,0.71%,3.7x,NAKURU_BR
2025-10-31,STR-LN-103473,TKN-SHA256-21ACFE6C,Cosmas Korir,ID-HASH-7DFA6B02E3,FOSA-ADV,Salary Advance 30D,140000.00,44000.00,5000.00,0,STAGE_1_PERFORMING,0.51%,1.6x,NANDI_HILLS
2025-10-31,STR-LN-103474,TKN-SHA256-CB647227,Catherine Njoroge,ID-HASH-3C4AC3B8C2,AGRI-TEA,Tea & Coffee Farm Development,280000.00,216000.00,10000.00,0,STAGE_1_PERFORMING,0.89%,2.6x,MOMBASA_BR
2025-10-31,STR-LN-103475,TKN-SHA256-BBB94DE0,Beatrice Ruto,ID-HASH-58A4C6933E,MSME-WCP,Business Working Capital,395000.00,196000.00,14000.00,0,STAGE_1_PERFORMING,0.21%,1.8x,NAKURU_BR
2025-10-31,STR-LN-103476,TKN-SHA256-1A8C6871,Cosmas Ochieng,ID-HASH-EE0B654B95,BOSA-EMG,Emergency Medical Facility,95000.00,88000.00,3500.00,0,STAGE_1_PERFORMING,0.46%,2.5x,WESTLANDS
2025-10-31,STR-LN-103477,TKN-SHA256-3112FDAB,Alice Bett,ID-HASH-7D95DA5F7C,BOSA-SCH,School Fees Advance,110000.00,90000.00,4000.00,0,STAGE_1_PERFORMING,0.85%,3.5x,ELDORET_BR
2025-10-31,STR-LN-103478,TKN-SHA256-AAE4363D,Mercy Kiptoo,ID-HASH-349ACB7783,FOSA-ADV,Salary Advance 30D,20000.00,6000.00,500.00,20,STAGE_1_EARLY_WATCH,3.06%,0.9x,KERICHO_CENTRAL
2025-10-31,STR-LN-103479,TKN-SHA256-AC2016BC,John Mutua,ID-HASH-C98417B2A4,BOSA-EMG,Emergency Medical Facility,285000.00,164000.00,10000.00,0,STAGE_1_PERFORMING,0.42%,1.9x,MOMBASA_BR
2025-10-31,STR-LN-103480,TKN-SHA256-A03875EF,Cosmas Gitonga,ID-HASH-6B2651BC4A,BOSA-EMG,Emergency Medical Facility,140000.00,132000.00,5000.00,0,STAGE_1_PERFORMING,0.24%,1.9x,HQ_NAIROBI
2025-10-31,STR-LN-103481,TKN-SHA256-06F1FC6F,Wesley Wanjiku,ID-HASH-E1849A2827,BOSA-SCH,School Fees Advance,70000.00,19000.00,2500.00,0,STAGE_1_PERFORMING,0.70%,4.5x,UPPER_HILL
2025-10-31,STR-LN-103482,TKN-SHA256-8783845E,Jane Wanjiku,ID-HASH-E23A9EB8BB,BOSA-EMG,Emergency Medical Facility,75000.00,36000.00,2500.00,0,STAGE_1_PERFORMING,0.87%,3.2x,KISUMU_BR
2025-10-31,STR-LN-103483,TKN-SHA256-E7B9AA73,Catherine Korir,ID-HASH-499FF71F10,BOSA-NRM,Development Loan Normal,2160000.00,524000.00,75500.00,0,STAGE_1_PERFORMING,0.73%,3.0x,NANDI_HILLS
2025-10-31,STR-LN-103484,TKN-SHA256-66AB0437,David Kiptoo,ID-HASH-4F9E4B7CA7,AGRI-TEA,Tea & Coffee Farm Development,1160000.00,573000.00,40500.00,0,STAGE_1_PERFORMING,0.55%,3.6x,BOMET_BRANCH
2025-10-31,STR-LN-103485,TKN-SHA256-6A7DEC18,Fatuma Kimani,ID-HASH-33014BFB6E,ASSET-FIN,Vehicle & Asset Finance,1335000.00,874000.00,46500.00,0,STAGE_1_PERFORMING,0.95%,1.9x,WESTLANDS
2025-10-31,STR-LN-103486,TKN-SHA256-7BC1CBC6,Gladys Kimani,ID-HASH-33B79C8DD0,MSME-WCP,Business Working Capital,710000.00,670000.00,25000.00,0,STAGE_1_PERFORMING,0.89%,2.1x,KISUMU_BR
2025-10-31,STR-LN-103487,TKN-SHA256-05578244,Mercy Mwangi,ID-HASH-44E62D417C,BOSA-EMG,Emergency Medical Facility,290000.00,239000.00,10000.00,2,STAGE_1_EARLY_WATCH,1.35%,3.3x,ELDORET_BR
2025-10-31,STR-LN-103488,TKN-SHA256-FDC0870B,Alice Rono,ID-HASH-674FFB54DA,BOSA-SCH,School Fees Advance,235000.00,132000.00,8000.00,0,STAGE_1_PERFORMING,0.71%,3.2x,KERICHO_CENTRAL
2025-10-31,STR-LN-103489,TKN-SHA256-B06E7EB3,Peter Kamau,ID-HASH-BC405F45BB,AGRI-TEA,Tea & Coffee Farm Development,505000.00,253000.00,17500.00,0,STAGE_1_PERFORMING,0.74%,3.7x,NAKURU_BR
2025-10-31,STR-LN-103490,TKN-SHA256-A37F7A42,Peter Ochieng,ID-HASH-D1CBD6EF6D,FOSA-ADV,Salary Advance 30D,70000.00,55000.00,2500.00,0,STAGE_1_PERFORMING,0.59%,1.1x,ELDORET_BR
2025-10-31,STR-LN-103491,TKN-SHA256-E63E21FA,Grace Hassan,ID-HASH-48569AEF1C,ASSET-FIN,Vehicle & Asset Finance,1290000.00,780000.00,45000.00,0,STAGE_1_PERFORMING,0.93%,1.5x,ELDORET_BR
2025-10-31,STR-LN-103492,TKN-SHA256-ACB935A4,Mary Kimani,ID-HASH-A294031BD2,ASSET-FIN,Vehicle & Asset Finance,4715000.00,1292000.00,165000.00,0,STAGE_1_PERFORMING,0.73%,1.5x,NAKURU_BR
2025-10-31,STR-LN-103493,TKN-SHA256-DDC059B8,Mary Kiptoo,ID-HASH-16EC0C969C,AGRI-TEA,Tea & Coffee Farm Development,385000.00,270000.00,13500.00,0,STAGE_1_PERFORMING,0.29%,2.9x,BOMET_BRANCH
2025-10-31,STR-LN-103494,TKN-SHA256-60547FED,Tabitha Rono,ID-HASH-2C96EE4668,ASSET-FIN,Vehicle & Asset Finance,3255000.00,1459000.00,114000.00,0,STAGE_1_PERFORMING,0.62%,1.6x,NAKURU_BR
2025-10-31,STR-LN-103495,TKN-SHA256-F2CDBC18,Grace Ruto,ID-HASH-F7B89D135D,MSME-WCP,Business Working Capital,235000.00,188000.00,8000.00,0,STAGE_1_PERFORMING,0.74%,2.6x,ELDORET_BR
2025-10-31,STR-LN-103496,TKN-SHA256-7D10A867,Catherine Sang,ID-HASH-FE96ECF4A2,BOSA-SCH,School Fees Advance,145000.00,66000.00,5000.00,0,STAGE_1_PERFORMING,0.63%,4.6x,KERICHO_CENTRAL
2025-10-31,STR-LN-103497,TKN-SHA256-5BC198D3,Cosmas Koech,ID-HASH-A2BAFCA74B,BOSA-NRM,Development Loan Normal,765000.00,337000.00,27000.00,130,STAGE_3_NON_PERFORMING,36.11%,2.6x,KISUMU_BR
2025-10-31,STR-LN-103498,TKN-SHA256-770553BF,Lucy Siele,ID-HASH-5AF7B965D5,BOSA-NRM,Development Loan Normal,550000.00,284000.00,19500.00,0,STAGE_1_PERFORMING,0.55%,3.9x,NAKURU_BR
2025-10-31,STR-LN-103499,TKN-SHA256-2CB8E905,Hassan Koech,ID-HASH-99CDD45AD7,BOSA-EMG,Emergency Medical Facility,245000.00,61000.00,8500.00,0,STAGE_1_PERFORMING,0.40%,2.5x,NANDI_HILLS
2025-10-31,STR-LN-103500,TKN-SHA256-9E5FEF15,Jane Achieng,ID-HASH-B17E1E7BA5,MSME-WCP,Business Working Capital,675000.00,235000.00,23500.00,0,STAGE_1_PERFORMING,0.51%,1.5x,HQ_NAIROBI
2025-10-31,STR-LN-103501,TKN-SHA256-94538CD2,Cosmas Bett,ID-HASH-A90A0B29F7,ASSET-FIN,Vehicle & Asset Finance,3815000.00,833000.00,133500.00,0,STAGE_1_PERFORMING,0.81%,1.7x,BOMET_BRANCH
2025-10-31,STR-LN-103502,TKN-SHA256-8861D711,John Hassan,ID-HASH-545C9D6857,MSME-WCP,Business Working Capital,610000.00,204000.00,21500.00,0,STAGE_1_PERFORMING,0.94%,2.6x,KISUMU_BR
2025-10-31,STR-LN-103503,TKN-SHA256-761A9FEF,Peter Wambui,ID-HASH-51C8C268D8,BOSA-SCH,School Fees Advance,65000.00,13000.00,2500.00,12,STAGE_1_EARLY_WATCH,1.99%,4.5x,UPPER_HILL
2025-10-31,STR-LN-103504,TKN-SHA256-5DD697E8,Emmanuel Kamau,ID-HASH-E17C6D82B2,BOSA-NRM,Development Loan Normal,535000.00,223000.00,18500.00,0,STAGE_1_PERFORMING,0.69%,3.6x,WESTLANDS
2025-10-31,STR-LN-103505,TKN-SHA256-00CE0EB1,John Mwangi,ID-HASH-AA118FA39F,AGRI-TEA,Tea & Coffee Farm Development,400000.00,322000.00,14000.00,28,STAGE_1_EARLY_WATCH,3.66%,2.5x,NAKURU_BR
2025-10-31,STR-LN-103506,TKN-SHA256-855D2486,Mary Achieng,ID-HASH-2A7E5343C0,ASSET-FIN,Vehicle & Asset Finance,2925000.00,1044000.00,102500.00,23,STAGE_1_EARLY_WATCH,2.47%,1.2x,ELDORET_BR
2025-10-31,STR-LN-103507,TKN-SHA256-FEF8DAAD,Mary Omondi,ID-HASH-C7429B6303,FOSA-ADV,Salary Advance 30D,40000.00,15000.00,1500.00,0,STAGE_1_PERFORMING,0.62%,1.4x,NAKURU_BR
2025-10-31,STR-LN-103508,TKN-SHA256-F43FAA8A,Samuel Chebet,ID-HASH-8C366F7EE5,AGRI-TEA,Tea & Coffee Farm Development,520000.00,445000.00,18000.00,101,STAGE_3_NON_PERFORMING,24.28%,3.7x,KERICHO_CENTRAL
2025-10-31,STR-LN-103509,TKN-SHA256-AEED444F,Philemon Kiptoo,ID-HASH-6D659F753B,FOSA-ADV,Salary Advance 30D,110000.00,36000.00,4000.00,0,STAGE_1_PERFORMING,0.65%,0.9x,WESTLANDS
2025-10-31,STR-LN-103510,TKN-SHA256-F191B532,Grace Ochieng,ID-HASH-2C4B674C1F,BOSA-NRM,Development Loan Normal,1465000.00,1027000.00,51500.00,0,STAGE_1_PERFORMING,0.37%,2.9x,HQ_NAIROBI
2025-10-31,STR-LN-103511,TKN-SHA256-4CA7E408,Tabitha Ali,ID-HASH-44ECE4972F,BOSA-NRM,Development Loan Normal,2265000.00,1052000.00,79500.00,0,STAGE_1_PERFORMING,0.85%,3.7x,KISUMU_BR
2025-10-31,STR-LN-103512,TKN-SHA256-9C233CE5,David Hassan,ID-HASH-D257DAA4A3,FOSA-ADV,Salary Advance 30D,100000.00,84000.00,3500.00,0,STAGE_1_PERFORMING,0.83%,1.1x,BOMET_BRANCH
2025-10-31,STR-LN-103513,TKN-SHA256-57BDA8D0,Catherine Njoroge,ID-HASH-D14C0CBB6D,AGRI-TEA,Tea & Coffee Farm Development,970000.00,646000.00,34000.00,0,STAGE_1_PERFORMING,0.82%,3.3x,MOMBASA_BR
2025-10-31,STR-LN-103514,TKN-SHA256-D58D17E1,Kiprono Cheruiyot,ID-HASH-3D39F729AA,BOSA-SCH,School Fees Advance,160000.00,105000.00,5500.00,0,STAGE_1_PERFORMING,0.95%,3.5x,WESTLANDS
2025-10-31,STR-LN-103515,TKN-SHA256-BC6E084B,Cosmas Otieno,ID-HASH-B012A37CAB,BOSA-SCH,School Fees Advance,175000.00,35000.00,6000.00,35,STAGE_2_UNDERPERFORMING,8.41%,4.3x,ELDORET_BR
2025-10-31,STR-LN-103516,TKN-SHA256-AD98C615,Stephen Hassan,ID-HASH-46F8A082AD,AGRI-TEA,Tea & Coffee Farm Development,805000.00,155000.00,28000.00,0,STAGE_1_PERFORMING,0.62%,2.3x,NAKURU_BR
2025-10-31,STR-LN-103517,TKN-SHA256-4001B67B,Bernard Sang,ID-HASH-72C7258257,BOSA-SCH,School Fees Advance,230000.00,211000.00,8000.00,0,STAGE_1_PERFORMING,0.59%,3.5x,KERICHO_CENTRAL
2025-10-31,STR-LN-103518,TKN-SHA256-50451EA6,Philemon Sang,ID-HASH-3355570831,BOSA-EMG,Emergency Medical Facility,270000.00,212000.00,9500.00,0,STAGE_1_PERFORMING,0.67%,2.3x,NANDI_HILLS
2025-10-31,STR-LN-103519,TKN-SHA256-1BA61A47,Samuel Kiptoo,ID-HASH-7E1399BC6A,BOSA-NRM,Development Loan Normal,2675000.00,874000.00,93500.00,0,STAGE_1_PERFORMING,0.81%,4.1x,WESTLANDS
2025-10-31,STR-LN-103520,TKN-SHA256-B559BED1,Bernard Kamau,ID-HASH-5D3DBBBE35,BOSA-NRM,Development Loan Normal,2970000.00,2522000.00,104000.00,0,STAGE_1_PERFORMING,0.19%,2.4x,NAKURU_BR
2025-10-31,STR-LN-103521,TKN-SHA256-4AA6722F,Catherine Langat,ID-HASH-13A117BCF2,BOSA-NRM,Development Loan Normal,2525000.00,989000.00,88500.00,53,STAGE_2_UNDERPERFORMING,14.37%,3.3x,WESTLANDS
2025-10-31,STR-LN-103522,TKN-SHA256-0B7D0A0C,Kiprono Chebet,ID-HASH-5D238F6CE2,ASSET-FIN,Vehicle & Asset Finance,2790000.00,920000.00,97500.00,0,STAGE_1_PERFORMING,0.43%,1.9x,NANDI_HILLS
2025-10-31,STR-LN-103523,TKN-SHA256-3F679A73,Grace Chebet,ID-HASH-D8966BD233,ASSET-FIN,Vehicle & Asset Finance,2200000.00,1755000.00,77000.00,0,STAGE_1_PERFORMING,0.78%,1.9x,NANDI_HILLS
2025-10-31,STR-LN-103524,TKN-SHA256-45460C7E,Fatuma Achieng,ID-HASH-44F7DA9140,AGRI-TEA,Tea & Coffee Farm Development,350000.00,174000.00,12500.00,28,STAGE_1_EARLY_WATCH,3.83%,2.6x,MOMBASA_BR
2025-10-31,STR-LN-103525,TKN-SHA256-56A2D884,Bernard Kariuki,ID-HASH-0D15F7CFB6,ASSET-FIN,Vehicle & Asset Finance,4940000.00,3139000.00,173000.00,0,STAGE_1_PERFORMING,0.37%,1.8x,ELDORET_BR
2025-10-31,STR-LN-103526,TKN-SHA256-7DC4722A,Bernard Koech,ID-HASH-73527B3C58,BOSA-NRM,Development Loan Normal,1820000.00,1222000.00,63500.00,0,STAGE_1_PERFORMING,0.79%,3.1x,WESTLANDS
2025-10-31,STR-LN-103527,TKN-SHA256-B2BE3BA1,Catherine Rono,ID-HASH-C7977B353B,BOSA-SCH,School Fees Advance,45000.00,29000.00,1500.00,0,STAGE_1_PERFORMING,0.77%,3.7x,ELDORET_BR
2025-10-31,STR-LN-103528,TKN-SHA256-8114DA6C,Jane Rono,ID-HASH-8B6745B7DB,BOSA-NRM,Development Loan Normal,1520000.00,970000.00,53000.00,0,STAGE_1_PERFORMING,0.49%,2.7x,MOMBASA_BR
2025-10-31,STR-LN-103529,TKN-SHA256-97E63DA3,Lucy Cheruiyot,ID-HASH-7592514FB7,BOSA-EMG,Emergency Medical Facility,60000.00,30000.00,2000.00,13,STAGE_1_EARLY_WATCH,4.33%,3.2x,UPPER_HILL
2025-10-31,STR-LN-103530,TKN-SHA256-249DDF97,Beatrice Sang,ID-HASH-40987F1F26,FOSA-ADV,Salary Advance 30D,40000.00,7000.00,1500.00,0,STAGE_1_PERFORMING,0.35%,1.5x,KERICHO_CENTRAL
2025-10-31,STR-LN-103531,TKN-SHA256-F017AF88,Bernard Otieno,ID-HASH-2E10971955,BOSA-NRM,Development Loan Normal,3080000.00,1883000.00,108000.00,0,STAGE_1_PERFORMING,0.23%,4.0x,UPPER_HILL
2025-10-31,STR-LN-103532,TKN-SHA256-292612AA,Dennis Mwangi,ID-HASH-FD3E5F5D0D,MSME-WCP,Business Working Capital,390000.00,367000.00,13500.00,0,STAGE_1_PERFORMING,0.61%,2.6x,KERICHO_CENTRAL
2025-10-31,STR-LN-103533,TKN-SHA256-1335D248,Cosmas Cheruiyot,ID-HASH-3673FC74D7,BOSA-EMG,Emergency Medical Facility,85000.00,37000.00,3000.00,0,STAGE_1_PERFORMING,0.15%,2.1x,UPPER_HILL
2025-10-31,STR-LN-103534,TKN-SHA256-04697E80,Stephen Otieno,ID-HASH-0A99640B4B,AGRI-TEA,Tea & Coffee Farm Development,170000.00,120000.00,6000.00,0,STAGE_1_PERFORMING,0.24%,2.8x,WESTLANDS
2025-10-31,STR-LN-103535,TKN-SHA256-E69C499A,Philemon Langat,ID-HASH-58AE130475,BOSA-EMG,Emergency Medical Facility,105000.00,82000.00,3500.00,0,STAGE_1_PERFORMING,0.79%,2.6x,NAKURU_BR
2025-10-31,STR-LN-103536,TKN-SHA256-4060F092,Hassan Langat,ID-HASH-FB9EA95E6F,BOSA-SCH,School Fees Advance,70000.00,35000.00,2500.00,0,STAGE_1_PERFORMING,0.64%,4.5x,UPPER_HILL
2025-10-31,STR-LN-103537,TKN-SHA256-E6F0375D,Mercy Rono,ID-HASH-E9CFCF3CAB,BOSA-NRM,Development Loan Normal,2525000.00,1486000.00,88500.00,0,STAGE_1_PERFORMING,0.35%,3.1x,HQ_NAIROBI
2025-10-31,STR-LN-103538,TKN-SHA256-AB6DCC27,David Wanjiku,ID-HASH-8DB227A14F,MSME-WCP,Business Working Capital,1005000.00,646000.00,35000.00,0,STAGE_1_PERFORMING,0.81%,1.6x,WESTLANDS
2025-10-31,STR-LN-103539,TKN-SHA256-8A3B96B2,Lucy Otieno,ID-HASH-C05534E786,ASSET-FIN,Vehicle & Asset Finance,2465000.00,1218000.00,86500.00,0,STAGE_1_PERFORMING,0.45%,1.9x,ELDORET_BR
2025-10-31,STR-LN-103540,TKN-SHA256-32C57E19,Beatrice Chebet,ID-HASH-7BA8FD0973,AGRI-TEA,Tea & Coffee Farm Development,165000.00,123000.00,6000.00,62,STAGE_2_UNDERPERFORMING,8.55%,2.2x,ELDORET_BR
2025-10-31,STR-LN-103541,TKN-SHA256-C0526B0F,Wesley Kiptoo,ID-HASH-1D8B9BAB70,FOSA-ADV,Salary Advance 30D,130000.00,43000.00,4500.00,3,STAGE_1_EARLY_WATCH,4.02%,1.3x,WESTLANDS
2025-10-31,STR-LN-103542,TKN-SHA256-F0779CB3,Bernard Siele,ID-HASH-2A2C682258,AGRI-TEA,Tea & Coffee Farm Development,640000.00,349000.00,22500.00,24,STAGE_1_EARLY_WATCH,1.92%,2.6x,ELDORET_BR
2025-10-31,STR-LN-103543,TKN-SHA256-A3EAF422,Hassan Cheruiyot,ID-HASH-4F1C875523,AGRI-TEA,Tea & Coffee Farm Development,1165000.00,944000.00,41000.00,0,STAGE_1_PERFORMING,0.38%,3.2x,NAKURU_BR
2025-10-31,STR-LN-103544,TKN-SHA256-C15ED184,Wesley Korir,ID-HASH-32C3EEB706,AGRI-TEA,Tea & Coffee Farm Development,295000.00,279000.00,10500.00,0,STAGE_1_PERFORMING,0.46%,3.2x,NAKURU_BR
2025-10-31,STR-LN-103545,TKN-SHA256-826F03DA,Bernard Sang,ID-HASH-86A1B22FD6,ASSET-FIN,Vehicle & Asset Finance,2835000.00,2098000.00,99000.00,0,STAGE_1_PERFORMING,0.24%,1.5x,HQ_NAIROBI
2025-10-31,STR-LN-103546,TKN-SHA256-55618254,Gladys Sang,ID-HASH-71156A9942,BOSA-SCH,School Fees Advance,100000.00,67000.00,3500.00,0,STAGE_1_PERFORMING,0.29%,4.3x,ELDORET_BR
2025-10-31,STR-LN-103547,TKN-SHA256-4A7005CA,Grace Siele,ID-HASH-0CC80A2F49,BOSA-EMG,Emergency Medical Facility,205000.00,135000.00,7000.00,0,STAGE_1_PERFORMING,0.41%,3.3x,KERICHO_CENTRAL
2025-10-31,STR-LN-103548,TKN-SHA256-8BC0482A,Emmanuel Omondi,ID-HASH-565E422E6F,MSME-WCP,Business Working Capital,1610000.00,457000.00,56500.00,0,STAGE_1_PERFORMING,0.19%,2.0x,KISUMU_BR
2025-10-31,STR-LN-103549,TKN-SHA256-FDA27A6B,Beatrice Bett,ID-HASH-C8179F338E,FOSA-ADV,Salary Advance 30D,120000.00,20000.00,4000.00,0,STAGE_1_PERFORMING,0.62%,1.0x,UPPER_HILL
2025-10-31,STR-LN-103550,TKN-SHA256-0236BE75,Jane Bett,ID-HASH-914803BE7F,BOSA-SCH,School Fees Advance,170000.00,43000.00,6000.00,0,STAGE_1_PERFORMING,0.73%,4.5x,KERICHO_CENTRAL
2025-10-31,STR-LN-103551,TKN-SHA256-03E13C4A,Cosmas Omondi,ID-HASH-53F40CD952,BOSA-NRM,Development Loan Normal,2270000.00,1132000.00,79500.00,0,STAGE_1_PERFORMING,0.86%,3.6x,ELDORET_BR
2025-10-31,STR-LN-103552,TKN-SHA256-0720D994,Grace Kimani,ID-HASH-C8D8D1AD24,BOSA-EMG,Emergency Medical Facility,295000.00,175000.00,10500.00,0,STAGE_1_PERFORMING,0.42%,3.1x,HQ_NAIROBI
2025-10-31,STR-LN-103553,TKN-SHA256-F3170861,Peter Omondi,ID-HASH-71F6C762AA,BOSA-SCH,School Fees Advance,135000.00,36000.00,4500.00,0,STAGE_1_PERFORMING,0.67%,3.1x,NANDI_HILLS
2025-10-31,STR-LN-103554,TKN-SHA256-28EDD84E,James Sang,ID-HASH-93E2ACED92,ASSET-FIN,Vehicle & Asset Finance,4750000.00,2964000.00,166500.00,1,STAGE_1_EARLY_WATCH,1.70%,1.5x,KISUMU_BR
2025-10-31,STR-LN-103555,TKN-SHA256-B28BA2E4,Stephen Achieng,ID-HASH-7B8ABD02B5,BOSA-SCH,School Fees Advance,50000.00,31000.00,2000.00,0,STAGE_1_PERFORMING,0.44%,4.3x,WESTLANDS
2025-10-31,STR-LN-103556,TKN-SHA256-BE4765E5,Geoffrey Ali,ID-HASH-E9ACDC3AB9,BOSA-SCH,School Fees Advance,130000.00,63000.00,4500.00,0,STAGE_1_PERFORMING,0.52%,4.6x,WESTLANDS
2025-10-31,STR-LN-103557,TKN-SHA256-7CF22A97,Catherine Achieng,ID-HASH-7D4232BDB5,MSME-WCP,Business Working Capital,790000.00,360000.00,27500.00,76,STAGE_2_UNDERPERFORMING,11.58%,1.7x,NANDI_HILLS
2025-10-31,STR-LN-103558,TKN-SHA256-D0A5235B,Gladys Chebet,ID-HASH-FD20B9F6A7,FOSA-ADV,Salary Advance 30D,65000.00,45000.00,2500.00,0,STAGE_1_PERFORMING,0.49%,1.2x,BOMET_BRANCH
2025-10-31,STR-LN-103559,TKN-SHA256-A52DC593,Geoffrey Omondi,ID-HASH-4BDFB0CC9A,MSME-WCP,Business Working Capital,575000.00,134000.00,20000.00,0,STAGE_1_PERFORMING,0.16%,2.7x,UPPER_HILL
2025-10-31,STR-LN-103560,TKN-SHA256-4E6D7E34,Tabitha Kimani,ID-HASH-CE53A454C7,BOSA-EMG,Emergency Medical Facility,110000.00,40000.00,4000.00,0,STAGE_1_PERFORMING,0.30%,2.1x,KISUMU_BR
2025-10-31,STR-LN-103561,TKN-SHA256-726E65D9,David Chebet,ID-HASH-4CF1730317,ASSET-FIN,Vehicle & Asset Finance,1800000.00,805000.00,63000.00,0,STAGE_1_PERFORMING,0.44%,1.3x,KERICHO_CENTRAL
2025-10-31,STR-LN-103562,TKN-SHA256-B6465666,Tabitha Koech,ID-HASH-08E36AE32C,FOSA-ADV,Salary Advance 30D,145000.00,128000.00,5000.00,0,STAGE_1_PERFORMING,0.61%,1.3x,NANDI_HILLS
2025-10-31,STR-LN-103563,TKN-SHA256-75C8C04A,Hassan Langat,ID-HASH-F0718486A5,BOSA-EMG,Emergency Medical Facility,170000.00,77000.00,6000.00,0,STAGE_1_PERFORMING,0.36%,2.4x,WESTLANDS
2025-10-31,STR-LN-103564,TKN-SHA256-5E8E8EE4,Fatuma Rono,ID-HASH-D81666771C,BOSA-NRM,Development Loan Normal,1640000.00,771000.00,57500.00,26,STAGE_1_EARLY_WATCH,3.92%,2.5x,BOMET_BRANCH
2025-10-31,STR-LN-103565,TKN-SHA256-88E5891C,Mercy Kamau,ID-HASH-E4857E54FC,FOSA-ADV,Salary Advance 30D,140000.00,116000.00,5000.00,3,STAGE_1_EARLY_WATCH,4.29%,1.1x,MOMBASA_BR
2025-10-31,STR-LN-103566,TKN-SHA256-CFDBCAB8,Geoffrey Otieno,ID-HASH-C57397A5D7,BOSA-NRM,Development Loan Normal,820000.00,176000.00,28500.00,43,STAGE_2_UNDERPERFORMING,11.85%,2.8x,UPPER_HILL
2025-10-31,STR-LN-103567,TKN-SHA256-02D33DC9,David Kariuki,ID-HASH-88E933962F,BOSA-SCH,School Fees Advance,170000.00,100000.00,6000.00,0,STAGE_1_PERFORMING,0.81%,5.0x,BOMET_BRANCH
2025-10-31,STR-LN-103568,TKN-SHA256-8F0B9FE6,Dennis Kamau,ID-HASH-6AB664D469,BOSA-EMG,Emergency Medical Facility,135000.00,73000.00,4500.00,0,STAGE_1_PERFORMING,0.86%,2.4x,HQ_NAIROBI
2025-10-31,STR-LN-103569,TKN-SHA256-5AF42D78,David Omondi,ID-HASH-3D2E5A5865,AGRI-TEA,Tea & Coffee Farm Development,1115000.00,468000.00,39000.00,0,STAGE_1_PERFORMING,0.81%,2.9x,ELDORET_BR
2025-10-31,STR-LN-103570,TKN-SHA256-C2B53A25,John Achieng,ID-HASH-642E175F20,MSME-WCP,Business Working Capital,1660000.00,1056000.00,58000.00,0,STAGE_1_PERFORMING,0.93%,2.2x,KERICHO_CENTRAL
2025-10-31,STR-LN-103571,TKN-SHA256-4715FA63,Dennis Cheruiyot,ID-HASH-32721D865F,BOSA-EMG,Emergency Medical Facility,210000.00,155000.00,7500.00,0,STAGE_1_PERFORMING,0.19%,2.9x,UPPER_HILL
2025-10-31,STR-LN-103572,TKN-SHA256-D2C0CAB8,Samuel Siele,ID-HASH-06C6DA4947,BOSA-NRM,Development Loan Normal,2085000.00,607000.00,73000.00,0,STAGE_1_PERFORMING,0.32%,2.6x,KERICHO_CENTRAL
2025-10-31,STR-LN-103573,TKN-SHA256-793785BA,Stephen Mwangi,ID-HASH-6B04CCFAE7,MSME-WCP,Business Working Capital,845000.00,378000.00,29500.00,0,STAGE_1_PERFORMING,0.64%,2.3x,NANDI_HILLS
2025-10-31,STR-LN-103574,TKN-SHA256-EF5EFD27,James Achieng,ID-HASH-21E7007444,AGRI-TEA,Tea & Coffee Farm Development,655000.00,393000.00,23000.00,39,STAGE_2_UNDERPERFORMING,10.41%,3.1x,NANDI_HILLS
2025-10-31,STR-LN-103575,TKN-SHA256-E49CBE76,Philemon Kariuki,ID-HASH-AC5CA0B7F2,BOSA-EMG,Emergency Medical Facility,200000.00,86000.00,7000.00,0,STAGE_1_PERFORMING,0.48%,3.0x,NAKURU_BR
2025-10-31,STR-LN-103576,TKN-SHA256-F8CD4CB5,Peter Gitonga,ID-HASH-1DC70CDEFC,AGRI-TEA,Tea & Coffee Farm Development,1070000.00,835000.00,37500.00,0,STAGE_1_PERFORMING,0.72%,3.5x,ELDORET_BR
2025-10-31,STR-LN-103577,TKN-SHA256-FDF05F94,Bernard Hassan,ID-HASH-48C834CDA0,MSME-WCP,Business Working Capital,950000.00,638000.00,33000.00,134,STAGE_3_NON_PERFORMING,36.97%,2.6x,UPPER_HILL
2025-10-31,STR-LN-103578,TKN-SHA256-EBECAB34,Fatuma Kariuki,ID-HASH-3D33C446E8,BOSA-EMG,Emergency Medical Facility,100000.00,58000.00,3500.00,0,STAGE_1_PERFORMING,0.67%,3.3x,KERICHO_CENTRAL
2025-10-31,STR-LN-103579,TKN-SHA256-B5B38789,Kiprono Achieng,ID-HASH-7B1F4DBC87,BOSA-SCH,School Fees Advance,220000.00,41000.00,7500.00,0,STAGE_1_PERFORMING,0.72%,3.2x,KERICHO_CENTRAL
2025-10-31,STR-LN-103580,TKN-SHA256-CE158D9B,Kiprono Mwangi,ID-HASH-5644AA6EBB,ASSET-FIN,Vehicle & Asset Finance,3590000.00,646000.00,125500.00,0,STAGE_1_PERFORMING,0.62%,1.9x,NANDI_HILLS
2025-10-31,STR-LN-103581,TKN-SHA256-39F586B9,Emmanuel Rono,ID-HASH-0170FB1F14,BOSA-SCH,School Fees Advance,100000.00,46000.00,3500.00,0,STAGE_1_PERFORMING,0.21%,4.5x,NAKURU_BR
2025-10-31,STR-LN-103582,TKN-SHA256-0654CFC6,Jane Korir,ID-HASH-4CAC643ABB,FOSA-ADV,Salary Advance 30D,120000.00,52000.00,4000.00,0,STAGE_1_PERFORMING,0.26%,1.4x,NANDI_HILLS
2025-10-31,STR-LN-103583,TKN-SHA256-CBDACDF5,Philemon Wambui,ID-HASH-6A6E473331,MSME-WCP,Business Working Capital,1150000.00,917000.00,40500.00,0,STAGE_1_PERFORMING,0.18%,1.9x,WESTLANDS
2025-10-31,STR-LN-103584,TKN-SHA256-07A08E68,Cosmas Gitonga,ID-HASH-8E523C2DA2,BOSA-EMG,Emergency Medical Facility,65000.00,53000.00,2500.00,0,STAGE_1_PERFORMING,0.86%,2.2x,BOMET_BRANCH
2025-10-31,STR-LN-103585,TKN-SHA256-07490F0C,Emmanuel Mwangi,ID-HASH-F1D33E5CAE,BOSA-EMG,Emergency Medical Facility,140000.00,39000.00,5000.00,0,STAGE_1_PERFORMING,0.46%,2.6x,HQ_NAIROBI
2025-10-31,STR-LN-103586,TKN-SHA256-0753EB02,Beatrice Rono,ID-HASH-06B4F7FFF8,FOSA-ADV,Salary Advance 30D,30000.00,26000.00,1000.00,176,STAGE_3_NON_PERFORMING,40.79%,1.2x,KISUMU_BR
2025-10-31,STR-LN-103587,TKN-SHA256-EF968011,Stephen Ruto,ID-HASH-8D5C850825,FOSA-ADV,Salary Advance 30D,135000.00,45000.00,4500.00,0,STAGE_1_PERFORMING,0.72%,1.2x,WESTLANDS
2025-10-31,STR-LN-103588,TKN-SHA256-B753E35D,Dennis Kariuki,ID-HASH-1D2BE929A5,AGRI-TEA,Tea & Coffee Farm Development,980000.00,723000.00,34500.00,0,STAGE_1_PERFORMING,0.25%,2.5x,KISUMU_BR
2025-10-31,STR-LN-103589,TKN-SHA256-2DAE05DC,Alice Wanjiku,ID-HASH-E292723783,MSME-WCP,Business Working Capital,455000.00,238000.00,16000.00,0,STAGE_1_PERFORMING,0.94%,2.3x,HQ_NAIROBI
2025-10-31,STR-LN-103590,TKN-SHA256-DF6559C6,Wesley Ruto,ID-HASH-A8A6DD1E94,BOSA-NRM,Development Loan Normal,745000.00,256000.00,26000.00,0,STAGE_1_PERFORMING,0.15%,2.8x,ELDORET_BR
2025-10-31,STR-LN-103591,TKN-SHA256-C384F0B2,John Ruto,ID-HASH-D2A32F919A,BOSA-NRM,Development Loan Normal,1795000.00,1148000.00,63000.00,0,STAGE_1_PERFORMING,0.19%,3.7x,BOMET_BRANCH
2025-10-31,STR-LN-103592,TKN-SHA256-7ADB8303,Fatuma Kiptoo,ID-HASH-4D7C5E6AB0,ASSET-FIN,Vehicle & Asset Finance,4615000.00,2422000.00,161500.00,0,STAGE_1_PERFORMING,0.74%,1.2x,WESTLANDS
2025-10-31,STR-LN-103593,TKN-SHA256-E878B64E,Lucy Omondi,ID-HASH-62330BB80A,FOSA-ADV,Salary Advance 30D,110000.00,24000.00,4000.00,0,STAGE_1_PERFORMING,0.54%,0.9x,HQ_NAIROBI
2025-10-31,STR-LN-103594,TKN-SHA256-2B9B2E0E,Fatuma Otieno,ID-HASH-3D1A08F304,FOSA-ADV,Salary Advance 30D,55000.00,31000.00,2000.00,24,STAGE_1_EARLY_WATCH,1.21%,1.0x,WESTLANDS
2025-10-31,STR-LN-103595,TKN-SHA256-E9AC64BD,Kiprono Korir,ID-HASH-CE2EB14A4A,FOSA-ADV,Salary Advance 30D,95000.00,18000.00,3500.00,0,STAGE_1_PERFORMING,0.53%,1.3x,UPPER_HILL
2025-10-31,STR-LN-103596,TKN-SHA256-49C61901,Philemon Sang,ID-HASH-AB52A077BE,ASSET-FIN,Vehicle & Asset Finance,2745000.00,1844000.00,96000.00,0,STAGE_1_PERFORMING,0.75%,1.9x,KISUMU_BR
2025-10-31,STR-LN-103597,TKN-SHA256-5D4F8FCD,Hassan Kariuki,ID-HASH-B498F121F1,BOSA-SCH,School Fees Advance,85000.00,59000.00,3000.00,3,STAGE_1_EARLY_WATCH,2.17%,4.6x,WESTLANDS
2025-10-31,STR-LN-103598,TKN-SHA256-823288DE,Alice Chebet,ID-HASH-050FF2D37C,MSME-WCP,Business Working Capital,1755000.00,1431000.00,61500.00,0,STAGE_1_PERFORMING,0.88%,1.7x,BOMET_BRANCH
2025-10-31,STR-LN-103599,TKN-SHA256-A91820E5,Samuel Hassan,ID-HASH-92B5E34E98,BOSA-SCH,School Fees Advance,155000.00,77000.00,5500.00,21,STAGE_1_EARLY_WATCH,4.10%,4.7x,NAKURU_BR
2025-10-31,STR-LN-103600,TKN-SHA256-057A72D6,Dennis Rono,ID-HASH-79B100F41C,MSME-WCP,Business Working Capital,1290000.00,522000.00,45000.00,0,STAGE_1_PERFORMING,0.79%,2.3x,MOMBASA_BR
2025-10-31,STR-LN-103601,TKN-SHA256-93E50E69,Gladys Sang,ID-HASH-2F4DB499D1,BOSA-SCH,School Fees Advance,135000.00,30000.00,4500.00,0,STAGE_1_PERFORMING,0.51%,4.3x,KERICHO_CENTRAL
2025-10-31,STR-LN-103602,TKN-SHA256-EAB89960,Philemon Wambui,ID-HASH-DC31BA3D47,BOSA-EMG,Emergency Medical Facility,50000.00,26000.00,2000.00,0,STAGE_1_PERFORMING,0.55%,2.1x,UPPER_HILL
2025-10-31,STR-LN-103603,TKN-SHA256-ADCBB01F,Tabitha Wambui,ID-HASH-5FBED12FC5,AGRI-TEA,Tea & Coffee Farm Development,1155000.00,1037000.00,40500.00,0,STAGE_1_PERFORMING,0.48%,2.8x,UPPER_HILL
2025-10-31,STR-LN-103604,TKN-SHA256-BF0AB74A,Geoffrey Bett,ID-HASH-BB038600BF,MSME-WCP,Business Working Capital,225000.00,142000.00,8000.00,0,STAGE_1_PERFORMING,0.30%,2.0x,WESTLANDS
2025-10-31,STR-LN-103605,TKN-SHA256-BC9B5D40,Catherine Ochieng,ID-HASH-D73DE04568,BOSA-NRM,Development Loan Normal,770000.00,190000.00,27000.00,0,STAGE_1_PERFORMING,0.20%,3.2x,BOMET_BRANCH
2025-10-31,STR-LN-103606,TKN-SHA256-93D41728,James Langat,ID-HASH-A100A2EB83,FOSA-ADV,Salary Advance 30D,45000.00,12000.00,1500.00,0,STAGE_1_PERFORMING,0.28%,1.0x,KISUMU_BR
2025-10-31,STR-LN-103607,TKN-SHA256-39C5BD46,Mary Otieno,ID-HASH-6009DF9B36,MSME-WCP,Business Working Capital,335000.00,115000.00,11500.00,0,STAGE_1_PERFORMING,0.21%,2.0x,UPPER_HILL
2025-10-31,STR-LN-103608,TKN-SHA256-4FC7C95E,Alice Otieno,ID-HASH-3C950CE8F5,BOSA-NRM,Development Loan Normal,1065000.00,787000.00,37500.00,0,STAGE_1_PERFORMING,0.47%,2.5x,KERICHO_CENTRAL
2025-10-31,STR-LN-103609,TKN-SHA256-B5A3ED1E,Samuel Koech,ID-HASH-C44CE936D3,MSME-WCP,Business Working Capital,1365000.00,567000.00,48000.00,0,STAGE_1_PERFORMING,0.85%,2.3x,NAKURU_BR
2025-10-31,STR-LN-103610,TKN-SHA256-6DD26718,Geoffrey Ruto,ID-HASH-FDF7771181,MSME-WCP,Business Working Capital,1185000.00,736000.00,41500.00,0,STAGE_1_PERFORMING,0.63%,1.6x,WESTLANDS
2025-10-31,STR-LN-103611,TKN-SHA256-AA0BC130,James Bett,ID-HASH-0F45124623,BOSA-SCH,School Fees Advance,225000.00,175000.00,8000.00,0,STAGE_1_PERFORMING,0.67%,5.1x,KISUMU_BR
2025-10-31,STR-LN-103612,TKN-SHA256-379D01E4,Mary Gitonga,ID-HASH-2613E11280,MSME-WCP,Business Working Capital,720000.00,609000.00,25000.00,0,STAGE_1_PERFORMING,0.54%,1.7x,NANDI_HILLS
2025-10-31,STR-LN-103613,TKN-SHA256-004B3D93,David Kamau,ID-HASH-4B7E62AC6A,BOSA-EMG,Emergency Medical Facility,180000.00,163000.00,6500.00,0,STAGE_1_PERFORMING,0.71%,2.2x,MOMBASA_BR
2025-10-31,STR-LN-103614,TKN-SHA256-60167FFB,Geoffrey Achieng,ID-HASH-6252B647AA,BOSA-SCH,School Fees Advance,245000.00,137000.00,8500.00,0,STAGE_1_PERFORMING,0.92%,4.5x,ELDORET_BR
2025-10-31,STR-LN-103615,TKN-SHA256-2AF50AFB,Stephen Kimani,ID-HASH-7E83F96D87,ASSET-FIN,Vehicle & Asset Finance,4170000.00,2198000.00,146000.00,0,STAGE_1_PERFORMING,0.38%,1.8x,ELDORET_BR
2025-10-31,STR-LN-103616,TKN-SHA256-DACDD6CE,James Otieno,ID-HASH-F1A647E5F1,AGRI-TEA,Tea & Coffee Farm Development,800000.00,232000.00,28000.00,0,STAGE_1_PERFORMING,0.47%,2.5x,UPPER_HILL
2025-10-31,STR-LN-103617,TKN-SHA256-A4351DEF,David Mwangi,ID-HASH-CF46E55279,BOSA-NRM,Development Loan Normal,2165000.00,1177000.00,76000.00,0,STAGE_1_PERFORMING,0.78%,2.5x,NAKURU_BR
2025-10-31,STR-LN-103618,TKN-SHA256-EE94477F,Stephen Chebet,ID-HASH-C3875B5C0E,BOSA-EMG,Emergency Medical Facility,175000.00,84000.00,6000.00,0,STAGE_1_PERFORMING,0.31%,2.7x,WESTLANDS
2025-10-31,STR-LN-103619,TKN-SHA256-A448E884,Philemon Ali,ID-HASH-F56EDD53AD,ASSET-FIN,Vehicle & Asset Finance,2920000.00,2405000.00,102000.00,0,STAGE_1_PERFORMING,0.86%,1.1x,MOMBASA_BR
2025-10-31,STR-LN-103620,TKN-SHA256-2678613C,Gladys Kamau,ID-HASH-54108680D3,FOSA-ADV,Salary Advance 30D,105000.00,25000.00,3500.00,0,STAGE_1_PERFORMING,0.78%,1.4x,MOMBASA_BR
2025-10-31,STR-LN-103621,TKN-SHA256-8B96FD59,Beatrice Mutua,ID-HASH-31EF37E91C,BOSA-EMG,Emergency Medical Facility,60000.00,51000.00,2000.00,0,STAGE_1_PERFORMING,0.94%,1.9x,ELDORET_BR
2025-10-31,STR-LN-103622,TKN-SHA256-ADB33DCF,Mercy Hassan,ID-HASH-9FD2147364,FOSA-ADV,Salary Advance 30D,45000.00,32000.00,1500.00,17,STAGE_1_EARLY_WATCH,2.39%,1.3x,KISUMU_BR
2025-10-31,STR-LN-103623,TKN-SHA256-10619785,Cosmas Bett,ID-HASH-6DACCE9D9D,FOSA-ADV,Salary Advance 30D,65000.00,14000.00,2500.00,0,STAGE_1_PERFORMING,0.44%,1.4x,KERICHO_CENTRAL
2025-10-31,STR-LN-103624,TKN-SHA256-57091A6E,Philemon Kamau,ID-HASH-BA2DB64457,BOSA-SCH,School Fees Advance,75000.00,19000.00,2500.00,29,STAGE_1_EARLY_WATCH,4.26%,3.7x,BOMET_BRANCH
2025-10-31,STR-LN-103625,TKN-SHA256-14801E85,Philemon Mutua,ID-HASH-5720DF149C,BOSA-EMG,Emergency Medical Facility,120000.00,103000.00,4000.00,30,STAGE_2_UNDERPERFORMING,12.38%,2.3x,NANDI_HILLS
2025-10-31,STR-LN-103626,TKN-SHA256-F1528E41,Alice Njoroge,ID-HASH-EDE179F03E,MSME-WCP,Business Working Capital,245000.00,76000.00,8500.00,0,STAGE_1_PERFORMING,0.45%,2.5x,WESTLANDS
2025-10-31,STR-LN-103627,TKN-SHA256-21C2FA03,Cosmas Wambui,ID-HASH-13C61B8466,BOSA-EMG,Emergency Medical Facility,160000.00,54000.00,5500.00,0,STAGE_1_PERFORMING,0.62%,2.1x,KERICHO_CENTRAL
2025-10-31,STR-LN-103628,TKN-SHA256-110CFB34,Stephen Ruto,ID-HASH-5B12B4001A,AGRI-TEA,Tea & Coffee Farm Development,490000.00,168000.00,17000.00,0,STAGE_1_PERFORMING,0.77%,3.1x,KERICHO_CENTRAL
2025-10-31,STR-LN-103629,TKN-SHA256-CF520B5C,Catherine Mutua,ID-HASH-7AC9C0C58E,FOSA-ADV,Salary Advance 30D,125000.00,90000.00,4500.00,0,STAGE_1_PERFORMING,0.80%,1.1x,MOMBASA_BR
2025-10-31,STR-LN-103630,TKN-SHA256-732DB301,Fatuma Achieng,ID-HASH-25115BEF38,BOSA-NRM,Development Loan Normal,1475000.00,795000.00,51500.00,0,STAGE_1_PERFORMING,0.90%,3.2x,NANDI_HILLS
2025-10-31,STR-LN-103631,TKN-SHA256-AA178E2A,Kiprono Langat,ID-HASH-AEC7549AE4,MSME-WCP,Business Working Capital,735000.00,505000.00,25500.00,0,STAGE_1_PERFORMING,0.25%,1.9x,BOMET_BRANCH
2025-10-31,STR-LN-103632,TKN-SHA256-742E8F11,James Otieno,ID-HASH-CE78D8180B,BOSA-EMG,Emergency Medical Facility,105000.00,79000.00,3500.00,0,STAGE_1_PERFORMING,0.69%,2.4x,BOMET_BRANCH
2025-10-31,STR-LN-103633,TKN-SHA256-6433630B,Geoffrey Kariuki,ID-HASH-AE85D9EBDF,BOSA-EMG,Emergency Medical Facility,215000.00,38000.00,7500.00,0,STAGE_1_PERFORMING,0.71%,3.3x,BOMET_BRANCH
2025-10-31,STR-LN-103634,TKN-SHA256-29F1FCED,Grace Koech,ID-HASH-194E8D49DC,BOSA-SCH,School Fees Advance,160000.00,145000.00,5500.00,0,STAGE_1_PERFORMING,0.82%,3.3x,ELDORET_BR
2025-10-31,STR-LN-103635,TKN-SHA256-6071352B,Kiprono Chebet,ID-HASH-CB8FF06C15,BOSA-EMG,Emergency Medical Facility,60000.00,36000.00,2000.00,0,STAGE_1_PERFORMING,0.30%,2.5x,ELDORET_BR
2025-10-31,STR-LN-103636,TKN-SHA256-03B3E70D,John Kiptoo,ID-HASH-AD3016CD88,MSME-WCP,Business Working Capital,885000.00,404000.00,31000.00,0,STAGE_1_PERFORMING,0.35%,2.0x,KISUMU_BR
2025-10-31,STR-LN-103637,TKN-SHA256-644D8198,David Kimani,ID-HASH-8B56AEEB72,BOSA-EMG,Emergency Medical Facility,150000.00,108000.00,5500.00,0,STAGE_1_PERFORMING,0.28%,2.3x,NANDI_HILLS
2025-10-31,STR-LN-103638,TKN-SHA256-66D1FFF1,Philemon Gitonga,ID-HASH-FE0C7A1DD4,MSME-WCP,Business Working Capital,885000.00,432000.00,31000.00,0,STAGE_1_PERFORMING,0.32%,1.7x,BOMET_BRANCH
2025-10-31,STR-LN-103639,TKN-SHA256-5CC14642,Hassan Omondi,ID-HASH-DACFD625C7,BOSA-NRM,Development Loan Normal,985000.00,428000.00,34500.00,0,STAGE_1_PERFORMING,0.92%,3.4x,BOMET_BRANCH
2025-10-31,STR-LN-103640,TKN-SHA256-F2219BC7,Samuel Njoroge,ID-HASH-C7EF27A397,AGRI-TEA,Tea & Coffee Farm Development,330000.00,69000.00,11500.00,0,STAGE_1_PERFORMING,0.50%,2.5x,KERICHO_CENTRAL
2025-10-31,STR-LN-103641,TKN-SHA256-8EF2EB7C,Emmanuel Wambui,ID-HASH-27A22EADF6,BOSA-EMG,Emergency Medical Facility,145000.00,132000.00,5000.00,0,STAGE_1_PERFORMING,0.80%,2.0x,MOMBASA_BR
2025-10-31,STR-LN-103642,TKN-SHA256-F6659247,Samuel Siele,ID-HASH-35DF09B1D1,MSME-WCP,Business Working Capital,1335000.00,310000.00,46500.00,0,STAGE_1_PERFORMING,0.28%,2.3x,NANDI_HILLS
2025-10-31,STR-LN-103643,TKN-SHA256-A62B7FC2,Mercy Mwangi,ID-HASH-B12F0B785D,BOSA-EMG,Emergency Medical Facility,200000.00,46000.00,7000.00,0,STAGE_1_PERFORMING,0.84%,2.8x,BOMET_BRANCH
2025-10-31,STR-LN-103644,TKN-SHA256-2F07E736,Lucy Ochieng,ID-HASH-11469E705D,AGRI-TEA,Tea & Coffee Farm Development,155000.00,136000.00,5500.00,38,STAGE_2_UNDERPERFORMING,9.83%,3.5x,HQ_NAIROBI
2025-10-31,STR-LN-103645,TKN-SHA256-78A0A6B1,Catherine Ochieng,ID-HASH-9B93A06F3B,BOSA-NRM,Development Loan Normal,2155000.00,1543000.00,75500.00,0,STAGE_1_PERFORMING,0.78%,3.6x,KISUMU_BR
2025-10-31,STR-LN-103646,TKN-SHA256-0EC289EA,Emmanuel Hassan,ID-HASH-BB46B7851F,MSME-WCP,Business Working Capital,1425000.00,571000.00,50000.00,0,STAGE_1_PERFORMING,0.30%,2.3x,NAKURU_BR
2025-10-31,STR-LN-103647,TKN-SHA256-6D76327B,Tabitha Rono,ID-HASH-23559BE75A,BOSA-EMG,Emergency Medical Facility,295000.00,250000.00,10500.00,24,STAGE_1_EARLY_WATCH,2.86%,3.0x,NAKURU_BR
2025-10-31,STR-LN-103648,TKN-SHA256-D543EEA9,Dennis Gitonga,ID-HASH-7F59D96CD8,BOSA-EMG,Emergency Medical Facility,250000.00,74000.00,9000.00,0,STAGE_1_PERFORMING,0.65%,2.2x,BOMET_BRANCH
2025-10-31,STR-LN-103649,TKN-SHA256-F537D2A7,Catherine Otieno,ID-HASH-7092C62A97,AGRI-TEA,Tea & Coffee Farm Development,540000.00,291000.00,19000.00,0,STAGE_1_PERFORMING,0.41%,3.7x,WESTLANDS
2025-10-31,STR-LN-103650,TKN-SHA256-778DEF6B,Peter Mutua,ID-HASH-238F03A708,BOSA-EMG,Emergency Medical Facility,70000.00,32000.00,2500.00,0,STAGE_1_PERFORMING,0.27%,3.2x,BOMET_BRANCH
2025-10-31,STR-LN-103651,TKN-SHA256-D90CF550,Kiprono Kimani,ID-HASH-EF39D2ABCA,MSME-WCP,Business Working Capital,600000.00,330000.00,21000.00,2,STAGE_1_EARLY_WATCH,1.46%,2.1x,KISUMU_BR
2025-10-31,STR-LN-103652,TKN-SHA256-0237F39C,Stephen Mutua,ID-HASH-6832B19167,BOSA-EMG,Emergency Medical Facility,135000.00,25000.00,4500.00,0,STAGE_1_PERFORMING,0.30%,2.2x,MOMBASA_BR
2025-10-31,STR-LN-103653,TKN-SHA256-83F1DC76,John Korir,ID-HASH-2C979B935C,MSME-WCP,Business Working Capital,1780000.00,755000.00,62500.00,0,STAGE_1_PERFORMING,0.61%,2.7x,BOMET_BRANCH
2025-10-31,STR-LN-103654,TKN-SHA256-1A45EB88,John Kiptoo,ID-HASH-E319A37244,AGRI-TEA,Tea & Coffee Farm Development,495000.00,240000.00,17500.00,0,STAGE_1_PERFORMING,0.47%,2.4x,ELDORET_BR
2025-10-31,STR-LN-103655,TKN-SHA256-974C6392,Mary Ochieng,ID-HASH-4E9C7BD56D,BOSA-NRM,Development Loan Normal,2815000.00,2593000.00,98500.00,98,STAGE_3_NON_PERFORMING,30.50%,3.8x,NANDI_HILLS
2025-10-31,STR-LN-103656,TKN-SHA256-6A0CD109,Hassan Achieng,ID-HASH-82E6F563F7,BOSA-EMG,Emergency Medical Facility,290000.00,182000.00,10000.00,0,STAGE_1_PERFORMING,0.43%,2.5x,NAKURU_BR
2025-10-31,STR-LN-103657,TKN-SHA256-E98EF938,Mary Wambui,ID-HASH-4140A2D46E,BOSA-EMG,Emergency Medical Facility,105000.00,29000.00,3500.00,0,STAGE_1_PERFORMING,0.53%,3.2x,WESTLANDS
2025-10-31,STR-LN-103658,TKN-SHA256-4D927647,Geoffrey Njoroge,ID-HASH-4B3063A226,AGRI-TEA,Tea & Coffee Farm Development,795000.00,159000.00,28000.00,89,STAGE_2_UNDERPERFORMING,12.83%,2.2x,ELDORET_BR
2025-10-31,STR-LN-103659,TKN-SHA256-819F4AA0,Mary Ochieng,ID-HASH-168CEBA155,BOSA-EMG,Emergency Medical Facility,195000.00,110000.00,7000.00,0,STAGE_1_PERFORMING,0.29%,1.9x,ELDORET_BR
2025-10-31,STR-LN-103660,TKN-SHA256-596C9C78,Kiprono Kimani,ID-HASH-06A403BE01,MSME-WCP,Business Working Capital,290000.00,217000.00,10000.00,2,STAGE_1_EARLY_WATCH,1.65%,1.6x,BOMET_BRANCH
2025-10-31,STR-LN-103661,TKN-SHA256-AD8072D8,Catherine Kiptoo,ID-HASH-D86D0BA6C8,BOSA-SCH,School Fees Advance,230000.00,142000.00,8000.00,0,STAGE_1_PERFORMING,0.46%,3.3x,KERICHO_CENTRAL
2025-10-31,STR-LN-103662,TKN-SHA256-1ABE8DAB,Cosmas Otieno,ID-HASH-0D9A8DF111,ASSET-FIN,Vehicle & Asset Finance,4920000.00,3044000.00,172000.00,0,STAGE_1_PERFORMING,0.76%,1.7x,WESTLANDS
2025-10-31,STR-LN-103663,TKN-SHA256-F01C3B96,Grace Langat,ID-HASH-876701D1B6,BOSA-NRM,Development Loan Normal,1335000.00,1240000.00,46500.00,33,STAGE_2_UNDERPERFORMING,11.78%,2.6x,BOMET_BRANCH
2025-10-31,STR-LN-103664,TKN-SHA256-5E7F77CC,Gladys Bett,ID-HASH-179588B2FC,MSME-WCP,Business Working Capital,1335000.00,1102000.00,46500.00,0,STAGE_1_PERFORMING,0.68%,2.6x,KERICHO_CENTRAL
2025-10-31,STR-LN-103665,TKN-SHA256-B6C1022B,Stephen Wanjiku,ID-HASH-F916898CBA,FOSA-ADV,Salary Advance 30D,55000.00,46000.00,2000.00,0,STAGE_1_PERFORMING,0.45%,1.2x,WESTLANDS
2025-10-31,STR-LN-103666,TKN-SHA256-08C85139,Jane Ochieng,ID-HASH-07BDB1C0C1,ASSET-FIN,Vehicle & Asset Finance,1275000.00,760000.00,44500.00,0,STAGE_1_PERFORMING,0.65%,1.7x,BOMET_BRANCH
2025-10-31,STR-LN-103667,TKN-SHA256-C1591EE1,Mary Koech,ID-HASH-D5AC661FA9,BOSA-SCH,School Fees Advance,200000.00,54000.00,7000.00,0,STAGE_1_PERFORMING,0.90%,3.8x,NAKURU_BR
2025-10-31,STR-LN-103668,TKN-SHA256-1C96B463,Peter Wanjiku,ID-HASH-F913D0BBD0,BOSA-NRM,Development Loan Normal,1070000.00,931000.00,37500.00,0,STAGE_1_PERFORMING,0.22%,3.2x,KISUMU_BR
2025-10-31,STR-LN-103669,TKN-SHA256-BC7087BD,David Sang,ID-HASH-1BCCA671C8,AGRI-TEA,Tea & Coffee Farm Development,995000.00,479000.00,35000.00,0,STAGE_1_PERFORMING,0.60%,2.9x,MOMBASA_BR
2025-10-31,STR-LN-103670,TKN-SHA256-71CAEC11,Philemon Ali,ID-HASH-951D34B584,MSME-WCP,Business Working Capital,1195000.00,282000.00,42000.00,0,STAGE_1_PERFORMING,0.47%,2.0x,NAKURU_BR
2025-10-31,STR-LN-103671,TKN-SHA256-9F17A8D3,Samuel Ali,ID-HASH-ADC52C927C,ASSET-FIN,Vehicle & Asset Finance,4765000.00,2560000.00,167000.00,0,STAGE_1_PERFORMING,0.59%,1.9x,WESTLANDS
2025-10-31,STR-LN-103672,TKN-SHA256-4D5F6784,Tabitha Cheruiyot,ID-HASH-1921C93BAF,BOSA-NRM,Development Loan Normal,2810000.00,2035000.00,98500.00,0,STAGE_1_PERFORMING,0.60%,2.6x,KISUMU_BR
2025-10-31,STR-LN-103673,TKN-SHA256-618CD0CA,James Siele,ID-HASH-C0C14B569D,BOSA-NRM,Development Loan Normal,3360000.00,1822000.00,117500.00,0,STAGE_1_PERFORMING,0.33%,2.5x,WESTLANDS
2025-10-31,STR-LN-103674,TKN-SHA256-EA4F2428,Cosmas Siele,ID-HASH-04F181DB0E,BOSA-NRM,Development Loan Normal,1120000.00,235000.00,39000.00,0,STAGE_1_PERFORMING,0.16%,3.3x,NANDI_HILLS
2025-10-31,STR-LN-103675,TKN-SHA256-63A3CD90,Tabitha Mutua,ID-HASH-D60A659313,MSME-WCP,Business Working Capital,1705000.00,511000.00,59500.00,0,STAGE_1_PERFORMING,0.67%,1.5x,MOMBASA_BR
2025-10-31,STR-LN-103676,TKN-SHA256-BE8493C0,John Bett,ID-HASH-4C6E4543CB,BOSA-EMG,Emergency Medical Facility,240000.00,214000.00,8500.00,0,STAGE_1_PERFORMING,0.42%,2.4x,HQ_NAIROBI
2025-10-31,STR-LN-103677,TKN-SHA256-2FB723FF,Mary Omondi,ID-HASH-2039EF7938,ASSET-FIN,Vehicle & Asset Finance,1805000.00,411000.00,63000.00,0,STAGE_1_PERFORMING,0.28%,1.9x,NAKURU_BR
2025-10-31,STR-LN-103678,TKN-SHA256-83625CF0,Geoffrey Siele,ID-HASH-040F722219,FOSA-ADV,Salary Advance 30D,40000.00,35000.00,1500.00,0,STAGE_1_PERFORMING,0.32%,1.0x,NAKURU_BR
2025-10-31,STR-LN-103679,TKN-SHA256-43A710DD,Stephen Wanjiku,ID-HASH-DA9ECA1BB6,MSME-WCP,Business Working Capital,990000.00,827000.00,34500.00,0,STAGE_1_PERFORMING,0.28%,2.2x,ELDORET_BR
2025-10-31,STR-LN-103680,TKN-SHA256-5AAA0454,Kiprono Mwangi,ID-HASH-90A263DEC0,FOSA-ADV,Salary Advance 30D,140000.00,41000.00,5000.00,28,STAGE_1_EARLY_WATCH,1.86%,1.0x,WESTLANDS
2025-10-31,STR-LN-103681,TKN-SHA256-7E718A4F,John Omondi,ID-HASH-2610BD51C4,ASSET-FIN,Vehicle & Asset Finance,3805000.00,1584000.00,133000.00,0,STAGE_1_PERFORMING,0.20%,1.3x,HQ_NAIROBI
2025-10-31,STR-LN-103682,TKN-SHA256-D39CEFC9,Dennis Kamau,ID-HASH-0071AD3965,BOSA-NRM,Development Loan Normal,1660000.00,1339000.00,58000.00,9,STAGE_1_EARLY_WATCH,3.80%,3.5x,UPPER_HILL
2025-10-31,STR-LN-103683,TKN-SHA256-E55E0C4D,Stephen Njoroge,ID-HASH-537D449247,BOSA-SCH,School Fees Advance,170000.00,113000.00,6000.00,0,STAGE_1_PERFORMING,0.76%,4.3x,NANDI_HILLS
2025-10-31,STR-LN-103684,TKN-SHA256-E9D6E104,Geoffrey Ali,ID-HASH-352303AB68,BOSA-EMG,Emergency Medical Facility,70000.00,47000.00,2500.00,4,STAGE_1_EARLY_WATCH,1.59%,2.9x,NAKURU_BR
2025-10-31,STR-LN-103685,TKN-SHA256-1F3A5442,Kiprono Kariuki,ID-HASH-09744CD406,BOSA-NRM,Development Loan Normal,685000.00,334000.00,24000.00,0,STAGE_1_PERFORMING,0.54%,3.4x,BOMET_BRANCH
2025-10-31,STR-LN-103686,TKN-SHA256-18E2A3F3,Geoffrey Hassan,ID-HASH-9E69E92476,ASSET-FIN,Vehicle & Asset Finance,1730000.00,1194000.00,60500.00,28,STAGE_1_EARLY_WATCH,1.43%,1.1x,MOMBASA_BR
2025-10-31,STR-LN-103687,TKN-SHA256-CFB097C0,Jane Koech,ID-HASH-4E2B45E961,FOSA-ADV,Salary Advance 30D,135000.00,70000.00,4500.00,0,STAGE_1_PERFORMING,0.73%,1.0x,NANDI_HILLS
2025-10-31,STR-LN-103688,TKN-SHA256-9F575BC6,Mercy Sang,ID-HASH-D39F447FFF,FOSA-ADV,Salary Advance 30D,135000.00,78000.00,4500.00,0,STAGE_1_PERFORMING,0.30%,1.5x,MOMBASA_BR
2025-10-31,STR-LN-103689,TKN-SHA256-BE8CE45A,Peter Langat,ID-HASH-5A5D8A1579,BOSA-SCH,School Fees Advance,225000.00,153000.00,8000.00,0,STAGE_1_PERFORMING,0.16%,4.5x,KERICHO_CENTRAL
2025-10-31,STR-LN-103690,TKN-SHA256-62234B4C,Gladys Rono,ID-HASH-0DCAC0A318,BOSA-SCH,School Fees Advance,180000.00,161000.00,6500.00,0,STAGE_1_PERFORMING,0.49%,3.9x,ELDORET_BR
2025-10-31,STR-LN-103691,TKN-SHA256-3B00FDCC,Geoffrey Ruto,ID-HASH-2FA4340FA6,AGRI-TEA,Tea & Coffee Farm Development,1075000.00,773000.00,37500.00,0,STAGE_1_PERFORMING,0.20%,2.5x,HQ_NAIROBI
2025-10-31,STR-LN-103692,TKN-SHA256-06EA5D9D,Emmanuel Sang,ID-HASH-A3A0583994,ASSET-FIN,Vehicle & Asset Finance,1205000.00,569000.00,42000.00,0,STAGE_1_PERFORMING,0.73%,1.4x,UPPER_HILL
2025-10-31,STR-LN-103693,TKN-SHA256-3DE06DBB,Philemon Mwangi,ID-HASH-B6E44B0E07,MSME-WCP,Business Working Capital,1105000.00,510000.00,38500.00,0,STAGE_1_PERFORMING,0.44%,1.8x,WESTLANDS
2025-10-31,STR-LN-103694,TKN-SHA256-84349601,Bernard Achieng,ID-HASH-C3A75CA12B,ASSET-FIN,Vehicle & Asset Finance,1465000.00,533000.00,51500.00,0,STAGE_1_PERFORMING,0.71%,1.5x,UPPER_HILL
2025-10-31,STR-LN-103695,TKN-SHA256-B82AFDDC,David Wanjiku,ID-HASH-BD2C16CC19,BOSA-EMG,Emergency Medical Facility,210000.00,104000.00,7500.00,0,STAGE_1_PERFORMING,0.83%,2.6x,HQ_NAIROBI
2025-10-31,STR-LN-103696,TKN-SHA256-BE01B901,Philemon Njoroge,ID-HASH-8601B3D57D,MSME-WCP,Business Working Capital,1255000.00,563000.00,44000.00,0,STAGE_1_PERFORMING,0.56%,1.5x,BOMET_BRANCH
2025-10-31,STR-LN-103697,TKN-SHA256-82D00FE0,Wesley Ruto,ID-HASH-7315A615C4,BOSA-NRM,Development Loan Normal,2360000.00,1553000.00,82500.00,165,STAGE_3_NON_PERFORMING,38.28%,3.1x,NAKURU_BR
2025-10-31,STR-LN-103698,TKN-SHA256-8FF501EC,Tabitha Bett,ID-HASH-8FED5A8141,BOSA-EMG,Emergency Medical Facility,95000.00,79000.00,3500.00,0,STAGE_1_PERFORMING,0.58%,2.1x,WESTLANDS
2025-10-31,STR-LN-103699,TKN-SHA256-FE00EE99,Mercy Wanjiku,ID-HASH-F1A11B8D58,BOSA-NRM,Development Loan Normal,1165000.00,494000.00,41000.00,0,STAGE_1_PERFORMING,0.72%,3.9x,HQ_NAIROBI
2025-10-31,STR-LN-103700,TKN-SHA256-C2DFF3DD,Bernard Achieng,ID-HASH-B473B8107F,MSME-WCP,Business Working Capital,765000.00,155000.00,27000.00,167,STAGE_3_NON_PERFORMING,35.17%,1.9x,KISUMU_BR
2025-10-31,STR-LN-103701,TKN-SHA256-BCE03422,Mercy Rono,ID-HASH-C46BE0F9FC,BOSA-EMG,Emergency Medical Facility,170000.00,44000.00,6000.00,0,STAGE_1_PERFORMING,0.95%,2.8x,UPPER_HILL
2025-10-31,STR-LN-103702,TKN-SHA256-E3DBC336,Catherine Ochieng,ID-HASH-E366CC2763,AGRI-TEA,Tea & Coffee Farm Development,710000.00,616000.00,25000.00,0,STAGE_1_PERFORMING,0.57%,2.6x,WESTLANDS
2025-10-31,STR-LN-103703,TKN-SHA256-460C5602,Alice Achieng,ID-HASH-751A57BCDD,BOSA-NRM,Development Loan Normal,2430000.00,2192000.00,85000.00,0,STAGE_1_PERFORMING,0.60%,3.8x,ELDORET_BR
2025-10-31,STR-LN-103704,TKN-SHA256-FC79E1D5,Geoffrey Gitonga,ID-HASH-7AB7C63F1E,ASSET-FIN,Vehicle & Asset Finance,4220000.00,2856000.00,147500.00,1,STAGE_1_EARLY_WATCH,2.98%,1.8x,MOMBASA_BR
2025-10-31,STR-LN-103705,TKN-SHA256-094112AD,John Ruto,ID-HASH-74E2A3B90D,BOSA-EMG,Emergency Medical Facility,70000.00,28000.00,2500.00,0,STAGE_1_PERFORMING,0.65%,2.7x,KERICHO_CENTRAL
2025-10-31,STR-LN-103706,TKN-SHA256-9DAA62AA,Philemon Wambui,ID-HASH-A9A43462E9,ASSET-FIN,Vehicle & Asset Finance,4220000.00,1679000.00,147500.00,0,STAGE_1_PERFORMING,0.65%,1.7x,HQ_NAIROBI
2025-10-31,STR-LN-103707,TKN-SHA256-87D4B12D,Philemon Otieno,ID-HASH-49578048F6,ASSET-FIN,Vehicle & Asset Finance,2510000.00,570000.00,88000.00,0,STAGE_1_PERFORMING,0.16%,1.5x,BOMET_BRANCH
2025-10-31,STR-LN-103708,TKN-SHA256-3074B6FA,Wesley Wanjiku,ID-HASH-D960A41A6C,FOSA-ADV,Salary Advance 30D,40000.00,33000.00,1500.00,0,STAGE_1_PERFORMING,0.66%,1.3x,WESTLANDS
2025-10-31,STR-LN-103709,TKN-SHA256-7A75692E,Hassan Kimani,ID-HASH-66513C484B,ASSET-FIN,Vehicle & Asset Finance,4525000.00,1808000.00,158500.00,0,STAGE_1_PERFORMING,0.94%,1.1x,KERICHO_CENTRAL
2025-10-31,STR-LN-103710,TKN-SHA256-5AC46B08,Samuel Siele,ID-HASH-08CE2E23DD,BOSA-SCH,School Fees Advance,60000.00,51000.00,2000.00,45,STAGE_2_UNDERPERFORMING,9.94%,3.2x,MOMBASA_BR
2025-10-31,STR-LN-103711,TKN-SHA256-3D959091,Lucy Ochieng,ID-HASH-CFE349F33E,AGRI-TEA,Tea & Coffee Farm Development,1190000.00,824000.00,41500.00,0,STAGE_1_PERFORMING,0.35%,2.9x,WESTLANDS
2025-10-31,STR-LN-103712,TKN-SHA256-1531BD2B,Grace Omondi,ID-HASH-2D841BD400,MSME-WCP,Business Working Capital,405000.00,299000.00,14000.00,0,STAGE_1_PERFORMING,0.78%,1.7x,ELDORET_BR
2025-10-31,STR-LN-103713,TKN-SHA256-12E2B425,Jane Kariuki,ID-HASH-AEBF6FF5C2,FOSA-ADV,Salary Advance 30D,40000.00,35000.00,1500.00,0,STAGE_1_PERFORMING,0.67%,1.4x,NAKURU_BR
2025-10-31,STR-LN-103714,TKN-SHA256-B2481093,Geoffrey Gitonga,ID-HASH-DF6ED14C27,BOSA-NRM,Development Loan Normal,1700000.00,1272000.00,59500.00,38,STAGE_2_UNDERPERFORMING,11.91%,3.3x,HQ_NAIROBI
2025-10-31,STR-LN-103715,TKN-SHA256-08259060,Philemon Mutua,ID-HASH-56B084A0A2,MSME-WCP,Business Working Capital,1305000.00,402000.00,45500.00,0,STAGE_1_PERFORMING,0.41%,2.6x,KERICHO_CENTRAL
2025-10-31,STR-LN-103716,TKN-SHA256-D5AA3021,Jane Langat,ID-HASH-3FAA96AA93,BOSA-EMG,Emergency Medical Facility,145000.00,102000.00,5000.00,0,STAGE_1_PERFORMING,0.58%,2.0x,KISUMU_BR
2025-10-31,STR-LN-103717,TKN-SHA256-A37749BB,Peter Sang,ID-HASH-61DEAB4F5E,BOSA-EMG,Emergency Medical Facility,195000.00,87000.00,7000.00,0,STAGE_1_PERFORMING,0.36%,2.6x,BOMET_BRANCH
2025-10-31,STR-LN-103718,TKN-SHA256-863E2184,Samuel Kamau,ID-HASH-EA6A64994F,MSME-WCP,Business Working Capital,1325000.00,523000.00,46500.00,0,STAGE_1_PERFORMING,0.62%,2.7x,KERICHO_CENTRAL
2025-10-31,STR-LN-103719,TKN-SHA256-AA189458,Peter Chebet,ID-HASH-6EAAB5CCA6,BOSA-EMG,Emergency Medical Facility,155000.00,88000.00,5500.00,0,STAGE_1_PERFORMING,0.58%,2.2x,BOMET_BRANCH
2025-10-31,STR-LN-103720,TKN-SHA256-D7DD9187,Dennis Hassan,ID-HASH-07E79B6CB9,AGRI-TEA,Tea & Coffee Farm Development,995000.00,218000.00,35000.00,0,STAGE_1_PERFORMING,0.77%,2.7x,HQ_NAIROBI
2025-10-31,STR-LN-103721,TKN-SHA256-011370D9,James Siele,ID-HASH-BA860B9EC9,BOSA-SCH,School Fees Advance,55000.00,18000.00,2000.00,0,STAGE_1_PERFORMING,0.39%,3.6x,ELDORET_BR
2025-10-31,STR-LN-103722,TKN-SHA256-135408F5,Emmanuel Achieng,ID-HASH-1635CD90F1,FOSA-ADV,Salary Advance 30D,65000.00,13000.00,2500.00,0,STAGE_1_PERFORMING,0.67%,1.0x,NAKURU_BR
2025-10-31,STR-LN-103723,TKN-SHA256-36E2872C,Dennis Koech,ID-HASH-731A60AA7E,ASSET-FIN,Vehicle & Asset Finance,4765000.00,3314000.00,167000.00,0,STAGE_1_PERFORMING,0.79%,1.6x,NANDI_HILLS
2025-10-31,STR-LN-103724,TKN-SHA256-1A218861,Bernard Otieno,ID-HASH-25A936A0D0,MSME-WCP,Business Working Capital,1250000.00,468000.00,44000.00,0,STAGE_1_PERFORMING,0.43%,2.6x,NANDI_HILLS
2025-10-31,STR-LN-103725,TKN-SHA256-26AC21F5,Alice Korir,ID-HASH-F1C0561595,BOSA-SCH,School Fees Advance,105000.00,58000.00,3500.00,11,STAGE_1_EARLY_WATCH,3.55%,4.6x,KISUMU_BR
2025-10-31,STR-LN-103726,TKN-SHA256-952A95B6,Grace Kariuki,ID-HASH-CE1F9D93E0,AGRI-TEA,Tea & Coffee Farm Development,895000.00,263000.00,31500.00,0,STAGE_1_PERFORMING,0.19%,2.7x,WESTLANDS
2025-10-31,STR-LN-103727,TKN-SHA256-5DDA747F,David Njoroge,ID-HASH-B78121077E,FOSA-ADV,Salary Advance 30D,110000.00,21000.00,4000.00,0,STAGE_1_PERFORMING,0.30%,1.0x,NAKURU_BR
2025-10-31,STR-LN-103728,TKN-SHA256-01D815D3,Cosmas Langat,ID-HASH-93C1293205,MSME-WCP,Business Working Capital,1335000.00,278000.00,46500.00,0,STAGE_1_PERFORMING,0.90%,2.5x,KERICHO_CENTRAL
2025-10-31,STR-LN-103729,TKN-SHA256-BC575C6A,Grace Korir,ID-HASH-60A2430111,BOSA-NRM,Development Loan Normal,2285000.00,485000.00,80000.00,0,STAGE_1_PERFORMING,0.25%,3.5x,HQ_NAIROBI
2025-10-31,STR-LN-103730,TKN-SHA256-BEF75047,Hassan Kariuki,ID-HASH-BA99324A51,MSME-WCP,Business Working Capital,645000.00,127000.00,22500.00,0,STAGE_1_PERFORMING,0.88%,2.6x,BOMET_BRANCH
2025-10-31,STR-LN-103731,TKN-SHA256-B48A3032,Fatuma Wambui,ID-HASH-A046FCE479,BOSA-SCH,School Fees Advance,220000.00,151000.00,7500.00,0,STAGE_1_PERFORMING,0.20%,4.1x,NANDI_HILLS
2025-10-31,STR-LN-103732,TKN-SHA256-DB565089,Kiprono Sang,ID-HASH-BE7C11CB3C,ASSET-FIN,Vehicle & Asset Finance,4945000.00,2341000.00,173000.00,0,STAGE_1_PERFORMING,0.35%,1.8x,BOMET_BRANCH
2025-10-31,STR-LN-103733,TKN-SHA256-93007B86,Kiprono Ali,ID-HASH-898E87FE99,FOSA-ADV,Salary Advance 30D,145000.00,60000.00,5000.00,0,STAGE_1_PERFORMING,0.78%,1.1x,NANDI_HILLS
2025-10-31,STR-LN-103734,TKN-SHA256-50279C9D,Mercy Otieno,ID-HASH-0AB309831C,BOSA-NRM,Development Loan Normal,2435000.00,2018000.00,85000.00,0,STAGE_1_PERFORMING,0.29%,2.5x,NAKURU_BR
2025-10-31,STR-LN-103735,TKN-SHA256-20198950,Mary Hassan,ID-HASH-A1AC035677,ASSET-FIN,Vehicle & Asset Finance,2265000.00,1925000.00,79500.00,0,STAGE_1_PERFORMING,0.28%,1.8x,KERICHO_CENTRAL
2025-10-31,STR-LN-103736,TKN-SHA256-5FC19986,Catherine Hassan,ID-HASH-6D161A135F,BOSA-SCH,School Fees Advance,85000.00,17000.00,3000.00,0,STAGE_1_PERFORMING,0.54%,4.8x,ELDORET_BR
2025-10-31,STR-LN-103737,TKN-SHA256-6ADCA6FF,Cosmas Sang,ID-HASH-EC8D9037C1,MSME-WCP,Business Working Capital,1180000.00,567000.00,41500.00,0,STAGE_1_PERFORMING,0.95%,1.8x,KISUMU_BR
2025-10-31,STR-LN-103738,TKN-SHA256-7EC0538E,Tabitha Omondi,ID-HASH-03C54AB165,BOSA-SCH,School Fees Advance,45000.00,20000.00,1500.00,0,STAGE_1_PERFORMING,0.17%,4.3x,KISUMU_BR
2025-10-31,STR-LN-103739,TKN-SHA256-3E374579,Kiprono Mutua,ID-HASH-17174196BD,FOSA-ADV,Salary Advance 30D,80000.00,69000.00,3000.00,0,STAGE_1_PERFORMING,0.35%,1.5x,HQ_NAIROBI
2025-10-31,STR-LN-103740,TKN-SHA256-A9A39D67,Bernard Korir,ID-HASH-66ADEDD09C,BOSA-SCH,School Fees Advance,100000.00,55000.00,3500.00,0,STAGE_1_PERFORMING,0.17%,3.4x,ELDORET_BR
2025-10-31,STR-LN-103741,TKN-SHA256-5E36E72B,David Langat,ID-HASH-D46E179E20,MSME-WCP,Business Working Capital,1605000.00,725000.00,56000.00,0,STAGE_1_PERFORMING,0.93%,1.6x,WESTLANDS
2025-10-31,STR-LN-103742,TKN-SHA256-26D50751,Philemon Cheruiyot,ID-HASH-837E8B4023,MSME-WCP,Business Working Capital,625000.00,401000.00,22000.00,0,STAGE_1_PERFORMING,0.83%,2.0x,UPPER_HILL
2025-10-31,STR-LN-103743,TKN-SHA256-7EF4197A,Alice Ochieng,ID-HASH-B602DC8A7E,ASSET-FIN,Vehicle & Asset Finance,2450000.00,424000.00,86000.00,0,STAGE_1_PERFORMING,0.19%,1.2x,WESTLANDS
2025-10-31,STR-LN-103744,TKN-SHA256-855721F3,Emmanuel Cheruiyot,ID-HASH-A72B080C51,BOSA-SCH,School Fees Advance,230000.00,131000.00,8000.00,0,STAGE_1_PERFORMING,0.53%,5.0x,MOMBASA_BR
2025-10-31,STR-LN-103745,TKN-SHA256-9BF5019E,Jane Langat,ID-HASH-D09024C67D,ASSET-FIN,Vehicle & Asset Finance,3220000.00,1805000.00,112500.00,0,STAGE_1_PERFORMING,0.29%,1.8x,MOMBASA_BR
2025-10-31,STR-LN-103746,TKN-SHA256-35635FAC,Kiprono Njoroge,ID-HASH-038AFA38E0,FOSA-ADV,Salary Advance 30D,140000.00,94000.00,5000.00,0,STAGE_1_PERFORMING,0.51%,1.2x,ELDORET_BR
2025-10-31,STR-LN-103747,TKN-SHA256-3D1CC1CC,John Sang,ID-HASH-1429845936,BOSA-SCH,School Fees Advance,220000.00,146000.00,7500.00,0,STAGE_1_PERFORMING,0.88%,4.5x,NAKURU_BR
2025-10-31,STR-LN-103748,TKN-SHA256-B5D33D45,Peter Otieno,ID-HASH-04EE5CBD43,ASSET-FIN,Vehicle & Asset Finance,1670000.00,1160000.00,58500.00,49,STAGE_2_UNDERPERFORMING,9.69%,1.5x,ELDORET_BR
2025-10-31,STR-LN-103749,TKN-SHA256-404198CA,Emmanuel Kariuki,ID-HASH-0FD9B890F7,AGRI-TEA,Tea & Coffee Farm Development,995000.00,336000.00,35000.00,13,STAGE_1_EARLY_WATCH,3.14%,3.7x,UPPER_HILL
2025-10-31,STR-LN-103750,TKN-SHA256-1CD18066,Tabitha Mutua,ID-HASH-164751B4C3,AGRI-TEA,Tea & Coffee Farm Development,300000.00,242000.00,10500.00,0,STAGE_1_PERFORMING,0.74%,2.9x,WESTLANDS
2025-10-31,STR-LN-103751,TKN-SHA256-049E8B6D,Cosmas Mutua,ID-HASH-C2C34FE8A6,BOSA-SCH,School Fees Advance,220000.00,135000.00,7500.00,0,STAGE_1_PERFORMING,0.73%,4.7x,MOMBASA_BR
2025-10-31,STR-LN-103752,TKN-SHA256-441B23A4,Jane Mwangi,ID-HASH-9EBF563ABD,AGRI-TEA,Tea & Coffee Farm Development,1150000.00,202000.00,40500.00,0,STAGE_1_PERFORMING,0.76%,2.4x,ELDORET_BR
2025-10-31,STR-LN-103753,TKN-SHA256-4BC0E577,Jane Gitonga,ID-HASH-054AD32353,ASSET-FIN,Vehicle & Asset Finance,4935000.00,2209000.00,172500.00,0,STAGE_1_PERFORMING,0.87%,1.5x,HQ_NAIROBI
2025-10-31,STR-LN-103754,TKN-SHA256-477CE5B7,Dennis Rono,ID-HASH-588BFD0128,FOSA-ADV,Salary Advance 30D,110000.00,101000.00,4000.00,5,STAGE_1_EARLY_WATCH,3.71%,1.0x,KISUMU_BR
2025-10-31,STR-LN-103755,TKN-SHA256-7025D9BA,Alice Hassan,ID-HASH-7713BD2297,BOSA-SCH,School Fees Advance,70000.00,62000.00,2500.00,12,STAGE_1_EARLY_WATCH,2.47%,4.6x,WESTLANDS
2025-10-31,STR-LN-103756,TKN-SHA256-D99E8C90,Kiprono Mutua,ID-HASH-2BE10C4D5F,BOSA-EMG,Emergency Medical Facility,70000.00,14000.00,2500.00,159,STAGE_3_NON_PERFORMING,34.72%,2.7x,UPPER_HILL
2025-10-31,STR-LN-103757,TKN-SHA256-83A6EDF9,Tabitha Mutua,ID-HASH-926E509206,MSME-WCP,Business Working Capital,1780000.00,1670000.00,62500.00,0,STAGE_1_PERFORMING,0.76%,2.3x,HQ_NAIROBI
2025-10-31,STR-LN-103758,TKN-SHA256-AEB6CE88,Mary Siele,ID-HASH-FFF8528F10,BOSA-NRM,Development Loan Normal,2625000.00,779000.00,92000.00,39,STAGE_2_UNDERPERFORMING,7.92%,3.1x,HQ_NAIROBI
2025-10-31,STR-LN-103759,TKN-SHA256-C4B7E77B,Stephen Rono,ID-HASH-BC8168E14A,MSME-WCP,Business Working Capital,1715000.00,261000.00,60000.00,7,STAGE_1_EARLY_WATCH,3.28%,2.6x,NAKURU_BR
2025-10-31,STR-LN-103760,TKN-SHA256-D9F9A345,Fatuma Koech,ID-HASH-262ACF7DA5,AGRI-TEA,Tea & Coffee Farm Development,945000.00,861000.00,33000.00,0,STAGE_1_PERFORMING,0.81%,3.2x,NANDI_HILLS
2025-10-31,STR-LN-103761,TKN-SHA256-9E0A6D45,Peter Bett,ID-HASH-6BEC27A3F0,BOSA-NRM,Development Loan Normal,2230000.00,1433000.00,78000.00,13,STAGE_1_EARLY_WATCH,1.50%,2.6x,WESTLANDS
2025-10-31,STR-LN-103762,TKN-SHA256-72E2F76A,Wesley Mutua,ID-HASH-D9D8FE3D41,BOSA-NRM,Development Loan Normal,2360000.00,518000.00,82500.00,22,STAGE_1_EARLY_WATCH,1.45%,2.9x,MOMBASA_BR
2025-10-31,STR-LN-103763,TKN-SHA256-B17357F7,Kiprono Mutua,ID-HASH-0F1F85606E,BOSA-EMG,Emergency Medical Facility,70000.00,43000.00,2500.00,0,STAGE_1_PERFORMING,0.17%,2.4x,NAKURU_BR
2025-10-31,STR-LN-103764,TKN-SHA256-1A2BD1E6,Wesley Rono,ID-HASH-2EEF1770D2,BOSA-NRM,Development Loan Normal,835000.00,582000.00,29000.00,0,STAGE_1_PERFORMING,0.60%,2.9x,NANDI_HILLS
2025-10-31,STR-LN-103765,TKN-SHA256-BD2E9C13,Philemon Njoroge,ID-HASH-24364085C4,BOSA-EMG,Emergency Medical Facility,110000.00,22000.00,4000.00,0,STAGE_1_PERFORMING,0.79%,3.0x,HQ_NAIROBI
2025-10-31,STR-LN-103766,TKN-SHA256-6A9A95B3,Philemon Njoroge,ID-HASH-C6FBF5C64A,BOSA-EMG,Emergency Medical Facility,175000.00,29000.00,6000.00,0,STAGE_1_PERFORMING,0.36%,3.0x,HQ_NAIROBI
2025-10-31,STR-LN-103767,TKN-SHA256-DB7BF53C,Hassan Omondi,ID-HASH-1FEF5C577F,ASSET-FIN,Vehicle & Asset Finance,3055000.00,852000.00,107000.00,0,STAGE_1_PERFORMING,0.17%,1.2x,WESTLANDS
2025-10-31,STR-LN-103768,TKN-SHA256-3D90D7BB,Wesley Achieng,ID-HASH-1B84C93B8A,MSME-WCP,Business Working Capital,1470000.00,1220000.00,51500.00,0,STAGE_1_PERFORMING,0.21%,2.1x,KERICHO_CENTRAL
2025-10-31,STR-LN-103769,TKN-SHA256-D213F100,James Mwangi,ID-HASH-3A42F7A9DD,MSME-WCP,Business Working Capital,480000.00,297000.00,17000.00,0,STAGE_1_PERFORMING,0.44%,2.6x,ELDORET_BR
2025-10-31,STR-LN-103770,TKN-SHA256-FA8A4CFD,Lucy Kamau,ID-HASH-ACEB940D70,MSME-WCP,Business Working Capital,1250000.00,706000.00,44000.00,0,STAGE_1_PERFORMING,0.93%,1.9x,MOMBASA_BR
2025-10-31,STR-LN-103771,TKN-SHA256-CAA0447E,Bernard Mwangi,ID-HASH-F4DD84F0C2,BOSA-SCH,School Fees Advance,75000.00,44000.00,2500.00,0,STAGE_1_PERFORMING,0.41%,4.9x,NANDI_HILLS
2025-10-31,STR-LN-103772,TKN-SHA256-297DEA70,Gladys Njoroge,ID-HASH-9F1F482D31,AGRI-TEA,Tea & Coffee Farm Development,365000.00,319000.00,13000.00,0,STAGE_1_PERFORMING,0.83%,2.2x,HQ_NAIROBI
2025-10-31,STR-LN-103773,TKN-SHA256-86810432,Jane Mutua,ID-HASH-3D4B420E36,MSME-WCP,Business Working Capital,1085000.00,835000.00,38000.00,0,STAGE_1_PERFORMING,0.57%,1.9x,UPPER_HILL
2025-10-31,STR-LN-103774,TKN-SHA256-AAE21D33,David Mwangi,ID-HASH-242AB88EF9,AGRI-TEA,Tea & Coffee Farm Development,1065000.00,610000.00,37500.00,0,STAGE_1_PERFORMING,0.34%,3.7x,ELDORET_BR
2025-10-31,STR-LN-103775,TKN-SHA256-109DB9BB,Wesley Otieno,ID-HASH-3FC5AC7085,FOSA-ADV,Salary Advance 30D,115000.00,76000.00,4000.00,116,STAGE_3_NON_PERFORMING,34.92%,0.9x,NAKURU_BR
2025-10-31,STR-LN-103776,TKN-SHA256-C6058B0A,Dennis Wambui,ID-HASH-7512E9D19F,BOSA-EMG,Emergency Medical Facility,135000.00,51000.00,4500.00,0,STAGE_1_PERFORMING,0.91%,2.7x,BOMET_BRANCH
2025-10-31,STR-LN-103777,TKN-SHA256-4E7EE196,Lucy Achieng,ID-HASH-3FEDAC6D41,FOSA-ADV,Salary Advance 30D,90000.00,62000.00,3000.00,0,STAGE_1_PERFORMING,0.92%,1.6x,UPPER_HILL
2025-10-31,STR-LN-103778,TKN-SHA256-9A111A94,Alice Mwangi,ID-HASH-E74F36B643,ASSET-FIN,Vehicle & Asset Finance,1615000.00,603000.00,56500.00,0,STAGE_1_PERFORMING,0.73%,2.0x,KERICHO_CENTRAL
2025-10-31,STR-LN-103779,TKN-SHA256-CD8E208B,Jane Bett,ID-HASH-EB8E1F66A1,ASSET-FIN,Vehicle & Asset Finance,1310000.00,645000.00,46000.00,14,STAGE_1_EARLY_WATCH,3.07%,1.3x,BOMET_BRANCH
2025-10-31,STR-LN-103780,TKN-SHA256-913E4F43,Philemon Sang,ID-HASH-01801020B5,FOSA-ADV,Salary Advance 30D,90000.00,28000.00,3000.00,0,STAGE_1_PERFORMING,0.16%,1.3x,UPPER_HILL
2025-10-31,STR-LN-103781,TKN-SHA256-4E6DCE88,Tabitha Wambui,ID-HASH-70426A58DB,FOSA-ADV,Salary Advance 30D,90000.00,85000.00,3000.00,54,STAGE_2_UNDERPERFORMING,7.19%,1.6x,KISUMU_BR
2025-10-31,STR-LN-103782,TKN-SHA256-42BD03AB,Alice Cheruiyot,ID-HASH-A61D629C88,BOSA-SCH,School Fees Advance,145000.00,90000.00,5000.00,0,STAGE_1_PERFORMING,0.78%,3.9x,NANDI_HILLS
2025-10-31,STR-LN-103783,TKN-SHA256-4A1C290C,David Njoroge,ID-HASH-080758BEE5,BOSA-NRM,Development Loan Normal,1300000.00,430000.00,45500.00,69,STAGE_2_UNDERPERFORMING,11.77%,3.7x,NAKURU_BR
2025-10-31,STR-LN-103784,TKN-SHA256-52E2FE18,Stephen Cheruiyot,ID-HASH-BA044CADA8,BOSA-SCH,School Fees Advance,235000.00,156000.00,8000.00,0,STAGE_1_PERFORMING,0.62%,4.1x,ELDORET_BR
2025-10-31,STR-LN-103785,TKN-SHA256-BA916581,Tabitha Achieng,ID-HASH-6DB283700C,BOSA-NRM,Development Loan Normal,1220000.00,590000.00,42500.00,52,STAGE_2_UNDERPERFORMING,14.00%,3.5x,WESTLANDS
2025-10-31,STR-LN-103786,TKN-SHA256-364DC66D,Gladys Siele,ID-HASH-40F5C39ACC,MSME-WCP,Business Working Capital,1265000.00,418000.00,44500.00,0,STAGE_1_PERFORMING,0.20%,1.8x,NAKURU_BR
2025-10-31,STR-LN-103787,TKN-SHA256-31108B40,Bernard Kamau,ID-HASH-DE1F0B7B59,AGRI-TEA,Tea & Coffee Farm Development,515000.00,97000.00,18000.00,0,STAGE_1_PERFORMING,0.37%,3.6x,UPPER_HILL
2025-10-31,STR-LN-103788,TKN-SHA256-54A58B33,Gladys Kariuki,ID-HASH-B774123939,AGRI-TEA,Tea & Coffee Farm Development,685000.00,318000.00,24000.00,0,STAGE_1_PERFORMING,0.24%,2.4x,KISUMU_BR
2025-10-31,STR-LN-103789,TKN-SHA256-B9469CAD,Peter Kiptoo,ID-HASH-3B3FD6401A,FOSA-ADV,Salary Advance 30D,60000.00,55000.00,2000.00,0,STAGE_1_PERFORMING,0.30%,1.0x,ELDORET_BR
2025-10-31,STR-LN-103790,TKN-SHA256-0294A579,Bernard Kariuki,ID-HASH-4E3CCDF01C,BOSA-EMG,Emergency Medical Facility,225000.00,189000.00,8000.00,0,STAGE_1_PERFORMING,0.40%,2.0x,HQ_NAIROBI
2025-10-31,STR-LN-103791,TKN-SHA256-C946A5ED,Catherine Hassan,ID-HASH-D08BA700A3,BOSA-EMG,Emergency Medical Facility,70000.00,23000.00,2500.00,0,STAGE_1_PERFORMING,0.86%,2.9x,BOMET_BRANCH
2025-10-31,STR-LN-103792,TKN-SHA256-F4D7084F,Hassan Langat,ID-HASH-528E7766E3,MSME-WCP,Business Working Capital,1395000.00,812000.00,49000.00,0,STAGE_1_PERFORMING,0.50%,2.0x,KERICHO_CENTRAL
2025-10-31,STR-LN-103793,TKN-SHA256-AA0EF563,Peter Hassan,ID-HASH-321CCAB667,BOSA-SCH,School Fees Advance,55000.00,25000.00,2000.00,0,STAGE_1_PERFORMING,0.16%,3.8x,WESTLANDS
2025-10-31,STR-LN-103794,TKN-SHA256-B9FD7CE2,Philemon Koech,ID-HASH-EE02D01E15,BOSA-NRM,Development Loan Normal,3190000.00,3026000.00,111500.00,0,STAGE_1_PERFORMING,0.37%,4.3x,UPPER_HILL
2025-10-31,STR-LN-103795,TKN-SHA256-5A70986D,Beatrice Omondi,ID-HASH-0B1DB48DBE,BOSA-SCH,School Fees Advance,180000.00,119000.00,6500.00,0,STAGE_1_PERFORMING,0.83%,4.2x,HQ_NAIROBI
2025-10-31,STR-LN-103796,TKN-SHA256-67108A44,Bernard Ochieng,ID-HASH-A067A9A2B0,BOSA-NRM,Development Loan Normal,2385000.00,417000.00,83500.00,0,STAGE_1_PERFORMING,0.69%,2.8x,NANDI_HILLS
2025-10-31,STR-LN-103797,TKN-SHA256-FE46101E,Bernard Gitonga,ID-HASH-55BFA44579,BOSA-SCH,School Fees Advance,245000.00,53000.00,8500.00,0,STAGE_1_PERFORMING,0.92%,3.8x,ELDORET_BR
2025-10-31,STR-LN-103798,TKN-SHA256-5DC36E78,Mary Wambui,ID-HASH-391ED92398,BOSA-SCH,School Fees Advance,115000.00,52000.00,4000.00,0,STAGE_1_PERFORMING,0.56%,4.2x,KISUMU_BR
2025-10-31,STR-LN-103799,TKN-SHA256-E510C824,Fatuma Ruto,ID-HASH-404143658D,BOSA-SCH,School Fees Advance,185000.00,148000.00,6500.00,0,STAGE_1_PERFORMING,0.51%,4.5x,WESTLANDS
2025-10-31,STR-LN-103800,TKN-SHA256-555D17C1,Kiprono Cheruiyot,ID-HASH-A3D0E92D63,MSME-WCP,Business Working Capital,1650000.00,1541000.00,58000.00,0,STAGE_1_PERFORMING,0.56%,2.2x,NAKURU_BR
2025-10-31,STR-LN-103801,TKN-SHA256-F94E1D2C,Mercy Wanjiku,ID-HASH-A6D8381C1C,MSME-WCP,Business Working Capital,300000.00,100000.00,10500.00,0,STAGE_1_PERFORMING,0.22%,2.2x,UPPER_HILL
2025-10-31,STR-LN-103802,TKN-SHA256-183D01A9,Catherine Bett,ID-HASH-BF455C3FAC,FOSA-ADV,Salary Advance 30D,130000.00,37000.00,4500.00,79,STAGE_2_UNDERPERFORMING,7.73%,1.3x,NAKURU_BR
2025-10-31,STR-LN-103803,TKN-SHA256-F6599544,David Siele,ID-HASH-27FCD0EDCE,ASSET-FIN,Vehicle & Asset Finance,3665000.00,2041000.00,128500.00,0,STAGE_1_PERFORMING,0.23%,1.4x,KISUMU_BR
2025-10-31,STR-LN-103804,TKN-SHA256-0EAF4D9B,Cosmas Chebet,ID-HASH-6615C45AD1,MSME-WCP,Business Working Capital,255000.00,116000.00,9000.00,0,STAGE_1_PERFORMING,0.45%,2.6x,KISUMU_BR
2025-10-31,STR-LN-103805,TKN-SHA256-7BB5C801,Beatrice Omondi,ID-HASH-F819B1DCCD,ASSET-FIN,Vehicle & Asset Finance,4375000.00,1880000.00,153000.00,0,STAGE_1_PERFORMING,0.81%,1.7x,UPPER_HILL
2025-10-31,STR-LN-103806,TKN-SHA256-1E96C16D,Beatrice Mutua,ID-HASH-E08E0B6BAD,MSME-WCP,Business Working Capital,980000.00,647000.00,34500.00,0,STAGE_1_PERFORMING,0.92%,1.8x,KERICHO_CENTRAL
2025-10-31,STR-LN-103807,TKN-SHA256-D0BF50DB,Fatuma Ruto,ID-HASH-14DBE94389,FOSA-ADV,Salary Advance 30D,115000.00,98000.00,4000.00,40,STAGE_2_UNDERPERFORMING,12.73%,1.0x,WESTLANDS
2025-10-31,STR-LN-103808,TKN-SHA256-CE39E574,Kiprono Cheruiyot,ID-HASH-56CEA90601,BOSA-SCH,School Fees Advance,145000.00,107000.00,5000.00,0,STAGE_1_PERFORMING,0.22%,4.0x,UPPER_HILL
2025-10-31,STR-LN-103809,TKN-SHA256-5AE6CA9E,Dennis Kamau,ID-HASH-4ED2C40763,FOSA-ADV,Salary Advance 30D,110000.00,57000.00,4000.00,0,STAGE_1_PERFORMING,0.44%,1.3x,UPPER_HILL
2025-10-31,STR-LN-103810,TKN-SHA256-0A364843,Grace Njoroge,ID-HASH-B713A67B7D,FOSA-ADV,Salary Advance 30D,135000.00,115000.00,4500.00,17,STAGE_1_EARLY_WATCH,2.29%,1.2x,NANDI_HILLS
2025-10-31,STR-LN-103811,TKN-SHA256-E479AB3C,Hassan Wambui,ID-HASH-7B76B57E42,AGRI-TEA,Tea & Coffee Farm Development,280000.00,49000.00,10000.00,0,STAGE_1_PERFORMING,0.58%,3.2x,UPPER_HILL
2025-10-31,STR-LN-103812,TKN-SHA256-F2E0331B,Grace Omondi,ID-HASH-EFFD17B55A,BOSA-NRM,Development Loan Normal,1015000.00,816000.00,35500.00,0,STAGE_1_PERFORMING,0.28%,2.7x,NANDI_HILLS
2025-10-31,STR-LN-103813,TKN-SHA256-A91BEDCB,Geoffrey Ali,ID-HASH-56F8412338,BOSA-EMG,Emergency Medical Facility,250000.00,165000.00,9000.00,0,STAGE_1_PERFORMING,0.84%,2.8x,MOMBASA_BR
2025-10-31,STR-LN-103814,TKN-SHA256-F4365A05,Catherine Rono,ID-HASH-067C03F2E6,BOSA-SCH,School Fees Advance,225000.00,202000.00,8000.00,0,STAGE_1_PERFORMING,0.28%,3.5x,BOMET_BRANCH
2025-10-31,STR-LN-103815,TKN-SHA256-6B9EC7FB,Jane Rono,ID-HASH-E48E33D6CB,MSME-WCP,Business Working Capital,1445000.00,1211000.00,50500.00,0,STAGE_1_PERFORMING,0.79%,1.7x,HQ_NAIROBI
2025-10-31,STR-LN-103816,TKN-SHA256-843F5F96,Jane Kariuki,ID-HASH-1D8A454C92,BOSA-NRM,Development Loan Normal,1650000.00,1421000.00,58000.00,0,STAGE_1_PERFORMING,0.39%,2.7x,UPPER_HILL
2025-10-31,STR-LN-103817,TKN-SHA256-8F1E7F3F,Mercy Langat,ID-HASH-EF1EF03C96,AGRI-TEA,Tea & Coffee Farm Development,345000.00,255000.00,12000.00,7,STAGE_1_EARLY_WATCH,1.34%,3.4x,NANDI_HILLS
2025-10-31,STR-LN-103818,TKN-SHA256-8C3EF411,Catherine Kariuki,ID-HASH-5857CDADCF,MSME-WCP,Business Working Capital,795000.00,415000.00,28000.00,0,STAGE_1_PERFORMING,0.54%,2.1x,KISUMU_BR
2025-10-31,STR-LN-103819,TKN-SHA256-B3213EAE,Tabitha Langat,ID-HASH-C4B91EF8BB,BOSA-NRM,Development Loan Normal,2105000.00,1004000.00,73500.00,0,STAGE_1_PERFORMING,0.46%,4.2x,WESTLANDS
2025-10-31,STR-LN-103820,TKN-SHA256-C69546B7,Stephen Hassan,ID-HASH-0F02BDF6CF,BOSA-NRM,Development Loan Normal,2335000.00,881000.00,81500.00,0,STAGE_1_PERFORMING,0.26%,2.9x,HQ_NAIROBI
2025-10-31,STR-LN-103821,TKN-SHA256-0950E6C7,John Mwangi,ID-HASH-80B23DB509,MSME-WCP,Business Working Capital,1315000.00,1006000.00,46000.00,0,STAGE_1_PERFORMING,0.60%,1.6x,NAKURU_BR
2025-10-31,STR-LN-103822,TKN-SHA256-82391C86,Fatuma Langat,ID-HASH-56CC8F4F7C,ASSET-FIN,Vehicle & Asset Finance,4160000.00,1314000.00,145500.00,25,STAGE_1_EARLY_WATCH,4.31%,1.3x,UPPER_HILL
2025-10-31,STR-LN-103823,TKN-SHA256-2E270EFF,Lucy Langat,ID-HASH-674EBBB97B,BOSA-EMG,Emergency Medical Facility,105000.00,97000.00,3500.00,28,STAGE_1_EARLY_WATCH,4.44%,2.6x,ELDORET_BR
2025-10-31,STR-LN-103824,TKN-SHA256-16688D2D,Wesley Wambui,ID-HASH-93E4709883,BOSA-NRM,Development Loan Normal,3205000.00,2400000.00,112000.00,0,STAGE_1_PERFORMING,0.43%,2.8x,NAKURU_BR
2025-10-31,STR-LN-103825,TKN-SHA256-96848B0B,Geoffrey Bett,ID-HASH-BE59234A72,ASSET-FIN,Vehicle & Asset Finance,4615000.00,1694000.00,161500.00,0,STAGE_1_PERFORMING,0.66%,1.9x,NAKURU_BR
2025-10-31,STR-LN-103826,TKN-SHA256-10121DAC,Mercy Chebet,ID-HASH-E1DDDB6CB0,BOSA-EMG,Emergency Medical Facility,170000.00,139000.00,6000.00,0,STAGE_1_PERFORMING,0.19%,2.1x,KISUMU_BR
2025-10-31,STR-LN-103827,TKN-SHA256-783FAC21,Beatrice Siele,ID-HASH-4D80E83B79,FOSA-ADV,Salary Advance 30D,85000.00,66000.00,3000.00,0,STAGE_1_PERFORMING,0.81%,1.6x,NAKURU_BR
2025-10-31,STR-LN-103828,TKN-SHA256-1B91A0DA,Cosmas Mutua,ID-HASH-20352D1284,BOSA-SCH,School Fees Advance,220000.00,187000.00,7500.00,0,STAGE_1_PERFORMING,0.82%,4.6x,KISUMU_BR
2025-10-31,STR-LN-103829,TKN-SHA256-290C9F78,Jane Wanjiku,ID-HASH-D103A06E52,FOSA-ADV,Salary Advance 30D,30000.00,16000.00,1000.00,0,STAGE_1_PERFORMING,0.30%,1.0x,ELDORET_BR
2025-10-31,STR-LN-103830,TKN-SHA256-8256E438,Beatrice Wanjiku,ID-HASH-F94E7BCB65,AGRI-TEA,Tea & Coffee Farm Development,325000.00,211000.00,11500.00,0,STAGE_1_PERFORMING,0.23%,3.6x,UPPER_HILL
2025-10-31,STR-LN-103831,TKN-SHA256-AA066018,Kiprono Korir,ID-HASH-EC5309BD71,BOSA-NRM,Development Loan Normal,1560000.00,508000.00,54500.00,0,STAGE_1_PERFORMING,0.89%,3.6x,BOMET_BRANCH
2025-10-31,STR-LN-103832,TKN-SHA256-EE2927EA,Cosmas Otieno,ID-HASH-D061ADF2AA,BOSA-SCH,School Fees Advance,95000.00,18000.00,3500.00,0,STAGE_1_PERFORMING,0.42%,4.7x,MOMBASA_BR
2025-10-31,STR-LN-103833,TKN-SHA256-FAAA2312,Tabitha Langat,ID-HASH-36F768498D,BOSA-NRM,Development Loan Normal,1030000.00,257000.00,36000.00,0,STAGE_1_PERFORMING,0.45%,4.2x,KERICHO_CENTRAL
2025-10-31,STR-LN-103834,TKN-SHA256-2B008F3D,Alice Achieng,ID-HASH-7B3C1FB07B,BOSA-EMG,Emergency Medical Facility,115000.00,72000.00,4000.00,26,STAGE_1_EARLY_WATCH,4.02%,2.5x,HQ_NAIROBI
2025-10-31,STR-LN-103835,TKN-SHA256-2560D3AA,Kiprono Cheruiyot,ID-HASH-3661531C4A,BOSA-SCH,School Fees Advance,205000.00,59000.00,7000.00,0,STAGE_1_PERFORMING,0.40%,3.4x,KERICHO_CENTRAL
2025-10-31,STR-LN-103836,TKN-SHA256-597A9AB2,Alice Njoroge,ID-HASH-D4A3625DA6,BOSA-SCH,School Fees Advance,215000.00,70000.00,7500.00,0,STAGE_1_PERFORMING,0.86%,4.3x,BOMET_BRANCH
2025-10-31,STR-LN-103837,TKN-SHA256-8D4B3534,Beatrice Omondi,ID-HASH-D321FAC1CD,BOSA-SCH,School Fees Advance,45000.00,24000.00,1500.00,0,STAGE_1_PERFORMING,0.30%,3.9x,BOMET_BRANCH
2025-10-31,STR-LN-103838,TKN-SHA256-78A1218C,Emmanuel Omondi,ID-HASH-5B26F9F3DD,FOSA-ADV,Salary Advance 30D,80000.00,32000.00,3000.00,0,STAGE_1_PERFORMING,0.78%,1.3x,ELDORET_BR
2025-10-31,STR-LN-103839,TKN-SHA256-016F88FE,Tabitha Wanjiku,ID-HASH-646CE45CA2,BOSA-SCH,School Fees Advance,140000.00,35000.00,5000.00,0,STAGE_1_PERFORMING,0.51%,3.7x,NAKURU_BR
2025-10-31,STR-LN-103840,TKN-SHA256-CD31E1FA,Fatuma Omondi,ID-HASH-D0D92F825C,ASSET-FIN,Vehicle & Asset Finance,2090000.00,1267000.00,73000.00,0,STAGE_1_PERFORMING,0.23%,1.2x,ELDORET_BR
2025-10-31,STR-LN-103841,TKN-SHA256-A01EA0E7,Grace Kiptoo,ID-HASH-78DE508433,AGRI-TEA,Tea & Coffee Farm Development,440000.00,305000.00,15500.00,0,STAGE_1_PERFORMING,0.23%,3.1x,ELDORET_BR
2025-10-31,STR-LN-103842,TKN-SHA256-856DEFC5,Jane Sang,ID-HASH-D9D27819A5,BOSA-SCH,School Fees Advance,105000.00,58000.00,3500.00,0,STAGE_1_PERFORMING,0.36%,5.1x,BOMET_BRANCH
2025-10-31,STR-LN-103843,TKN-SHA256-0B83855C,Tabitha Ruto,ID-HASH-BD8F2D084F,ASSET-FIN,Vehicle & Asset Finance,3330000.00,1586000.00,116500.00,0,STAGE_1_PERFORMING,0.33%,1.9x,HQ_NAIROBI
2025-10-31,STR-LN-103844,TKN-SHA256-A3439367,Mercy Gitonga,ID-HASH-86F6863530,BOSA-EMG,Emergency Medical Facility,275000.00,119000.00,9500.00,0,STAGE_1_PERFORMING,0.69%,2.5x,ELDORET_BR
2025-10-31,STR-LN-103845,TKN-SHA256-7525E47B,Geoffrey Koech,ID-HASH-204262C8A8,BOSA-NRM,Development Loan Normal,1235000.00,460000.00,43000.00,0,STAGE_1_PERFORMING,0.37%,2.8x,BOMET_BRANCH
2025-10-31,STR-LN-103846,TKN-SHA256-E3DEACE7,James Cheruiyot,ID-HASH-E7F3E81FAF,MSME-WCP,Business Working Capital,1535000.00,1341000.00,53500.00,11,STAGE_1_EARLY_WATCH,1.90%,1.9x,ELDORET_BR
2025-10-31,STR-LN-103847,TKN-SHA256-20F3F7F8,Peter Ruto,ID-HASH-F4FB3598FE,ASSET-FIN,Vehicle & Asset Finance,3535000.00,902000.00,123500.00,0,STAGE_1_PERFORMING,0.67%,1.3x,HQ_NAIROBI
2025-10-31,STR-LN-103848,TKN-SHA256-38BE269B,John Rono,ID-HASH-0670D82EE5,BOSA-NRM,Development Loan Normal,2015000.00,1781000.00,70500.00,0,STAGE_1_PERFORMING,0.85%,4.2x,UPPER_HILL
2025-10-31,STR-LN-103849,TKN-SHA256-79ADB2F2,Dennis Otieno,ID-HASH-582AC77D03,FOSA-ADV,Salary Advance 30D,120000.00,94000.00,4000.00,0,STAGE_1_PERFORMING,0.45%,1.4x,MOMBASA_BR
2025-10-31,STR-LN-103850,TKN-SHA256-1D1EA33A,Cosmas Sang,ID-HASH-4F58EBEBAD,BOSA-SCH,School Fees Advance,115000.00,54000.00,4000.00,0,STAGE_1_PERFORMING,0.68%,4.3x,KISUMU_BR
2025-10-31,STR-LN-103851,TKN-SHA256-19DAFE3D,Kiprono Wambui,ID-HASH-C046DAC46D,BOSA-SCH,School Fees Advance,105000.00,29000.00,3500.00,98,STAGE_3_NON_PERFORMING,34.32%,3.6x,WESTLANDS
2025-10-31,STR-LN-103852,TKN-SHA256-9B1EBC0B,Wesley Ochieng,ID-HASH-1AE68AE34B,BOSA-EMG,Emergency Medical Facility,90000.00,54000.00,3000.00,0,STAGE_1_PERFORMING,0.88%,2.0x,NAKURU_BR
2025-10-31,STR-LN-103853,TKN-SHA256-A7C5F42C,Lucy Korir,ID-HASH-24AE54958D,AGRI-TEA,Tea & Coffee Farm Development,575000.00,430000.00,20000.00,0,STAGE_1_PERFORMING,0.67%,3.7x,WESTLANDS
2025-10-31,STR-LN-103854,TKN-SHA256-7F6299F6,Kiprono Rono,ID-HASH-3880A7E2A2,AGRI-TEA,Tea & Coffee Farm Development,970000.00,444000.00,34000.00,0,STAGE_1_PERFORMING,0.38%,3.3x,NAKURU_BR
2025-10-31,STR-LN-103855,TKN-SHA256-10278576,Fatuma Hassan,ID-HASH-A4F115793B,MSME-WCP,Business Working Capital,830000.00,211000.00,29000.00,0,STAGE_1_PERFORMING,0.76%,1.8x,BOMET_BRANCH
2025-10-31,STR-LN-103856,TKN-SHA256-F4268911,Lucy Sang,ID-HASH-BB0E158782,BOSA-EMG,Emergency Medical Facility,285000.00,114000.00,10000.00,26,STAGE_1_EARLY_WATCH,3.60%,1.9x,WESTLANDS
2025-10-31,STR-LN-103857,TKN-SHA256-6BE653C7,Lucy Kariuki,ID-HASH-1320716231,ASSET-FIN,Vehicle & Asset Finance,2220000.00,511000.00,77500.00,0,STAGE_1_PERFORMING,0.41%,1.6x,MOMBASA_BR
2025-10-31,STR-LN-103858,TKN-SHA256-376ACF88,James Kimani,ID-HASH-DF32810B28,AGRI-TEA,Tea & Coffee Farm Development,165000.00,103000.00,6000.00,0,STAGE_1_PERFORMING,0.78%,2.6x,KISUMU_BR
2025-10-31,STR-LN-103859,TKN-SHA256-14B451E3,David Mutua,ID-HASH-034D946A4B,BOSA-SCH,School Fees Advance,140000.00,24000.00,5000.00,0,STAGE_1_PERFORMING,0.73%,3.6x,KISUMU_BR
2025-10-31,STR-LN-103860,TKN-SHA256-53759458,Kiprono Cheruiyot,ID-HASH-50389A46EE,BOSA-SCH,School Fees Advance,150000.00,131000.00,5500.00,0,STAGE_1_PERFORMING,0.25%,3.0x,MOMBASA_BR
2025-10-31,STR-LN-103861,TKN-SHA256-BE4BE4F4,Tabitha Sang,ID-HASH-BD98710FCF,MSME-WCP,Business Working Capital,1240000.00,933000.00,43500.00,0,STAGE_1_PERFORMING,0.64%,2.0x,BOMET_BRANCH
2025-10-31,STR-LN-103862,TKN-SHA256-3AF636FD,Beatrice Gitonga,ID-HASH-F4AE845D9C,ASSET-FIN,Vehicle & Asset Finance,4005000.00,3235000.00,140000.00,0,STAGE_1_PERFORMING,0.30%,1.8x,MOMBASA_BR
2025-10-31,STR-LN-103863,TKN-SHA256-29A4B85A,Beatrice Kiptoo,ID-HASH-C56B9FC86C,BOSA-SCH,School Fees Advance,110000.00,43000.00,4000.00,0,STAGE_1_PERFORMING,0.77%,4.4x,HQ_NAIROBI
2025-10-31,STR-LN-103864,TKN-SHA256-5F6E0A34,Philemon Ali,ID-HASH-23D71F9794,MSME-WCP,Business Working Capital,310000.00,213000.00,11000.00,0,STAGE_1_PERFORMING,0.23%,2.2x,UPPER_HILL
2025-10-31,STR-LN-103865,TKN-SHA256-E38D8733,David Rono,ID-HASH-9DD897E965,FOSA-ADV,Salary Advance 30D,100000.00,85000.00,3500.00,0,STAGE_1_PERFORMING,0.89%,1.1x,NAKURU_BR
2025-10-31,STR-LN-103866,TKN-SHA256-A9FB97E8,Emmanuel Kamau,ID-HASH-015FA1CB93,AGRI-TEA,Tea & Coffee Farm Development,785000.00,336000.00,27500.00,0,STAGE_1_PERFORMING,0.60%,3.0x,HQ_NAIROBI
2025-10-31,STR-LN-103867,TKN-SHA256-28C179B0,Bernard Ochieng,ID-HASH-6645314280,MSME-WCP,Business Working Capital,1075000.00,196000.00,37500.00,152,STAGE_3_NON_PERFORMING,26.08%,2.6x,HQ_NAIROBI
2025-10-31,STR-LN-103868,TKN-SHA256-2C2D9E67,Alice Njoroge,ID-HASH-38D3C92355,BOSA-NRM,Development Loan Normal,1240000.00,461000.00,43500.00,6,STAGE_1_EARLY_WATCH,2.17%,2.4x,HQ_NAIROBI
2025-10-31,STR-LN-103869,TKN-SHA256-F12E03EF,Cosmas Otieno,ID-HASH-19D638930C,FOSA-ADV,Salary Advance 30D,80000.00,60000.00,3000.00,0,STAGE_1_PERFORMING,0.83%,1.2x,HQ_NAIROBI
2025-10-31,STR-LN-103870,TKN-SHA256-D788B45E,Bernard Bett,ID-HASH-7D95EF6FDA,BOSA-NRM,Development Loan Normal,1610000.00,907000.00,56500.00,0,STAGE_1_PERFORMING,0.93%,3.9x,NANDI_HILLS
2025-10-31,STR-LN-103871,TKN-SHA256-89AF0A1D,Catherine Wambui,ID-HASH-0648554EA7,FOSA-ADV,Salary Advance 30D,60000.00,36000.00,2000.00,0,STAGE_1_PERFORMING,0.76%,0.9x,UPPER_HILL
2025-10-31,STR-LN-103872,TKN-SHA256-4A381B91,Emmanuel Otieno,ID-HASH-98175E419D,FOSA-ADV,Salary Advance 30D,60000.00,49000.00,2000.00,0,STAGE_1_PERFORMING,0.55%,1.4x,ELDORET_BR
2025-10-31,STR-LN-103873,TKN-SHA256-1219E353,Kiprono Omondi,ID-HASH-8EAB778968,BOSA-EMG,Emergency Medical Facility,290000.00,88000.00,10000.00,0,STAGE_1_PERFORMING,0.69%,3.3x,KERICHO_CENTRAL
2025-10-31,STR-LN-103874,TKN-SHA256-F9116DC7,Lucy Koech,ID-HASH-4F58131D70,ASSET-FIN,Vehicle & Asset Finance,3730000.00,1135000.00,130500.00,0,STAGE_1_PERFORMING,0.38%,1.6x,MOMBASA_BR
2025-10-31,STR-LN-103875,TKN-SHA256-536899BE,Philemon Langat,ID-HASH-269D27E87A,FOSA-ADV,Salary Advance 30D,85000.00,62000.00,3000.00,0,STAGE_1_PERFORMING,0.50%,1.0x,KERICHO_CENTRAL
2025-10-31,STR-LN-103876,TKN-SHA256-E2E2FB32,David Omondi,ID-HASH-B5ADDB3030,ASSET-FIN,Vehicle & Asset Finance,3480000.00,2181000.00,122000.00,0,STAGE_1_PERFORMING,0.62%,2.0x,KISUMU_BR
2025-10-31,STR-LN-103877,TKN-SHA256-80CE3111,David Langat,ID-HASH-71D0B9AF2B,AGRI-TEA,Tea & Coffee Farm Development,455000.00,315000.00,16000.00,0,STAGE_1_PERFORMING,0.77%,3.0x,NANDI_HILLS
2025-10-31,STR-LN-103878,TKN-SHA256-ABEE4D39,John Wambui,ID-HASH-6B848500ED,MSME-WCP,Business Working Capital,1060000.00,188000.00,37000.00,0,STAGE_1_PERFORMING,0.33%,1.7x,NAKURU_BR
2025-10-31,STR-LN-103879,TKN-SHA256-78110BB5,Tabitha Kimani,ID-HASH-BEA3E63660,BOSA-NRM,Development Loan Normal,1670000.00,1054000.00,58500.00,0,STAGE_1_PERFORMING,0.47%,3.6x,KISUMU_BR
2025-10-31,STR-LN-103880,TKN-SHA256-34581C38,David Cheruiyot,ID-HASH-73202D33E7,ASSET-FIN,Vehicle & Asset Finance,4720000.00,1263000.00,165000.00,130,STAGE_3_NON_PERFORMING,22.61%,2.0x,WESTLANDS
2025-10-31,STR-LN-103881,TKN-SHA256-51546C8E,David Omondi,ID-HASH-F388BF605F,BOSA-SCH,School Fees Advance,70000.00,63000.00,2500.00,0,STAGE_1_PERFORMING,0.44%,4.3x,WESTLANDS
2025-10-31,STR-LN-103882,TKN-SHA256-42ECFFBA,Bernard Cheruiyot,ID-HASH-1E0AC43981,BOSA-NRM,Development Loan Normal,570000.00,333000.00,20000.00,0,STAGE_1_PERFORMING,0.65%,4.3x,NANDI_HILLS
2025-10-31,STR-LN-103883,TKN-SHA256-B2A42EED,John Langat,ID-HASH-EF75DB926D,BOSA-NRM,Development Loan Normal,2330000.00,1904000.00,81500.00,0,STAGE_1_PERFORMING,0.30%,3.9x,HQ_NAIROBI
2025-10-31,STR-LN-103884,TKN-SHA256-28819BCD,Peter Ali,ID-HASH-A0E5A8D4A3,BOSA-NRM,Development Loan Normal,3190000.00,1584000.00,111500.00,0,STAGE_1_PERFORMING,0.20%,3.5x,NAKURU_BR
2025-10-31,STR-LN-103885,TKN-SHA256-19E86C25,James Mwangi,ID-HASH-7F25D398B8,ASSET-FIN,Vehicle & Asset Finance,4630000.00,1615000.00,162000.00,0,STAGE_1_PERFORMING,0.85%,1.8x,KISUMU_BR
2025-10-31,STR-LN-103886,TKN-SHA256-33D86A10,James Kimani,ID-HASH-FB4962A386,FOSA-ADV,Salary Advance 30D,130000.00,116000.00,4500.00,0,STAGE_1_PERFORMING,0.27%,1.2x,NANDI_HILLS
2025-10-31,STR-LN-103887,TKN-SHA256-41AE9843,Dennis Njoroge,ID-HASH-377E2FAFBD,BOSA-SCH,School Fees Advance,215000.00,99000.00,7500.00,0,STAGE_1_PERFORMING,0.42%,4.3x,WESTLANDS
2025-10-31,STR-LN-103888,TKN-SHA256-4DE7606A,Bernard Ochieng,ID-HASH-1855A639FE,AGRI-TEA,Tea & Coffee Farm Development,710000.00,610000.00,25000.00,0,STAGE_1_PERFORMING,0.24%,2.7x,HQ_NAIROBI
2025-10-31,STR-LN-103889,TKN-SHA256-7CCAE72D,Gladys Hassan,ID-HASH-B253C0D983,BOSA-SCH,School Fees Advance,165000.00,67000.00,6000.00,0,STAGE_1_PERFORMING,0.64%,4.2x,KERICHO_CENTRAL
2025-10-31,STR-LN-103890,TKN-SHA256-3F9C9068,Catherine Njoroge,ID-HASH-54953C1078,MSME-WCP,Business Working Capital,1265000.00,1142000.00,44500.00,0,STAGE_1_PERFORMING,0.81%,1.9x,UPPER_HILL
2025-10-31,STR-LN-103891,TKN-SHA256-2C89F40B,Hassan Hassan,ID-HASH-C22464B2A6,ASSET-FIN,Vehicle & Asset Finance,2185000.00,759000.00,76500.00,0,STAGE_1_PERFORMING,0.57%,1.8x,BOMET_BRANCH
2025-10-31,STR-LN-103892,TKN-SHA256-37B1CF38,Dennis Langat,ID-HASH-E65F3FF5AB,MSME-WCP,Business Working Capital,1690000.00,767000.00,59000.00,0,STAGE_1_PERFORMING,0.68%,1.7x,KERICHO_CENTRAL
2025-10-31,STR-LN-103893,TKN-SHA256-A8938841,Philemon Ochieng,ID-HASH-3A89C068C8,FOSA-ADV,Salary Advance 30D,90000.00,48000.00,3000.00,3,STAGE_1_EARLY_WATCH,4.43%,1.1x,KISUMU_BR
2025-10-31,STR-LN-103894,TKN-SHA256-D60B2909,Jane Kariuki,ID-HASH-D4FA2A73D3,FOSA-ADV,Salary Advance 30D,125000.00,78000.00,4500.00,0,STAGE_1_PERFORMING,0.89%,1.1x,KERICHO_CENTRAL
2025-10-31,STR-LN-103895,TKN-SHA256-3CBF685F,Beatrice Langat,ID-HASH-719FDBBA58,ASSET-FIN,Vehicle & Asset Finance,2565000.00,1219000.00,90000.00,0,STAGE_1_PERFORMING,0.87%,2.0x,BOMET_BRANCH
2025-10-31,STR-LN-103896,TKN-SHA256-D9D917E7,David Ochieng,ID-HASH-1E25C6C739,BOSA-EMG,Emergency Medical Facility,75000.00,61000.00,2500.00,0,STAGE_1_PERFORMING,0.65%,2.3x,ELDORET_BR
2025-10-31,STR-LN-103897,TKN-SHA256-BB9157E1,Emmanuel Sang,ID-HASH-9209F76B6D,BOSA-EMG,Emergency Medical Facility,90000.00,30000.00,3000.00,0,STAGE_1_PERFORMING,0.45%,3.1x,BOMET_BRANCH
2025-10-31,STR-LN-103898,TKN-SHA256-A401F406,Dennis Korir,ID-HASH-830EC402EC,BOSA-SCH,School Fees Advance,70000.00,43000.00,2500.00,0,STAGE_1_PERFORMING,0.19%,3.4x,MOMBASA_BR
2025-10-31,STR-LN-103899,TKN-SHA256-62A38999,Beatrice Rono,ID-HASH-96F47F68CA,FOSA-ADV,Salary Advance 30D,70000.00,56000.00,2500.00,32,STAGE_2_UNDERPERFORMING,8.41%,0.9x,UPPER_HILL
2025-10-31,STR-LN-103900,TKN-SHA256-65DBC067,Fatuma Hassan,ID-HASH-52EED40B39,AGRI-TEA,Tea & Coffee Farm Development,205000.00,114000.00,7000.00,0,STAGE_1_PERFORMING,0.58%,3.0x,MOMBASA_BR
2025-10-31,STR-LN-103901,TKN-SHA256-017FB50D,Emmanuel Wanjiku,ID-HASH-CEF1F6B243,BOSA-SCH,School Fees Advance,225000.00,97000.00,8000.00,0,STAGE_1_PERFORMING,0.83%,4.6x,ELDORET_BR
2025-10-31,STR-LN-103902,TKN-SHA256-2A561888,Gladys Wambui,ID-HASH-223B4C0616,FOSA-ADV,Salary Advance 30D,75000.00,33000.00,2500.00,0,STAGE_1_PERFORMING,0.22%,1.6x,BOMET_BRANCH
2025-10-31,STR-LN-103903,TKN-SHA256-BD7F3C8F,Cosmas Wambui,ID-HASH-5C31CF7BD7,BOSA-NRM,Development Loan Normal,680000.00,294000.00,24000.00,0,STAGE_1_PERFORMING,0.90%,3.3x,UPPER_HILL
2025-10-31,STR-LN-103904,TKN-SHA256-AB06EA64,Wesley Siele,ID-HASH-D513F9075A,AGRI-TEA,Tea & Coffee Farm Development,795000.00,169000.00,28000.00,0,STAGE_1_PERFORMING,0.90%,3.6x,BOMET_BRANCH
2025-10-31,STR-LN-103905,TKN-SHA256-D1738CAC,Alice Wambui,ID-HASH-C9105FA6CE,BOSA-EMG,Emergency Medical Facility,90000.00,58000.00,3000.00,0,STAGE_1_PERFORMING,0.66%,3.1x,HQ_NAIROBI
2025-10-31,STR-LN-103906,TKN-SHA256-F868FFA6,Wesley Omondi,ID-HASH-EF5D344075,FOSA-ADV,Salary Advance 30D,125000.00,40000.00,4500.00,0,STAGE_1_PERFORMING,0.85%,1.2x,ELDORET_BR
2025-10-31,STR-LN-103907,TKN-SHA256-F89485A7,Peter Omondi,ID-HASH-B734B2A34C,MSME-WCP,Business Working Capital,1045000.00,611000.00,36500.00,43,STAGE_2_UNDERPERFORMING,7.45%,1.6x,KERICHO_CENTRAL
2025-10-31,STR-LN-103908,TKN-SHA256-445B8B23,John Kimani,ID-HASH-AF040687B6,AGRI-TEA,Tea & Coffee Farm Development,250000.00,59000.00,9000.00,8,STAGE_1_EARLY_WATCH,1.31%,3.5x,UPPER_HILL
2025-10-31,STR-LN-103909,TKN-SHA256-97483F75,Philemon Mwangi,ID-HASH-9B8643EF5E,AGRI-TEA,Tea & Coffee Farm Development,185000.00,122000.00,6500.00,0,STAGE_1_PERFORMING,0.30%,3.1x,MOMBASA_BR
2025-10-31,STR-LN-103910,TKN-SHA256-55FE5769,Cosmas Kiptoo,ID-HASH-5ADB444F84,ASSET-FIN,Vehicle & Asset Finance,3815000.00,2090000.00,133500.00,0,STAGE_1_PERFORMING,0.30%,1.5x,MOMBASA_BR
2025-10-31,STR-LN-103911,TKN-SHA256-696A1711,David Achieng,ID-HASH-AD124BEAB1,MSME-WCP,Business Working Capital,1740000.00,1254000.00,61000.00,0,STAGE_1_PERFORMING,0.66%,2.0x,KISUMU_BR
2025-10-31,STR-LN-103912,TKN-SHA256-04F7CF62,Alice Mwangi,ID-HASH-3A4D86FEEB,BOSA-NRM,Development Loan Normal,3270000.00,703000.00,114500.00,0,STAGE_1_PERFORMING,0.68%,2.9x,WESTLANDS
2025-10-31,STR-LN-103913,TKN-SHA256-A102BEE5,Samuel Chebet,ID-HASH-CE4857EF4F,AGRI-TEA,Tea & Coffee Farm Development,425000.00,362000.00,15000.00,66,STAGE_2_UNDERPERFORMING,9.52%,2.9x,UPPER_HILL
2025-10-31,STR-LN-103914,TKN-SHA256-B1DEC5F3,John Siele,ID-HASH-F8660B2142,AGRI-TEA,Tea & Coffee Farm Development,510000.00,370000.00,18000.00,0,STAGE_1_PERFORMING,0.16%,2.5x,UPPER_HILL
2025-10-31,STR-LN-103915,TKN-SHA256-5FA46859,Lucy Otieno,ID-HASH-C2E287BDC7,BOSA-SCH,School Fees Advance,110000.00,88000.00,4000.00,0,STAGE_1_PERFORMING,0.35%,4.4x,WESTLANDS
2025-10-31,STR-LN-103916,TKN-SHA256-1CB28024,Hassan Chebet,ID-HASH-196D4E6A7F,BOSA-EMG,Emergency Medical Facility,70000.00,30000.00,2500.00,0,STAGE_1_PERFORMING,0.88%,2.1x,HQ_NAIROBI
2025-10-31,STR-LN-103917,TKN-SHA256-087CA2EA,Bernard Sang,ID-HASH-00E741DBEB,BOSA-NRM,Development Loan Normal,2680000.00,411000.00,94000.00,0,STAGE_1_PERFORMING,0.69%,4.0x,BOMET_BRANCH
2025-10-31,STR-LN-103918,TKN-SHA256-E12C51E0,Mercy Kimani,ID-HASH-6163BEDE71,FOSA-ADV,Salary Advance 30D,140000.00,103000.00,5000.00,0,STAGE_1_PERFORMING,0.52%,1.5x,UPPER_HILL
2025-10-31,STR-LN-103919,TKN-SHA256-04250619,Lucy Sang,ID-HASH-2819FAEBA0,FOSA-ADV,Salary Advance 30D,80000.00,32000.00,3000.00,0,STAGE_1_PERFORMING,0.65%,1.1x,NANDI_HILLS
2025-10-31,STR-LN-103920,TKN-SHA256-022C3B08,Jane Kamau,ID-HASH-D8127309FE,BOSA-NRM,Development Loan Normal,2625000.00,2240000.00,92000.00,0,STAGE_1_PERFORMING,0.67%,3.8x,KISUMU_BR
2025-10-31,STR-LN-103921,TKN-SHA256-48CE4285,Fatuma Cheruiyot,ID-HASH-6D53672F4F,BOSA-SCH,School Fees Advance,140000.00,112000.00,5000.00,0,STAGE_1_PERFORMING,0.19%,4.3x,HQ_NAIROBI
2025-10-31,STR-LN-103922,TKN-SHA256-AB476BC2,Wesley Kamau,ID-HASH-90CF042F2E,BOSA-EMG,Emergency Medical Facility,205000.00,63000.00,7000.00,0,STAGE_1_PERFORMING,0.17%,2.9x,KERICHO_CENTRAL
2025-10-31,STR-LN-103923,TKN-SHA256-0DF69CDA,Jane Njoroge,ID-HASH-40B052F2E7,AGRI-TEA,Tea & Coffee Farm Development,980000.00,931000.00,34500.00,49,STAGE_2_UNDERPERFORMING,9.80%,3.0x,KERICHO_CENTRAL
2025-10-31,STR-LN-103924,TKN-SHA256-71EDEC01,Emmanuel Kiptoo,ID-HASH-5D3AAA65FC,ASSET-FIN,Vehicle & Asset Finance,1810000.00,453000.00,63500.00,0,STAGE_1_PERFORMING,0.60%,1.6x,WESTLANDS
2025-10-31,STR-LN-103925,TKN-SHA256-808C2A86,James Mutua,ID-HASH-0A1A18B35F,MSME-WCP,Business Working Capital,1000000.00,531000.00,35000.00,0,STAGE_1_PERFORMING,0.43%,2.3x,KISUMU_BR
2025-10-31,STR-LN-103926,TKN-SHA256-21E4DD82,Emmanuel Kamau,ID-HASH-07630FDDC7,BOSA-NRM,Development Loan Normal,2585000.00,676000.00,90500.00,0,STAGE_1_PERFORMING,0.25%,3.4x,NANDI_HILLS
2025-10-31,STR-LN-103927,TKN-SHA256-7D001D0D,Jane Kimani,ID-HASH-152AC23B00,AGRI-TEA,Tea & Coffee Farm Development,870000.00,696000.00,30500.00,0,STAGE_1_PERFORMING,0.54%,3.7x,MOMBASA_BR
2025-10-31,STR-LN-103928,TKN-SHA256-31959AE1,Stephen Langat,ID-HASH-F0362B451A,AGRI-TEA,Tea & Coffee Farm Development,315000.00,267000.00,11000.00,0,STAGE_1_PERFORMING,0.44%,3.6x,WESTLANDS
2025-10-31,STR-LN-103929,TKN-SHA256-477F68B7,Mercy Mutua,ID-HASH-58C8F32002,AGRI-TEA,Tea & Coffee Farm Development,1155000.00,1082000.00,40500.00,0,STAGE_1_PERFORMING,0.76%,2.4x,HQ_NAIROBI
2025-10-31,STR-LN-103930,TKN-SHA256-7F99D9E1,Lucy Achieng,ID-HASH-A9810D1E00,AGRI-TEA,Tea & Coffee Farm Development,830000.00,499000.00,29000.00,0,STAGE_1_PERFORMING,0.30%,3.1x,NAKURU_BR
2025-10-31,STR-LN-103931,TKN-SHA256-7BA96D18,Jane Siele,ID-HASH-CDADF863A5,MSME-WCP,Business Working Capital,1555000.00,1148000.00,54500.00,0,STAGE_1_PERFORMING,0.58%,1.9x,BOMET_BRANCH
2025-10-31,STR-LN-103932,TKN-SHA256-4FE232D7,Philemon Rono,ID-HASH-01EE2893BF,BOSA-SCH,School Fees Advance,130000.00,69000.00,4500.00,0,STAGE_1_PERFORMING,0.32%,3.6x,HQ_NAIROBI
2025-10-31,STR-LN-103933,TKN-SHA256-AC50C5D0,Kiprono Gitonga,ID-HASH-69604A220F,MSME-WCP,Business Working Capital,1120000.00,882000.00,39000.00,0,STAGE_1_PERFORMING,0.93%,1.5x,ELDORET_BR
2025-10-31,STR-LN-103934,TKN-SHA256-5D20E348,Beatrice Hassan,ID-HASH-80A740F6DD,FOSA-ADV,Salary Advance 30D,120000.00,28000.00,4000.00,0,STAGE_1_PERFORMING,0.64%,1.5x,MOMBASA_BR
2025-10-31,STR-LN-103935,TKN-SHA256-6B03D3D3,Grace Rono,ID-HASH-6DE180A93A,BOSA-SCH,School Fees Advance,150000.00,95000.00,5500.00,0,STAGE_1_PERFORMING,0.27%,3.2x,KISUMU_BR
2025-10-31,STR-LN-103936,TKN-SHA256-FA1E85D9,Gladys Korir,ID-HASH-3BF4E4D041,MSME-WCP,Business Working Capital,565000.00,289000.00,20000.00,0,STAGE_1_PERFORMING,0.18%,1.9x,KERICHO_CENTRAL
2025-10-31,STR-LN-103937,TKN-SHA256-1EB0C2CA,Dennis Gitonga,ID-HASH-94B7E88913,AGRI-TEA,Tea & Coffee Farm Development,195000.00,30000.00,7000.00,0,STAGE_1_PERFORMING,0.72%,2.3x,MOMBASA_BR
2025-10-31,STR-LN-103938,TKN-SHA256-CC92EBAB,Alice Langat,ID-HASH-E3EDD1664E,BOSA-SCH,School Fees Advance,60000.00,22000.00,2000.00,0,STAGE_1_PERFORMING,0.29%,4.3x,NANDI_HILLS
2025-10-31,STR-LN-103939,TKN-SHA256-E327DC2A,Stephen Rono,ID-HASH-BDCC660B78,BOSA-NRM,Development Loan Normal,2585000.00,1902000.00,90500.00,0,STAGE_1_PERFORMING,0.62%,3.0x,NANDI_HILLS
2025-10-31,STR-LN-103940,TKN-SHA256-29F67D98,Dennis Wanjiku,ID-HASH-7F4D9312B9,AGRI-TEA,Tea & Coffee Farm Development,1020000.00,213000.00,35500.00,0,STAGE_1_PERFORMING,0.60%,2.6x,ELDORET_BR
2025-10-31,STR-LN-103941,TKN-SHA256-1F3A9C79,David Kiptoo,ID-HASH-D433813C2B,BOSA-SCH,School Fees Advance,165000.00,103000.00,6000.00,30,STAGE_2_UNDERPERFORMING,12.20%,3.9x,HQ_NAIROBI
2025-10-31,STR-LN-103942,TKN-SHA256-261635E6,John Ruto,ID-HASH-E67266D56A,ASSET-FIN,Vehicle & Asset Finance,2360000.00,1303000.00,82500.00,0,STAGE_1_PERFORMING,0.15%,1.4x,ELDORET_BR
2025-10-31,STR-LN-103943,TKN-SHA256-3E758408,Grace Langat,ID-HASH-0A3D6A524F,ASSET-FIN,Vehicle & Asset Finance,4470000.00,4034000.00,156500.00,0,STAGE_1_PERFORMING,0.75%,2.0x,BOMET_BRANCH
2025-10-31,STR-LN-103944,TKN-SHA256-A0ECB8A3,Lucy Langat,ID-HASH-13399889F0,BOSA-NRM,Development Loan Normal,2730000.00,930000.00,95500.00,0,STAGE_1_PERFORMING,0.89%,3.4x,KISUMU_BR
2025-10-31,STR-LN-103945,TKN-SHA256-7BDB38E9,Grace Sang,ID-HASH-A2F89070D7,MSME-WCP,Business Working Capital,635000.00,495000.00,22000.00,0,STAGE_1_PERFORMING,0.16%,2.1x,MOMBASA_BR
2025-10-31,STR-LN-103946,TKN-SHA256-BD58E70E,Samuel Langat,ID-HASH-FFC384A6FC,BOSA-EMG,Emergency Medical Facility,235000.00,60000.00,8000.00,0,STAGE_1_PERFORMING,0.50%,2.7x,KISUMU_BR
2025-10-31,STR-LN-103947,TKN-SHA256-257B788F,Cosmas Mwangi,ID-HASH-DCA53B5384,BOSA-SCH,School Fees Advance,110000.00,75000.00,4000.00,0,STAGE_1_PERFORMING,0.16%,3.4x,MOMBASA_BR
2025-10-31,STR-LN-103948,TKN-SHA256-61EAC53A,Peter Bett,ID-HASH-275C8CB63A,BOSA-NRM,Development Loan Normal,925000.00,742000.00,32500.00,0,STAGE_1_PERFORMING,0.77%,4.3x,UPPER_HILL
2025-10-31,STR-LN-103949,TKN-SHA256-86955FDB,Stephen Kimani,ID-HASH-11F9FDDF7C,BOSA-EMG,Emergency Medical Facility,85000.00,63000.00,3000.00,0,STAGE_1_PERFORMING,0.25%,2.7x,WESTLANDS
2025-10-31,STR-LN-103950,TKN-SHA256-2022CA5E,Stephen Langat,ID-HASH-8408BCDF34,FOSA-ADV,Salary Advance 30D,130000.00,43000.00,4500.00,0,STAGE_1_PERFORMING,0.57%,1.3x,UPPER_HILL
2025-10-31,STR-LN-103951,TKN-SHA256-6E42B054,Mary Otieno,ID-HASH-01526ADAD5,BOSA-EMG,Emergency Medical Facility,120000.00,92000.00,4000.00,0,STAGE_1_PERFORMING,0.43%,2.9x,ELDORET_BR
2025-10-31,STR-LN-103952,TKN-SHA256-54A765ED,Fatuma Ruto,ID-HASH-360862EB3C,BOSA-SCH,School Fees Advance,65000.00,60000.00,2500.00,151,STAGE_3_NON_PERFORMING,29.75%,3.0x,HQ_NAIROBI
2025-10-31,STR-LN-103953,TKN-SHA256-E1C2F48D,Geoffrey Ruto,ID-HASH-4A09993FDB,BOSA-NRM,Development Loan Normal,3415000.00,3017000.00,119500.00,0,STAGE_1_PERFORMING,0.52%,2.9x,KERICHO_CENTRAL
2025-10-31,STR-LN-103954,TKN-SHA256-4DC43FFE,Wesley Korir,ID-HASH-7821E2915F,FOSA-ADV,Salary Advance 30D,85000.00,47000.00,3000.00,75,STAGE_2_UNDERPERFORMING,6.80%,1.1x,ELDORET_BR
2025-10-31,STR-LN-103955,TKN-SHA256-101487DE,Geoffrey Koech,ID-HASH-01CF8FACBE,MSME-WCP,Business Working Capital,365000.00,344000.00,13000.00,0,STAGE_1_PERFORMING,0.28%,1.8x,KERICHO_CENTRAL
2025-10-31,STR-LN-103956,TKN-SHA256-3EB9D4D2,Grace Ochieng,ID-HASH-804FBC1BEC,AGRI-TEA,Tea & Coffee Farm Development,840000.00,131000.00,29500.00,0,STAGE_1_PERFORMING,0.59%,2.2x,WESTLANDS
2025-10-31,STR-LN-103957,TKN-SHA256-13BEAA11,James Sang,ID-HASH-998C77CF23,FOSA-ADV,Salary Advance 30D,35000.00,14000.00,1000.00,0,STAGE_1_PERFORMING,0.94%,1.4x,BOMET_BRANCH
2025-10-31,STR-LN-103958,TKN-SHA256-88953147,Philemon Sang,ID-HASH-3D6F924321,FOSA-ADV,Salary Advance 30D,120000.00,33000.00,4000.00,0,STAGE_1_PERFORMING,0.19%,1.0x,WESTLANDS
2025-10-31,STR-LN-103959,TKN-SHA256-35FC3B3C,Alice Gitonga,ID-HASH-2EEECECF30,BOSA-EMG,Emergency Medical Facility,55000.00,14000.00,2000.00,0,STAGE_1_PERFORMING,0.69%,2.3x,KISUMU_BR
2025-10-31,STR-LN-103960,TKN-SHA256-9B6C5FBE,Grace Kimani,ID-HASH-0253B1598C,AGRI-TEA,Tea & Coffee Farm Development,1130000.00,993000.00,39500.00,0,STAGE_1_PERFORMING,0.28%,3.4x,NANDI_HILLS
2025-10-31,STR-LN-103961,TKN-SHA256-23C9D900,Wesley Mutua,ID-HASH-D68710FF98,BOSA-EMG,Emergency Medical Facility,285000.00,53000.00,10000.00,0,STAGE_1_PERFORMING,0.63%,2.2x,ELDORET_BR
2025-10-31,STR-LN-103962,TKN-SHA256-A581EED0,Beatrice Omondi,ID-HASH-21E310D3A5,BOSA-SCH,School Fees Advance,225000.00,74000.00,8000.00,0,STAGE_1_PERFORMING,0.54%,4.7x,WESTLANDS
2025-10-31,STR-LN-103963,TKN-SHA256-A38DCE0A,Emmanuel Njoroge,ID-HASH-AE1F7C9C79,MSME-WCP,Business Working Capital,1790000.00,1393000.00,62500.00,0,STAGE_1_PERFORMING,0.54%,1.8x,HQ_NAIROBI
2025-10-31,STR-LN-103964,TKN-SHA256-16E77421,Jane Kariuki,ID-HASH-551E4B946B,AGRI-TEA,Tea & Coffee Farm Development,290000.00,200000.00,10000.00,69,STAGE_2_UNDERPERFORMING,9.88%,3.0x,NAKURU_BR
2025-10-31,STR-LN-103965,TKN-SHA256-14ED6D7F,John Kimani,ID-HASH-F511D52986,BOSA-EMG,Emergency Medical Facility,115000.00,87000.00,4000.00,13,STAGE_1_EARLY_WATCH,3.94%,2.5x,WESTLANDS
2025-10-31,STR-LN-103966,TKN-SHA256-39538B74,Hassan Ruto,ID-HASH-D7EB32DF62,AGRI-TEA,Tea & Coffee Farm Development,650000.00,610000.00,23000.00,0,STAGE_1_PERFORMING,0.93%,2.5x,ELDORET_BR
2025-10-31,STR-LN-103967,TKN-SHA256-D60B4ABF,Wesley Korir,ID-HASH-F826956C79,AGRI-TEA,Tea & Coffee Farm Development,745000.00,662000.00,26000.00,0,STAGE_1_PERFORMING,0.34%,3.4x,MOMBASA_BR
2025-10-31,STR-LN-103968,TKN-SHA256-BE3406C0,Peter Otieno,ID-HASH-8170B9DF12,BOSA-NRM,Development Loan Normal,3260000.00,1213000.00,114000.00,76,STAGE_2_UNDERPERFORMING,11.35%,3.9x,UPPER_HILL
2025-10-31,STR-LN-103969,TKN-SHA256-5727B95D,Fatuma Mutua,ID-HASH-0E8F61DFD3,FOSA-ADV,Salary Advance 30D,40000.00,28000.00,1500.00,45,STAGE_2_UNDERPERFORMING,9.57%,1.0x,WESTLANDS
2025-10-31,STR-LN-103970,TKN-SHA256-98433D67,Geoffrey Otieno,ID-HASH-3A2E9D376B,BOSA-NRM,Development Loan Normal,1215000.00,1044000.00,42500.00,18,STAGE_1_EARLY_WATCH,2.25%,3.5x,NANDI_HILLS
2025-10-31,STR-LN-103971,TKN-SHA256-26331EDF,Wesley Achieng,ID-HASH-D99C230128,ASSET-FIN,Vehicle & Asset Finance,4705000.00,3279000.00,164500.00,0,STAGE_1_PERFORMING,0.92%,1.3x,KISUMU_BR
2025-10-31,STR-LN-103972,TKN-SHA256-46B854FE,Wesley Omondi,ID-HASH-48532AA99F,ASSET-FIN,Vehicle & Asset Finance,1205000.00,945000.00,42000.00,0,STAGE_1_PERFORMING,0.73%,1.6x,MOMBASA_BR
2025-10-31,STR-LN-103973,TKN-SHA256-71039853,Fatuma Langat,ID-HASH-B0F1B5D99E,FOSA-ADV,Salary Advance 30D,115000.00,69000.00,4000.00,0,STAGE_1_PERFORMING,0.19%,1.2x,MOMBASA_BR
2025-10-31,STR-LN-103974,TKN-SHA256-1B8D5657,Stephen Kiptoo,ID-HASH-121C590475,MSME-WCP,Business Working Capital,290000.00,240000.00,10000.00,0,STAGE_1_PERFORMING,0.34%,2.2x,BOMET_BRANCH
2025-10-31,STR-LN-103975,TKN-SHA256-A01A5820,Philemon Kamau,ID-HASH-C414653210,ASSET-FIN,Vehicle & Asset Finance,1465000.00,784000.00,51500.00,0,STAGE_1_PERFORMING,0.68%,1.4x,MOMBASA_BR
2025-10-31,STR-LN-103976,TKN-SHA256-85FF6B83,Grace Kimani,ID-HASH-7FF56F59F0,AGRI-TEA,Tea & Coffee Farm Development,805000.00,690000.00,28000.00,0,STAGE_1_PERFORMING,0.18%,2.2x,KERICHO_CENTRAL
2025-10-31,STR-LN-103977,TKN-SHA256-156CE722,Fatuma Mwangi,ID-HASH-B8F3DB15A9,BOSA-NRM,Development Loan Normal,1305000.00,319000.00,45500.00,0,STAGE_1_PERFORMING,0.81%,2.7x,BOMET_BRANCH
2025-10-31,STR-LN-103978,TKN-SHA256-6796A9EB,Fatuma Gitonga,ID-HASH-175A4271A2,BOSA-SCH,School Fees Advance,70000.00,17000.00,2500.00,0,STAGE_1_PERFORMING,0.30%,3.7x,NAKURU_BR
2025-10-31,STR-LN-103979,TKN-SHA256-FA695AE7,Wesley Chebet,ID-HASH-D7B8F06794,BOSA-SCH,School Fees Advance,80000.00,62000.00,3000.00,75,STAGE_2_UNDERPERFORMING,9.16%,4.6x,UPPER_HILL
2025-10-31,STR-LN-103980,TKN-SHA256-7BC0F7AF,Gladys Achieng,ID-HASH-F819CA2B1F,FOSA-ADV,Salary Advance 30D,85000.00,79000.00,3000.00,12,STAGE_1_EARLY_WATCH,1.24%,1.5x,NAKURU_BR
2025-10-31,STR-LN-103981,TKN-SHA256-030592AF,Mary Wambui,ID-HASH-320F11A05A,FOSA-ADV,Salary Advance 30D,45000.00,31000.00,1500.00,0,STAGE_1_PERFORMING,0.90%,1.3x,KISUMU_BR
2025-10-31,STR-LN-103982,TKN-SHA256-45A22506,Tabitha Ali,ID-HASH-943DB4CA30,FOSA-ADV,Salary Advance 30D,85000.00,54000.00,3000.00,0,STAGE_1_PERFORMING,0.70%,1.3x,NANDI_HILLS
2025-10-31,STR-LN-103983,TKN-SHA256-1D14E3D4,James Kariuki,ID-HASH-6ACFC2C382,ASSET-FIN,Vehicle & Asset Finance,2560000.00,1810000.00,89500.00,0,STAGE_1_PERFORMING,0.79%,2.0x,UPPER_HILL
2025-10-31,STR-LN-103984,TKN-SHA256-62346089,Tabitha Langat,ID-HASH-0FFE869A1B,FOSA-ADV,Salary Advance 30D,90000.00,77000.00,3000.00,0,STAGE_1_PERFORMING,0.54%,1.0x,KISUMU_BR
2025-10-31,STR-LN-103985,TKN-SHA256-CE910667,Fatuma Mutua,ID-HASH-81AD75F4FD,BOSA-EMG,Emergency Medical Facility,135000.00,90000.00,4500.00,0,STAGE_1_PERFORMING,0.91%,3.0x,BOMET_BRANCH
2025-10-31,STR-LN-103986,TKN-SHA256-85059000,David Ochieng,ID-HASH-2A8C1C18DD,ASSET-FIN,Vehicle & Asset Finance,3555000.00,2391000.00,124500.00,0,STAGE_1_PERFORMING,0.50%,1.1x,HQ_NAIROBI
2025-10-31,STR-LN-103987,TKN-SHA256-4CD28009,Stephen Korir,ID-HASH-2EECC4A831,FOSA-ADV,Salary Advance 30D,60000.00,39000.00,2000.00,0,STAGE_1_PERFORMING,0.24%,1.4x,MOMBASA_BR
2025-10-31,STR-LN-103988,TKN-SHA256-A145D5BA,Dennis Siele,ID-HASH-8627FB9A0A,FOSA-ADV,Salary Advance 30D,45000.00,24000.00,1500.00,25,STAGE_1_EARLY_WATCH,3.80%,1.3x,KISUMU_BR
2025-10-31,STR-LN-103989,TKN-SHA256-44915B39,Samuel Langat,ID-HASH-F866E4144A,FOSA-ADV,Salary Advance 30D,120000.00,93000.00,4000.00,0,STAGE_1_PERFORMING,0.20%,1.3x,BOMET_BRANCH
2025-10-31,STR-LN-103990,TKN-SHA256-85C1B640,Emmanuel Hassan,ID-HASH-D46B256C5F,AGRI-TEA,Tea & Coffee Farm Development,720000.00,562000.00,25000.00,0,STAGE_1_PERFORMING,0.23%,2.5x,HQ_NAIROBI
2025-10-31,STR-LN-103991,TKN-SHA256-E0AC5896,Hassan Koech,ID-HASH-B5A4E46BC7,BOSA-SCH,School Fees Advance,160000.00,92000.00,5500.00,0,STAGE_1_PERFORMING,0.75%,3.7x,MOMBASA_BR
2025-10-31,STR-LN-103992,TKN-SHA256-EFFB80E6,Kiprono Gitonga,ID-HASH-21E9D11AA0,AGRI-TEA,Tea & Coffee Farm Development,545000.00,112000.00,19000.00,0,STAGE_1_PERFORMING,0.65%,3.0x,HQ_NAIROBI
2025-10-31,STR-LN-103993,TKN-SHA256-3DF0ED58,Peter Cheruiyot,ID-HASH-103830354B,BOSA-EMG,Emergency Medical Facility,140000.00,55000.00,5000.00,43,STAGE_2_UNDERPERFORMING,10.79%,3.0x,UPPER_HILL
2025-10-31,STR-LN-103994,TKN-SHA256-A6196F0A,Peter Mutua,ID-HASH-095EA50433,ASSET-FIN,Vehicle & Asset Finance,3580000.00,1454000.00,125500.00,0,STAGE_1_PERFORMING,0.43%,1.4x,KERICHO_CENTRAL
2025-10-31,STR-LN-103995,TKN-SHA256-623C0470,Cosmas Achieng,ID-HASH-98A82DA703,AGRI-TEA,Tea & Coffee Farm Development,665000.00,357000.00,23500.00,0,STAGE_1_PERFORMING,0.31%,2.5x,ELDORET_BR
2025-10-31,STR-LN-103996,TKN-SHA256-021DA8BB,Geoffrey Ruto,ID-HASH-0A844A6B27,BOSA-NRM,Development Loan Normal,675000.00,243000.00,23500.00,0,STAGE_1_PERFORMING,0.20%,3.2x,KISUMU_BR
2025-10-31,STR-LN-103997,TKN-SHA256-9B0FE021,David Kimani,ID-HASH-629CA1F55C,BOSA-EMG,Emergency Medical Facility,175000.00,74000.00,6000.00,0,STAGE_1_PERFORMING,0.19%,2.0x,UPPER_HILL
2025-10-31,STR-LN-103998,TKN-SHA256-582B76DF,Beatrice Kiptoo,ID-HASH-2E06498560,ASSET-FIN,Vehicle & Asset Finance,1680000.00,1420000.00,59000.00,0,STAGE_1_PERFORMING,0.49%,1.3x,UPPER_HILL
2025-10-31,STR-LN-103999,TKN-SHA256-16CC19A3,Beatrice Njoroge,ID-HASH-4E536C6482,FOSA-ADV,Salary Advance 30D,110000.00,22000.00,4000.00,0,STAGE_1_PERFORMING,0.49%,1.1x,KISUMU_BR
2025-10-31,STR-LN-104000,TKN-SHA256-A75F93E9,Tabitha Ochieng,ID-HASH-4EE1765B2B,AGRI-TEA,Tea & Coffee Farm Development,850000.00,658000.00,30000.00,36,STAGE_2_UNDERPERFORMING,11.56%,2.2x,NAKURU_BR
2025-10-31,STR-LN-104001,TKN-SHA256-5507290F,Kiprono Kariuki,ID-HASH-90760479BB,AGRI-TEA,Tea & Coffee Farm Development,940000.00,692000.00,33000.00,0,STAGE_1_PERFORMING,0.28%,2.9x,WESTLANDS
2025-10-31,STR-LN-104002,TKN-SHA256-D0132213,Geoffrey Kiptoo,ID-HASH-1A75578639,BOSA-EMG,Emergency Medical Facility,165000.00,84000.00,6000.00,0,STAGE_1_PERFORMING,0.73%,3.0x,BOMET_BRANCH
2025-10-31,STR-LN-104003,TKN-SHA256-C7D52ED6,Mercy Omondi,ID-HASH-270299F1EF,BOSA-NRM,Development Loan Normal,2860000.00,956000.00,100000.00,0,STAGE_1_PERFORMING,0.31%,3.2x,KISUMU_BR
2025-10-31,STR-LN-104004,TKN-SHA256-9337FEB4,Bernard Njoroge,ID-HASH-B85387E693,BOSA-SCH,School Fees Advance,160000.00,53000.00,5500.00,0,STAGE_1_PERFORMING,0.56%,3.0x,WESTLANDS
2025-10-31,STR-LN-104005,TKN-SHA256-34081E44,Gladys Ali,ID-HASH-C1B3A95B30,BOSA-SCH,School Fees Advance,70000.00,58000.00,2500.00,0,STAGE_1_PERFORMING,0.20%,4.3x,NAKURU_BR
2025-10-31,STR-LN-104006,TKN-SHA256-169071DE,Emmanuel Sang,ID-HASH-340A62A14C,FOSA-ADV,Salary Advance 30D,100000.00,46000.00,3500.00,0,STAGE_1_PERFORMING,0.22%,1.0x,ELDORET_BR
2025-10-31,STR-LN-104007,TKN-SHA256-2C50F344,David Cheruiyot,ID-HASH-9B52690A22,BOSA-SCH,School Fees Advance,235000.00,206000.00,8000.00,0,STAGE_1_PERFORMING,0.25%,3.9x,MOMBASA_BR
2025-10-31,STR-LN-104008,TKN-SHA256-A071AC5C,Peter Ruto,ID-HASH-FA7434BE89,BOSA-SCH,School Fees Advance,160000.00,74000.00,5500.00,4,STAGE_1_EARLY_WATCH,3.44%,5.1x,UPPER_HILL
2025-10-31,STR-LN-104009,TKN-SHA256-4DC10D4F,Bernard Bett,ID-HASH-D47A335A5B,BOSA-SCH,School Fees Advance,175000.00,73000.00,6000.00,0,STAGE_1_PERFORMING,0.94%,4.4x,KISUMU_BR
2025-10-31,STR-LN-104010,TKN-SHA256-7E9425B6,Geoffrey Otieno,ID-HASH-0B5AC3C0CA,BOSA-NRM,Development Loan Normal,1515000.00,1134000.00,53000.00,0,STAGE_1_PERFORMING,0.92%,3.2x,ELDORET_BR
2025-10-31,STR-LN-104011,TKN-SHA256-046F2AF0,Philemon Chebet,ID-HASH-7BD9750BE5,BOSA-NRM,Development Loan Normal,1405000.00,469000.00,49000.00,0,STAGE_1_PERFORMING,0.64%,3.8x,HQ_NAIROBI
2025-10-31,STR-LN-104012,TKN-SHA256-850F9F34,Bernard Ochieng,ID-HASH-EA34AFCDFA,BOSA-NRM,Development Loan Normal,2935000.00,2257000.00,102500.00,27,STAGE_1_EARLY_WATCH,4.29%,4.0x,NAKURU_BR
2025-10-31,STR-LN-104013,TKN-SHA256-5DA8D677,Lucy Sang,ID-HASH-F1A2600384,MSME-WCP,Business Working Capital,1445000.00,744000.00,50500.00,0,STAGE_1_PERFORMING,0.44%,2.4x,KISUMU_BR
2025-10-31,STR-LN-104014,TKN-SHA256-7E4086C6,Mercy Omondi,ID-HASH-2F27151441,BOSA-NRM,Development Loan Normal,2175000.00,1903000.00,76000.00,0,STAGE_1_PERFORMING,0.93%,4.1x,NANDI_HILLS
2025-10-31,STR-LN-104015,TKN-SHA256-B49BB843,Dennis Mutua,ID-HASH-4666AAA3B0,ASSET-FIN,Vehicle & Asset Finance,2705000.00,1779000.00,94500.00,0,STAGE_1_PERFORMING,0.48%,1.3x,NANDI_HILLS
2025-10-31,STR-LN-104016,TKN-SHA256-0B2BFEA6,Lucy Kariuki,ID-HASH-848FB7A401,AGRI-TEA,Tea & Coffee Farm Development,905000.00,200000.00,31500.00,0,STAGE_1_PERFORMING,0.75%,3.4x,UPPER_HILL
2025-10-31,STR-LN-104017,TKN-SHA256-7C87D74F,Geoffrey Koech,ID-HASH-3EBE72F808,BOSA-NRM,Development Loan Normal,895000.00,318000.00,31500.00,0,STAGE_1_PERFORMING,0.44%,2.7x,MOMBASA_BR
2025-10-31,STR-LN-104018,TKN-SHA256-A3811B04,Lucy Koech,ID-HASH-1B96CAC481,BOSA-NRM,Development Loan Normal,2940000.00,2211000.00,103000.00,0,STAGE_1_PERFORMING,0.84%,3.0x,WESTLANDS
2025-10-31,STR-LN-104019,TKN-SHA256-35E4A6C8,Mary Cheruiyot,ID-HASH-C8BED6B56A,AGRI-TEA,Tea & Coffee Farm Development,955000.00,863000.00,33500.00,6,STAGE_1_EARLY_WATCH,1.89%,3.5x,KISUMU_BR
2025-10-31,STR-LN-104020,TKN-SHA256-57A79E79,Philemon Kariuki,ID-HASH-65AC741BB8,MSME-WCP,Business Working Capital,775000.00,340000.00,27000.00,53,STAGE_2_UNDERPERFORMING,6.81%,2.7x,ELDORET_BR
2025-10-31,STR-LN-104021,TKN-SHA256-1E00B5DE,Lucy Wambui,ID-HASH-3DECD2D783,FOSA-ADV,Salary Advance 30D,95000.00,64000.00,3500.00,0,STAGE_1_PERFORMING,0.90%,1.2x,MOMBASA_BR
2025-10-31,STR-LN-104022,TKN-SHA256-612F6227,James Wanjiku,ID-HASH-3098401BE0,ASSET-FIN,Vehicle & Asset Finance,1965000.00,376000.00,69000.00,0,STAGE_1_PERFORMING,0.66%,1.8x,MOMBASA_BR
2025-10-31,STR-LN-104023,TKN-SHA256-26D21138,Philemon Kariuki,ID-HASH-9D30A5EDB8,ASSET-FIN,Vehicle & Asset Finance,2595000.00,779000.00,91000.00,2,STAGE_1_EARLY_WATCH,3.17%,1.9x,UPPER_HILL
2025-10-31,STR-LN-104024,TKN-SHA256-DB6C6FE6,David Ali,ID-HASH-34179FBAF8,AGRI-TEA,Tea & Coffee Farm Development,515000.00,251000.00,18000.00,0,STAGE_1_PERFORMING,0.34%,2.2x,NAKURU_BR
2025-10-31,STR-LN-104025,TKN-SHA256-C0F7A690,Peter Siele,ID-HASH-33A013CBE6,BOSA-EMG,Emergency Medical Facility,265000.00,159000.00,9500.00,0,STAGE_1_PERFORMING,0.77%,2.1x,BOMET_BRANCH
2025-10-31,STR-LN-104026,TKN-SHA256-E827BBDA,Tabitha Sang,ID-HASH-F5BAAE16BE,BOSA-SCH,School Fees Advance,45000.00,12000.00,1500.00,0,STAGE_1_PERFORMING,0.39%,3.2x,MOMBASA_BR
2025-10-31,STR-LN-104027,TKN-SHA256-5977EDFA,Wesley Kimani,ID-HASH-A5A722CF67,FOSA-ADV,Salary Advance 30D,60000.00,32000.00,2000.00,0,STAGE_1_PERFORMING,0.32%,1.0x,KISUMU_BR
2025-10-31,STR-LN-104028,TKN-SHA256-177A84B1,Beatrice Otieno,ID-HASH-9A08FA3C82,MSME-WCP,Business Working Capital,1440000.00,1247000.00,50500.00,0,STAGE_1_PERFORMING,0.91%,1.9x,MOMBASA_BR
2025-10-31,STR-LN-104029,TKN-SHA256-8E808EC6,Wesley Langat,ID-HASH-059458B3FE,AGRI-TEA,Tea & Coffee Farm Development,360000.00,203000.00,12500.00,0,STAGE_1_PERFORMING,0.87%,3.1x,NANDI_HILLS
2025-10-31,STR-LN-104030,TKN-SHA256-3D25C299,Cosmas Kiptoo,ID-HASH-102EB85E3C,MSME-WCP,Business Working Capital,360000.00,194000.00,12500.00,0,STAGE_1_PERFORMING,0.85%,1.5x,ELDORET_BR
2025-10-31,STR-LN-104031,TKN-SHA256-F0FA4AE9,Grace Gitonga,ID-HASH-BC74E6E48F,BOSA-NRM,Development Loan Normal,1315000.00,1218000.00,46000.00,0,STAGE_1_PERFORMING,0.69%,4.3x,WESTLANDS
2025-10-31,STR-LN-104032,TKN-SHA256-800394D6,Gladys Korir,ID-HASH-FAC4276F51,ASSET-FIN,Vehicle & Asset Finance,4590000.00,3290000.00,160500.00,0,STAGE_1_PERFORMING,0.45%,1.6x,UPPER_HILL
2025-10-31,STR-LN-104033,TKN-SHA256-BD2E2C56,Bernard Wanjiku,ID-HASH-443DF05139,BOSA-EMG,Emergency Medical Facility,115000.00,44000.00,4000.00,1,STAGE_1_EARLY_WATCH,1.90%,2.6x,MOMBASA_BR
2025-10-31,STR-LN-104034,TKN-SHA256-BF9C827E,Gladys Rono,ID-HASH-253AC3450D,BOSA-SCH,School Fees Advance,140000.00,123000.00,5000.00,0,STAGE_1_PERFORMING,0.45%,4.6x,ELDORET_BR
2025-10-31,STR-LN-104035,TKN-SHA256-7A9DBE1B,Cosmas Hassan,ID-HASH-881CE50D70,AGRI-TEA,Tea & Coffee Farm Development,1195000.00,601000.00,42000.00,0,STAGE_1_PERFORMING,0.48%,3.3x,MOMBASA_BR
2025-10-31,STR-LN-104036,TKN-SHA256-684DED02,Dennis Bett,ID-HASH-383345A31C,ASSET-FIN,Vehicle & Asset Finance,4935000.00,3162000.00,172500.00,0,STAGE_1_PERFORMING,0.38%,1.8x,WESTLANDS
2025-10-31,STR-LN-104037,TKN-SHA256-981D27BB,Geoffrey Bett,ID-HASH-0973E51FD9,MSME-WCP,Business Working Capital,870000.00,351000.00,30500.00,0,STAGE_1_PERFORMING,0.73%,1.5x,ELDORET_BR
2025-10-31,STR-LN-104038,TKN-SHA256-2BE8BEFB,Hassan Ali,ID-HASH-4177D26DDC,BOSA-NRM,Development Loan Normal,2250000.00,1740000.00,79000.00,0,STAGE_1_PERFORMING,0.90%,3.2x,MOMBASA_BR
2025-10-31,STR-LN-104039,TKN-SHA256-82AE1F44,Gladys Ali,ID-HASH-8B9F6B0A03,ASSET-FIN,Vehicle & Asset Finance,4395000.00,3052000.00,154000.00,0,STAGE_1_PERFORMING,0.23%,1.3x,BOMET_BRANCH
2025-10-31,STR-LN-104040,TKN-SHA256-8E553850,Alice Ali,ID-HASH-4B66BF98D3,BOSA-SCH,School Fees Advance,75000.00,27000.00,2500.00,0,STAGE_1_PERFORMING,0.92%,4.6x,WESTLANDS
2025-10-31,STR-LN-104041,TKN-SHA256-56B8793C,Fatuma Hassan,ID-HASH-F9B0C2990F,BOSA-EMG,Emergency Medical Facility,90000.00,82000.00,3000.00,0,STAGE_1_PERFORMING,0.75%,2.4x,UPPER_HILL
2025-10-31,STR-LN-104042,TKN-SHA256-7ED431E0,Lucy Bett,ID-HASH-BDC041A704,BOSA-EMG,Emergency Medical Facility,275000.00,211000.00,9500.00,0,STAGE_1_PERFORMING,0.76%,2.7x,WESTLANDS
2025-10-31,STR-LN-104043,TKN-SHA256-7FC3C301,Hassan Omondi,ID-HASH-99073BA661,FOSA-ADV,Salary Advance 30D,80000.00,29000.00,3000.00,0,STAGE_1_PERFORMING,0.27%,1.3x,NAKURU_BR
2025-10-31,STR-LN-104044,TKN-SHA256-FF5162C9,Fatuma Korir,ID-HASH-E5E10A6EFB,BOSA-EMG,Emergency Medical Facility,290000.00,232000.00,10000.00,0,STAGE_1_PERFORMING,0.39%,3.3x,KISUMU_BR
2025-10-31,STR-LN-104045,TKN-SHA256-BFEE062F,Mary Hassan,ID-HASH-6F3857E030,AGRI-TEA,Tea & Coffee Farm Development,1085000.00,475000.00,38000.00,0,STAGE_1_PERFORMING,0.39%,3.7x,UPPER_HILL
2025-10-31,STR-LN-104046,TKN-SHA256-0A308208,Hassan Wambui,ID-HASH-34A9F26571,BOSA-EMG,Emergency Medical Facility,90000.00,35000.00,3000.00,110,STAGE_3_NON_PERFORMING,21.19%,2.3x,ELDORET_BR
2025-10-31,STR-LN-104047,TKN-SHA256-2AAAE4E8,Mercy Cheruiyot,ID-HASH-C885D73346,FOSA-ADV,Salary Advance 30D,30000.00,16000.00,1000.00,51,STAGE_2_UNDERPERFORMING,13.99%,1.0x,BOMET_BRANCH
2025-10-31,STR-LN-104048,TKN-SHA256-45DB2BCB,Tabitha Kimani,ID-HASH-FAFD6DA0BB,BOSA-NRM,Development Loan Normal,850000.00,278000.00,30000.00,0,STAGE_1_PERFORMING,0.59%,3.9x,KISUMU_BR
2025-10-31,STR-LN-104049,TKN-SHA256-B109A24A,Beatrice Wambui,ID-HASH-B74DD5F388,ASSET-FIN,Vehicle & Asset Finance,2440000.00,1156000.00,85500.00,0,STAGE_1_PERFORMING,0.71%,1.7x,NAKURU_BR
2025-10-31,STR-LN-104050,TKN-SHA256-468CB6C1,Beatrice Mwangi,ID-HASH-CDD2DE0E42,BOSA-EMG,Emergency Medical Facility,270000.00,216000.00,9500.00,0,STAGE_1_PERFORMING,0.39%,2.7x,NAKURU_BR
2025-10-31,STR-LN-104051,TKN-SHA256-B7A6A4D3,Bernard Chebet,ID-HASH-05EC88A68A,BOSA-NRM,Development Loan Normal,2585000.00,1968000.00,90500.00,0,STAGE_1_PERFORMING,0.87%,2.7x,KISUMU_BR
2025-10-31,STR-LN-104052,TKN-SHA256-A3BFFA19,Tabitha Omondi,ID-HASH-33AD1C281D,AGRI-TEA,Tea & Coffee Farm Development,920000.00,737000.00,32000.00,0,STAGE_1_PERFORMING,0.70%,3.5x,KISUMU_BR
2025-10-31,STR-LN-104053,TKN-SHA256-F6BFE63A,John Kariuki,ID-HASH-778548262D,BOSA-SCH,School Fees Advance,80000.00,27000.00,3000.00,0,STAGE_1_PERFORMING,0.87%,5.0x,ELDORET_BR
2025-10-31,STR-LN-104054,TKN-SHA256-886BB30E,Bernard Siele,ID-HASH-0F561B9E75,FOSA-ADV,Salary Advance 30D,95000.00,40000.00,3500.00,0,STAGE_1_PERFORMING,0.31%,1.6x,KISUMU_BR
2025-10-31,STR-LN-104055,TKN-SHA256-6B034304,Dennis Ochieng,ID-HASH-471A94AE4A,BOSA-SCH,School Fees Advance,80000.00,22000.00,3000.00,0,STAGE_1_PERFORMING,0.83%,3.6x,MOMBASA_BR
2025-10-31,STR-LN-104056,TKN-SHA256-27959764,Lucy Langat,ID-HASH-6F2AE01122,FOSA-ADV,Salary Advance 30D,95000.00,44000.00,3500.00,0,STAGE_1_PERFORMING,0.43%,0.9x,BOMET_BRANCH
2025-10-31,STR-LN-104057,TKN-SHA256-6E1A97C2,Lucy Siele,ID-HASH-2764E915DC,BOSA-EMG,Emergency Medical Facility,195000.00,142000.00,7000.00,0,STAGE_1_PERFORMING,0.93%,2.4x,UPPER_HILL
2025-10-31,STR-LN-104058,TKN-SHA256-102EF09B,Bernard Langat,ID-HASH-77139F6458,BOSA-NRM,Development Loan Normal,1485000.00,288000.00,52000.00,0,STAGE_1_PERFORMING,0.67%,3.9x,HQ_NAIROBI
2025-10-31,STR-LN-104059,TKN-SHA256-7839CB48,Tabitha Sang,ID-HASH-F18D168C08,BOSA-NRM,Development Loan Normal,1885000.00,500000.00,66000.00,0,STAGE_1_PERFORMING,0.17%,3.7x,NANDI_HILLS
2025-10-31,STR-LN-104060,TKN-SHA256-89668F27,Philemon Bett,ID-HASH-C461F2918B,FOSA-ADV,Salary Advance 30D,40000.00,21000.00,1500.00,0,STAGE_1_PERFORMING,0.63%,1.4x,BOMET_BRANCH
2025-10-31,STR-LN-104061,TKN-SHA256-ABFCEAFD,Emmanuel Njoroge,ID-HASH-07E57415D0,BOSA-EMG,Emergency Medical Facility,70000.00,64000.00,2500.00,0,STAGE_1_PERFORMING,0.38%,2.2x,BOMET_BRANCH
2025-10-31,STR-LN-104062,TKN-SHA256-80F620EA,Dennis Otieno,ID-HASH-971D8E603E,FOSA-ADV,Salary Advance 30D,130000.00,59000.00,4500.00,0,STAGE_1_PERFORMING,0.30%,1.6x,NANDI_HILLS
2025-10-31,STR-LN-104063,TKN-SHA256-0A56BB41,Stephen Achieng,ID-HASH-90D05FE0FF,ASSET-FIN,Vehicle & Asset Finance,1740000.00,1373000.00,61000.00,0,STAGE_1_PERFORMING,0.38%,1.7x,NAKURU_BR
2025-10-31,STR-LN-104064,TKN-SHA256-76B5F633,Cosmas Bett,ID-HASH-D8CEA9C9F0,BOSA-EMG,Emergency Medical Facility,75000.00,24000.00,2500.00,0,STAGE_1_PERFORMING,0.69%,2.4x,BOMET_BRANCH
2025-10-31,STR-LN-104065,TKN-SHA256-C31A77A5,Stephen Gitonga,ID-HASH-4EB084BBA0,MSME-WCP,Business Working Capital,1275000.00,716000.00,44500.00,0,STAGE_1_PERFORMING,0.56%,1.7x,NAKURU_BR
2025-10-31,STR-LN-104066,TKN-SHA256-9A25F1F6,Wesley Ali,ID-HASH-6E7601D7CE,BOSA-SCH,School Fees Advance,55000.00,48000.00,2000.00,0,STAGE_1_PERFORMING,0.37%,3.3x,MOMBASA_BR
2025-10-31,STR-LN-104067,TKN-SHA256-A1C37E1F,Alice Otieno,ID-HASH-7FF5D99C03,BOSA-NRM,Development Loan Normal,1280000.00,1048000.00,45000.00,0,STAGE_1_PERFORMING,0.41%,2.8x,BOMET_BRANCH
2025-10-31,STR-LN-104068,TKN-SHA256-8F0DC61D,John Langat,ID-HASH-CADE1C8732,MSME-WCP,Business Working Capital,235000.00,217000.00,8000.00,28,STAGE_1_EARLY_WATCH,3.05%,2.2x,NAKURU_BR
2025-10-31,STR-LN-104069,TKN-SHA256-FDF98328,Peter Mutua,ID-HASH-B08F904DD4,BOSA-SCH,School Fees Advance,230000.00,199000.00,8000.00,0,STAGE_1_PERFORMING,0.88%,3.4x,KERICHO_CENTRAL
2025-10-31,STR-LN-104070,TKN-SHA256-7DF9DA3B,Stephen Ruto,ID-HASH-E4DFCC0799,BOSA-SCH,School Fees Advance,55000.00,46000.00,2000.00,5,STAGE_1_EARLY_WATCH,2.09%,3.4x,HQ_NAIROBI
2025-10-31,STR-LN-104071,TKN-SHA256-35EAB61C,Peter Wanjiku,ID-HASH-ED639AEC1E,MSME-WCP,Business Working Capital,1220000.00,841000.00,42500.00,0,STAGE_1_PERFORMING,0.67%,1.8x,KISUMU_BR
2025-10-31,STR-LN-104072,TKN-SHA256-BFA956EB,Bernard Omondi,ID-HASH-3838D5F64E,BOSA-SCH,School Fees Advance,190000.00,52000.00,6500.00,15,STAGE_1_EARLY_WATCH,1.26%,3.2x,BOMET_BRANCH
2025-10-31,STR-LN-104073,TKN-SHA256-817FE613,Catherine Langat,ID-HASH-705599CE4D,BOSA-SCH,School Fees Advance,155000.00,77000.00,5500.00,0,STAGE_1_PERFORMING,0.62%,4.6x,BOMET_BRANCH
2025-10-31,STR-LN-104074,TKN-SHA256-69B7C5BC,Hassan Sang,ID-HASH-41707658C2,BOSA-EMG,Emergency Medical Facility,170000.00,120000.00,6000.00,0,STAGE_1_PERFORMING,0.76%,3.0x,KISUMU_BR
2025-10-31,STR-LN-104075,TKN-SHA256-729A9A72,David Ali,ID-HASH-C7FA9FBB3C,BOSA-SCH,School Fees Advance,80000.00,26000.00,3000.00,0,STAGE_1_PERFORMING,0.29%,3.3x,KISUMU_BR
2025-10-31,STR-LN-104076,TKN-SHA256-E381EA59,Cosmas Ali,ID-HASH-05EEF97A88,FOSA-ADV,Salary Advance 30D,115000.00,68000.00,4000.00,9,STAGE_1_EARLY_WATCH,2.39%,0.9x,NAKURU_BR
2025-10-31,STR-LN-104077,TKN-SHA256-72F6F2B1,Dennis Bett,ID-HASH-0E9050B844,BOSA-NRM,Development Loan Normal,1845000.00,1633000.00,64500.00,0,STAGE_1_PERFORMING,0.75%,2.6x,HQ_NAIROBI
2025-10-31,STR-LN-104078,TKN-SHA256-95D2F91A,Dennis Cheruiyot,ID-HASH-66C65658BA,MSME-WCP,Business Working Capital,955000.00,281000.00,33500.00,0,STAGE_1_PERFORMING,0.45%,1.7x,KERICHO_CENTRAL
2025-10-31,STR-LN-104079,TKN-SHA256-D46D8D14,Dennis Korir,ID-HASH-3315A8CECE,FOSA-ADV,Salary Advance 30D,60000.00,20000.00,2000.00,0,STAGE_1_PERFORMING,0.57%,1.2x,KERICHO_CENTRAL
2025-10-31,STR-LN-104080,TKN-SHA256-0A3B5534,Mary Ochieng,ID-HASH-F044C96120,AGRI-TEA,Tea & Coffee Farm Development,265000.00,213000.00,9500.00,15,STAGE_1_EARLY_WATCH,1.89%,2.9x,ELDORET_BR
2025-10-31,STR-LN-104081,TKN-SHA256-398E35E8,Emmanuel Siele,ID-HASH-9EF88572C0,AGRI-TEA,Tea & Coffee Farm Development,350000.00,330000.00,12500.00,0,STAGE_1_PERFORMING,0.25%,2.8x,HQ_NAIROBI
2025-10-31,STR-LN-104082,TKN-SHA256-62F5FD4C,Mary Ochieng,ID-HASH-4AE61B40BF,AGRI-TEA,Tea & Coffee Farm Development,1050000.00,561000.00,37000.00,0,STAGE_1_PERFORMING,0.84%,3.1x,KERICHO_CENTRAL
2025-10-31,STR-LN-104083,TKN-SHA256-B31C8869,Philemon Langat,ID-HASH-2B439326B3,FOSA-ADV,Salary Advance 30D,60000.00,25000.00,2000.00,7,STAGE_1_EARLY_WATCH,2.60%,1.4x,UPPER_HILL
2025-10-31,STR-LN-104084,TKN-SHA256-460A44AC,Gladys Chebet,ID-HASH-1A68A0533F,ASSET-FIN,Vehicle & Asset Finance,4420000.00,2498000.00,154500.00,0,STAGE_1_PERFORMING,0.81%,1.4x,ELDORET_BR
2025-10-31,STR-LN-104085,TKN-SHA256-12CFFE0D,Dennis Kimani,ID-HASH-5F69E3349B,BOSA-EMG,Emergency Medical Facility,240000.00,38000.00,8500.00,0,STAGE_1_PERFORMING,0.48%,3.0x,NANDI_HILLS
2025-10-31,STR-LN-104086,TKN-SHA256-DAD7DF41,Samuel Omondi,ID-HASH-7D633C409D,FOSA-ADV,Salary Advance 30D,125000.00,56000.00,4500.00,0,STAGE_1_PERFORMING,0.18%,1.5x,NANDI_HILLS
2025-10-31,STR-LN-104087,TKN-SHA256-C27FE8CE,Catherine Ruto,ID-HASH-E427E2D70A,BOSA-SCH,School Fees Advance,145000.00,133000.00,5000.00,152,STAGE_3_NON_PERFORMING,34.84%,4.9x,BOMET_BRANCH
2025-10-31,STR-LN-104088,TKN-SHA256-E9D7D974,Mercy Bett,ID-HASH-F49F7F6D3F,BOSA-NRM,Development Loan Normal,1350000.00,831000.00,47500.00,0,STAGE_1_PERFORMING,0.77%,3.4x,HQ_NAIROBI
2025-10-31,STR-LN-104089,TKN-SHA256-CF9B3F0E,Samuel Kariuki,ID-HASH-902330A843,FOSA-ADV,Salary Advance 30D,95000.00,18000.00,3500.00,0,STAGE_1_PERFORMING,0.48%,1.4x,NAKURU_BR
2025-10-31,STR-LN-104090,TKN-SHA256-A9F3AF51,David Otieno,ID-HASH-468871612A,AGRI-TEA,Tea & Coffee Farm Development,595000.00,298000.00,21000.00,0,STAGE_1_PERFORMING,0.38%,3.1x,WESTLANDS
2025-10-31,STR-LN-104091,TKN-SHA256-7E9A0CEF,Samuel Ochieng,ID-HASH-1FD227A1CD,MSME-WCP,Business Working Capital,1515000.00,284000.00,53000.00,0,STAGE_1_PERFORMING,0.92%,2.6x,ELDORET_BR
2025-10-31,STR-LN-104092,TKN-SHA256-B68921A8,Samuel Ruto,ID-HASH-F9D62A18E6,BOSA-SCH,School Fees Advance,190000.00,174000.00,6500.00,0,STAGE_1_PERFORMING,0.34%,3.5x,MOMBASA_BR
2025-10-31,STR-LN-104093,TKN-SHA256-350F6104,Bernard Wambui,ID-HASH-51B9AEFA28,MSME-WCP,Business Working Capital,1040000.00,197000.00,36500.00,0,STAGE_1_PERFORMING,0.57%,2.1x,NAKURU_BR
2025-10-31,STR-LN-104094,TKN-SHA256-2575921B,Emmanuel Kamau,ID-HASH-3CF67A317F,ASSET-FIN,Vehicle & Asset Finance,3485000.00,1654000.00,122000.00,0,STAGE_1_PERFORMING,0.63%,1.7x,NAKURU_BR
2025-10-31,STR-LN-104095,TKN-SHA256-D65649D1,Philemon Ochieng,ID-HASH-FC15B8D68F,ASSET-FIN,Vehicle & Asset Finance,3225000.00,1728000.00,113000.00,0,STAGE_1_PERFORMING,0.79%,1.6x,WESTLANDS
2025-10-31,STR-LN-104096,TKN-SHA256-C7CE8BE3,Grace Sang,ID-HASH-1DF00E7948,FOSA-ADV,Salary Advance 30D,95000.00,28000.00,3500.00,0,STAGE_1_PERFORMING,0.86%,1.4x,UPPER_HILL
2025-10-31,STR-LN-104097,TKN-SHA256-00CE057D,Tabitha Cheruiyot,ID-HASH-373695609C,BOSA-EMG,Emergency Medical Facility,235000.00,175000.00,8000.00,0,STAGE_1_PERFORMING,0.61%,2.4x,ELDORET_BR
2025-10-31,STR-LN-104098,TKN-SHA256-5698CC8D,Mary Sang,ID-HASH-A29811FB9F,ASSET-FIN,Vehicle & Asset Finance,2465000.00,1729000.00,86500.00,16,STAGE_1_EARLY_WATCH,3.67%,1.6x,HQ_NAIROBI
2025-10-31,STR-LN-104099,TKN-SHA256-926C77E5,Mary Kimani,ID-HASH-AB435E6BB8,BOSA-NRM,Development Loan Normal,3250000.00,969000.00,114000.00,0,STAGE_1_PERFORMING,0.82%,3.1x,NAKURU_BR
2025-10-31,STR-LN-104100,TKN-SHA256-CBE05E68,Hassan Wanjiku,ID-HASH-B0982D9115,MSME-WCP,Business Working Capital,1375000.00,881000.00,48000.00,15,STAGE_1_EARLY_WATCH,1.20%,2.3x,MOMBASA_BR
2025-10-31,STR-LN-104101,TKN-SHA256-7D3E61DC,Hassan Gitonga,ID-HASH-8D251ED8F0,BOSA-SCH,School Fees Advance,45000.00,12000.00,1500.00,7,STAGE_1_EARLY_WATCH,1.31%,3.4x,KISUMU_BR
2025-10-31,STR-LN-104102,TKN-SHA256-B28A5E04,Dennis Mwangi,ID-HASH-843D718FE6,BOSA-NRM,Development Loan Normal,2415000.00,2270000.00,84500.00,0,STAGE_1_PERFORMING,0.33%,3.4x,ELDORET_BR
2025-10-31,STR-LN-104103,TKN-SHA256-11072545,Alice Siele,ID-HASH-5B58EDFE6B,MSME-WCP,Business Working Capital,525000.00,432000.00,18500.00,0,STAGE_1_PERFORMING,0.17%,2.1x,NAKURU_BR
2025-10-31,STR-LN-104104,TKN-SHA256-94520160,Tabitha Kariuki,ID-HASH-D0A00671D2,BOSA-SCH,School Fees Advance,200000.00,100000.00,7000.00,55,STAGE_2_UNDERPERFORMING,14.06%,3.9x,NANDI_HILLS
2025-10-31,STR-LN-104105,TKN-SHA256-6E8F7A3E,Cosmas Sang,ID-HASH-711AD085C9,MSME-WCP,Business Working Capital,1110000.00,892000.00,39000.00,0,STAGE_1_PERFORMING,0.67%,2.3x,ELDORET_BR
2025-10-31,STR-LN-104106,TKN-SHA256-F1061EC0,Geoffrey Gitonga,ID-HASH-AD5BE42ACE,MSME-WCP,Business Working Capital,1445000.00,1110000.00,50500.00,74,STAGE_2_UNDERPERFORMING,6.10%,2.4x,UPPER_HILL
2025-10-31,STR-LN-104107,TKN-SHA256-6048469D,Emmanuel Rono,ID-HASH-40F8CD133C,BOSA-EMG,Emergency Medical Facility,215000.00,130000.00,7500.00,0,STAGE_1_PERFORMING,0.46%,2.0x,MOMBASA_BR
2025-10-31,STR-LN-104108,TKN-SHA256-358B5626,Gladys Wambui,ID-HASH-D2E87760E3,ASSET-FIN,Vehicle & Asset Finance,1775000.00,370000.00,62000.00,0,STAGE_1_PERFORMING,0.81%,1.6x,BOMET_BRANCH
2025-10-31,STR-LN-104109,TKN-SHA256-41D64AD2,Hassan Njoroge,ID-HASH-DE6FEEC674,BOSA-SCH,School Fees Advance,120000.00,24000.00,4000.00,0,STAGE_1_PERFORMING,0.33%,4.7x,NAKURU_BR
2025-10-31,STR-LN-104110,TKN-SHA256-5FE4F596,Wesley Wambui,ID-HASH-EA07B94ECC,BOSA-SCH,School Fees Advance,170000.00,29000.00,6000.00,0,STAGE_1_PERFORMING,0.24%,3.8x,ELDORET_BR
2025-10-31,STR-LN-104111,TKN-SHA256-81D283D0,Jane Siele,ID-HASH-03E0D609E0,AGRI-TEA,Tea & Coffee Farm Development,315000.00,283000.00,11000.00,0,STAGE_1_PERFORMING,0.90%,3.0x,BOMET_BRANCH
2025-10-31,STR-LN-104112,TKN-SHA256-2DFC06E2,Bernard Mutua,ID-HASH-3DE7D4C3CF,FOSA-ADV,Salary Advance 30D,115000.00,51000.00,4000.00,0,STAGE_1_PERFORMING,0.20%,0.9x,UPPER_HILL
2025-10-31,STR-LN-104113,TKN-SHA256-43DBA8D7,Lucy Korir,ID-HASH-220E19D253,MSME-WCP,Business Working Capital,315000.00,138000.00,11000.00,69,STAGE_2_UNDERPERFORMING,14.67%,2.0x,ELDORET_BR
2025-10-31,STR-LN-104114,TKN-SHA256-5979583C,Gladys Omondi,ID-HASH-C11CB5E959,AGRI-TEA,Tea & Coffee Farm Development,760000.00,716000.00,26500.00,19,STAGE_1_EARLY_WATCH,4.50%,3.3x,ELDORET_BR
2025-10-31,STR-LN-104115,TKN-SHA256-83C07E6B,Beatrice Siele,ID-HASH-EE48FC6779,ASSET-FIN,Vehicle & Asset Finance,3755000.00,924000.00,131500.00,0,STAGE_1_PERFORMING,0.43%,1.7x,WESTLANDS
2025-10-31,STR-LN-104116,TKN-SHA256-652186A2,Samuel Wambui,ID-HASH-B1D02CC0CE,BOSA-SCH,School Fees Advance,45000.00,8000.00,1500.00,0,STAGE_1_PERFORMING,0.42%,4.5x,NAKURU_BR
2025-10-31,STR-LN-104117,TKN-SHA256-03C21036,Lucy Kariuki,ID-HASH-7BDBCCBBE4,MSME-WCP,Business Working Capital,945000.00,441000.00,33000.00,0,STAGE_1_PERFORMING,0.35%,2.1x,WESTLANDS
2025-10-31,STR-LN-104118,TKN-SHA256-35A5C59A,Alice Kariuki,ID-HASH-9CF39FED28,ASSET-FIN,Vehicle & Asset Finance,4045000.00,2440000.00,141500.00,0,STAGE_1_PERFORMING,0.37%,1.8x,ELDORET_BR
2025-10-31,STR-LN-104119,TKN-SHA256-E5360F46,Hassan Korir,ID-HASH-565F464CB8,BOSA-NRM,Development Loan Normal,2845000.00,1749000.00,99500.00,0,STAGE_1_PERFORMING,0.51%,3.4x,NAKURU_BR
2025-10-31,STR-LN-104120,TKN-SHA256-20838880,Cosmas Sang,ID-HASH-7CFD0B0A98,AGRI-TEA,Tea & Coffee Farm Development,255000.00,163000.00,9000.00,0,STAGE_1_PERFORMING,0.18%,2.6x,KERICHO_CENTRAL
2025-10-31,STR-LN-104121,TKN-SHA256-74E26A46,Mercy Rono,ID-HASH-25B0A14BFC,BOSA-EMG,Emergency Medical Facility,140000.00,84000.00,5000.00,0,STAGE_1_PERFORMING,0.65%,3.2x,BOMET_BRANCH
2025-10-31,STR-LN-104122,TKN-SHA256-78EB6B44,Hassan Wambui,ID-HASH-018952885D,BOSA-EMG,Emergency Medical Facility,260000.00,154000.00,9000.00,0,STAGE_1_PERFORMING,0.74%,2.2x,MOMBASA_BR
2025-10-31,STR-LN-104123,TKN-SHA256-C7E21F82,Wesley Njoroge,ID-HASH-D4EF652C16,BOSA-SCH,School Fees Advance,190000.00,154000.00,6500.00,0,STAGE_1_PERFORMING,0.63%,3.2x,ELDORET_BR
2025-10-31,STR-LN-104124,TKN-SHA256-E266271F,Kiprono Ochieng,ID-HASH-DC8B2215B4,FOSA-ADV,Salary Advance 30D,105000.00,58000.00,3500.00,0,STAGE_1_PERFORMING,0.67%,1.0x,NANDI_HILLS
2025-10-31,STR-LN-104125,TKN-SHA256-2BBA4AC6,Kiprono Kimani,ID-HASH-29395D0230,BOSA-EMG,Emergency Medical Facility,280000.00,104000.00,10000.00,0,STAGE_1_PERFORMING,0.66%,3.0x,KERICHO_CENTRAL
2025-10-31,STR-LN-104126,TKN-SHA256-84B0AB01,Kiprono Njoroge,ID-HASH-98D4A4EC1B,BOSA-NRM,Development Loan Normal,925000.00,670000.00,32500.00,0,STAGE_1_PERFORMING,0.26%,2.5x,KERICHO_CENTRAL
2025-10-31,STR-LN-104127,TKN-SHA256-EEC3B4BF,Jane Hassan,ID-HASH-65DA3BF4D1,ASSET-FIN,Vehicle & Asset Finance,2760000.00,1034000.00,96500.00,0,STAGE_1_PERFORMING,0.45%,1.3x,UPPER_HILL
2025-10-31,STR-LN-104128,TKN-SHA256-D63CB635,David Koech,ID-HASH-7F3B2DBFCC,MSME-WCP,Business Working Capital,1755000.00,1165000.00,61500.00,0,STAGE_1_PERFORMING,0.63%,2.3x,KERICHO_CENTRAL
2025-10-31,STR-LN-104129,TKN-SHA256-E0D6137B,Grace Bett,ID-HASH-7A1C1288F2,ASSET-FIN,Vehicle & Asset Finance,1630000.00,1069000.00,57000.00,0,STAGE_1_PERFORMING,0.90%,1.5x,UPPER_HILL
2025-10-31,STR-LN-104130,TKN-SHA256-87F13E81,John Hassan,ID-HASH-C22582590B,MSME-WCP,Business Working Capital,400000.00,71000.00,14000.00,0,STAGE_1_PERFORMING,0.74%,2.1x,KISUMU_BR
2025-10-31,STR-LN-104131,TKN-SHA256-23E951AD,Wesley Cheruiyot,ID-HASH-71BF35234C,FOSA-ADV,Salary Advance 30D,125000.00,61000.00,4500.00,0,STAGE_1_PERFORMING,0.22%,1.0x,BOMET_BRANCH
2025-10-31,STR-LN-104132,TKN-SHA256-202060D9,Emmanuel Langat,ID-HASH-A7953CA4D8,AGRI-TEA,Tea & Coffee Farm Development,300000.00,246000.00,10500.00,0,STAGE_1_PERFORMING,0.70%,3.6x,KISUMU_BR
2025-10-31,STR-LN-104133,TKN-SHA256-973FA267,Mary Wambui,ID-HASH-DEC9EE632E,FOSA-ADV,Salary Advance 30D,100000.00,28000.00,3500.00,0,STAGE_1_PERFORMING,0.51%,1.3x,HQ_NAIROBI
2025-10-31,STR-LN-104134,TKN-SHA256-A74D1B51,Mercy Rono,ID-HASH-0D9D77EA13,MSME-WCP,Business Working Capital,1195000.00,864000.00,42000.00,0,STAGE_1_PERFORMING,0.85%,1.9x,ELDORET_BR
2025-10-31,STR-LN-104135,TKN-SHA256-469C2368,Wesley Wambui,ID-HASH-704891D862,BOSA-EMG,Emergency Medical Facility,285000.00,127000.00,10000.00,0,STAGE_1_PERFORMING,0.28%,3.2x,BOMET_BRANCH
2025-10-31,STR-LN-104136,TKN-SHA256-9AD0E907,Bernard Hassan,ID-HASH-D36459C358,MSME-WCP,Business Working Capital,930000.00,140000.00,32500.00,0,STAGE_1_PERFORMING,0.65%,1.9x,KISUMU_BR
2025-10-31,STR-LN-104137,TKN-SHA256-24494090,Mercy Ochieng,ID-HASH-1898D274D2,ASSET-FIN,Vehicle & Asset Finance,3945000.00,1053000.00,138000.00,0,STAGE_1_PERFORMING,0.91%,1.9x,BOMET_BRANCH
2025-10-31,STR-LN-104138,TKN-SHA256-FA7E5E13,Hassan Sang,ID-HASH-672DC094F2,BOSA-SCH,School Fees Advance,170000.00,144000.00,6000.00,0,STAGE_1_PERFORMING,0.74%,3.3x,MOMBASA_BR
2025-10-31,STR-LN-104139,TKN-SHA256-A6EE4040,Lucy Ruto,ID-HASH-922E464843,FOSA-ADV,Salary Advance 30D,35000.00,13000.00,1000.00,0,STAGE_1_PERFORMING,0.38%,1.1x,MOMBASA_BR
2025-10-31,STR-LN-104140,TKN-SHA256-46101872,Alice Rono,ID-HASH-5654D704DA,AGRI-TEA,Tea & Coffee Farm Development,820000.00,362000.00,28500.00,0,STAGE_1_PERFORMING,0.55%,2.5x,KISUMU_BR
2025-10-31,STR-LN-104141,TKN-SHA256-B9415EEF,Hassan Kariuki,ID-HASH-72E7AF1C11,BOSA-EMG,Emergency Medical Facility,250000.00,134000.00,9000.00,0,STAGE_1_PERFORMING,0.75%,2.4x,MOMBASA_BR
2025-10-31,STR-LN-104142,TKN-SHA256-F72116F8,Samuel Chebet,ID-HASH-600F2AF56E,BOSA-EMG,Emergency Medical Facility,245000.00,206000.00,8500.00,0,STAGE_1_PERFORMING,0.24%,2.1x,KISUMU_BR
2025-10-31,STR-LN-104143,TKN-SHA256-97CBD569,John Chebet,ID-HASH-0B3F06DA88,BOSA-SCH,School Fees Advance,215000.00,98000.00,7500.00,0,STAGE_1_PERFORMING,0.41%,4.9x,KERICHO_CENTRAL
2025-10-31,STR-LN-104144,TKN-SHA256-9B94E916,Philemon Chebet,ID-HASH-B5FC0EFED2,BOSA-SCH,School Fees Advance,220000.00,90000.00,7500.00,0,STAGE_1_PERFORMING,0.30%,3.1x,BOMET_BRANCH
2025-10-31,STR-LN-104145,TKN-SHA256-58E44010,Lucy Bett,ID-HASH-48E3F0B15A,AGRI-TEA,Tea & Coffee Farm Development,365000.00,179000.00,13000.00,0,STAGE_1_PERFORMING,0.26%,3.1x,KERICHO_CENTRAL
2025-10-31,STR-LN-104146,TKN-SHA256-63615858,Peter Cheruiyot,ID-HASH-93C718A3EF,AGRI-TEA,Tea & Coffee Farm Development,1195000.00,914000.00,42000.00,0,STAGE_1_PERFORMING,0.44%,2.9x,UPPER_HILL
2025-10-31,STR-LN-104147,TKN-SHA256-A1608AF1,Kiprono Otieno,ID-HASH-A8044EBD4F,BOSA-EMG,Emergency Medical Facility,120000.00,87000.00,4000.00,0,STAGE_1_PERFORMING,0.69%,2.8x,ELDORET_BR
2025-10-31,STR-LN-104148,TKN-SHA256-65065DBB,Peter Koech,ID-HASH-9A89E6A051,ASSET-FIN,Vehicle & Asset Finance,4030000.00,2345000.00,141000.00,0,STAGE_1_PERFORMING,0.31%,1.9x,BOMET_BRANCH
2025-10-31,STR-LN-104149,TKN-SHA256-32447E9F,Kiprono Cheruiyot,ID-HASH-3DA78F7A44,ASSET-FIN,Vehicle & Asset Finance,4720000.00,2130000.00,165000.00,0,STAGE_1_PERFORMING,0.25%,1.3x,KISUMU_BR
2025-10-31,STR-LN-104150,TKN-SHA256-C35A5AD3,David Njoroge,ID-HASH-F497C4A5B5,BOSA-EMG,Emergency Medical Facility,130000.00,25000.00,4500.00,0,STAGE_1_PERFORMING,0.88%,3.3x,HQ_NAIROBI
2025-10-31,STR-LN-104151,TKN-SHA256-6DF64695,David Wambui,ID-HASH-D0094323EC,BOSA-EMG,Emergency Medical Facility,200000.00,172000.00,7000.00,0,STAGE_1_PERFORMING,0.80%,2.0x,KISUMU_BR
2025-10-31,STR-LN-104152,TKN-SHA256-952BE138,James Kiptoo,ID-HASH-6E8F1F0135,BOSA-NRM,Development Loan Normal,2225000.00,1960000.00,78000.00,0,STAGE_1_PERFORMING,0.75%,2.9x,BOMET_BRANCH
2025-10-31,STR-LN-104153,TKN-SHA256-9B2045A0,Kiprono Ochieng,ID-HASH-6DA573B46B,BOSA-EMG,Emergency Medical Facility,200000.00,36000.00,7000.00,0,STAGE_1_PERFORMING,0.26%,2.7x,KERICHO_CENTRAL
2025-10-31,STR-LN-104154,TKN-SHA256-9F3336E8,Wesley Njoroge,ID-HASH-C8C0D56F98,BOSA-SCH,School Fees Advance,45000.00,19000.00,1500.00,0,STAGE_1_PERFORMING,0.51%,3.5x,NANDI_HILLS
2025-10-31,STR-LN-104155,TKN-SHA256-B75680DF,Tabitha Kiptoo,ID-HASH-805B1B57B2,AGRI-TEA,Tea & Coffee Farm Development,625000.00,158000.00,22000.00,0,STAGE_1_PERFORMING,0.45%,2.4x,WESTLANDS
2025-10-31,STR-LN-104156,TKN-SHA256-79AB647F,Catherine Kamau,ID-HASH-EB9C98A523,BOSA-SCH,School Fees Advance,60000.00,56000.00,2000.00,0,STAGE_1_PERFORMING,0.88%,4.0x,HQ_NAIROBI
2025-10-31,STR-LN-104157,TKN-SHA256-21E1053F,Catherine Rono,ID-HASH-EC8E4405FC,FOSA-ADV,Salary Advance 30D,125000.00,47000.00,4500.00,0,STAGE_1_PERFORMING,0.16%,1.4x,KISUMU_BR
2025-10-31,STR-LN-104158,TKN-SHA256-7F5ADC59,Philemon Koech,ID-HASH-EF8A187035,BOSA-SCH,School Fees Advance,185000.00,62000.00,6500.00,0,STAGE_1_PERFORMING,0.19%,4.4x,UPPER_HILL
2025-10-31,STR-LN-104159,TKN-SHA256-00E43119,Fatuma Wanjiku,ID-HASH-1E1C0B7C8A,BOSA-SCH,School Fees Advance,155000.00,99000.00,5500.00,27,STAGE_1_EARLY_WATCH,1.35%,4.1x,WESTLANDS
2025-10-31,STR-LN-104160,TKN-SHA256-4478CE71,Lucy Rono,ID-HASH-7A859FB06D,BOSA-SCH,School Fees Advance,180000.00,148000.00,6500.00,0,STAGE_1_PERFORMING,0.76%,3.0x,NAKURU_BR
2025-10-31,STR-LN-104161,TKN-SHA256-CD3FFDEB,Fatuma Rono,ID-HASH-8745FD4445,MSME-WCP,Business Working Capital,1565000.00,1300000.00,55000.00,0,STAGE_1_PERFORMING,0.67%,2.3x,HQ_NAIROBI
2025-10-31,STR-LN-104162,TKN-SHA256-56C1EF62,Alice Achieng,ID-HASH-CE6399B79C,BOSA-EMG,Emergency Medical Facility,80000.00,25000.00,3000.00,0,STAGE_1_PERFORMING,0.70%,2.9x,NANDI_HILLS
2025-10-31,STR-LN-104163,TKN-SHA256-63E7CB3B,Geoffrey Omondi,ID-HASH-45FE6F1FB9,BOSA-EMG,Emergency Medical Facility,255000.00,226000.00,9000.00,0,STAGE_1_PERFORMING,0.72%,2.7x,HQ_NAIROBI
2025-10-31,STR-LN-104164,TKN-SHA256-CC1D78D1,Stephen Kimani,ID-HASH-F24F2ED93E,ASSET-FIN,Vehicle & Asset Finance,2265000.00,831000.00,79500.00,0,STAGE_1_PERFORMING,0.28%,2.0x,HQ_NAIROBI
2025-10-31,STR-LN-104165,TKN-SHA256-3D234E69,John Koech,ID-HASH-3D1AC72F5B,BOSA-EMG,Emergency Medical Facility,90000.00,22000.00,3000.00,0,STAGE_1_PERFORMING,0.64%,3.4x,KERICHO_CENTRAL
2025-10-31,STR-LN-104166,TKN-SHA256-264155B5,Jane Bett,ID-HASH-7F77B79F7C,BOSA-EMG,Emergency Medical Facility,110000.00,98000.00,4000.00,0,STAGE_1_PERFORMING,0.39%,3.0x,NANDI_HILLS
2025-10-31,STR-LN-104167,TKN-SHA256-D2488CCE,Jane Langat,ID-HASH-68BA398919,FOSA-ADV,Salary Advance 30D,25000.00,11000.00,1000.00,0,STAGE_1_PERFORMING,0.55%,1.4x,ELDORET_BR
2025-10-31,STR-LN-104168,TKN-SHA256-E065158A,Wesley Kimani,ID-HASH-6ACBD69DA9,MSME-WCP,Business Working Capital,405000.00,339000.00,14000.00,0,STAGE_1_PERFORMING,0.88%,1.7x,MOMBASA_BR
2025-10-31,STR-LN-104169,TKN-SHA256-5AEFA76E,John Kariuki,ID-HASH-3E246CCC86,MSME-WCP,Business Working Capital,950000.00,758000.00,33000.00,0,STAGE_1_PERFORMING,0.63%,2.3x,HQ_NAIROBI
2025-10-31,STR-LN-104170,TKN-SHA256-136F7E71,James Mutua,ID-HASH-C8BE782D10,ASSET-FIN,Vehicle & Asset Finance,2885000.00,1384000.00,101000.00,8,STAGE_1_EARLY_WATCH,1.33%,1.2x,NAKURU_BR
2025-10-31,STR-LN-104171,TKN-SHA256-3306A2C6,Wesley Ochieng,ID-HASH-4A8FA28655,BOSA-SCH,School Fees Advance,240000.00,46000.00,8500.00,25,STAGE_1_EARLY_WATCH,3.52%,3.6x,KERICHO_CENTRAL
2025-10-31,STR-LN-104172,TKN-SHA256-A20014A1,Mercy Achieng,ID-HASH-58DC88653D,BOSA-SCH,School Fees Advance,190000.00,179000.00,6500.00,0,STAGE_1_PERFORMING,0.56%,3.6x,ELDORET_BR
2025-10-31,STR-LN-104173,TKN-SHA256-10011449,Grace Ali,ID-HASH-F124F82F91,FOSA-ADV,Salary Advance 30D,135000.00,44000.00,4500.00,0,STAGE_1_PERFORMING,0.87%,1.2x,KERICHO_CENTRAL
2025-10-31,STR-LN-104174,TKN-SHA256-F6E67147,Jane Mutua,ID-HASH-2A67D6579F,BOSA-NRM,Development Loan Normal,1005000.00,452000.00,35000.00,0,STAGE_1_PERFORMING,0.46%,2.7x,UPPER_HILL
2025-10-31,STR-LN-104175,TKN-SHA256-A12C58B8,Dennis Koech,ID-HASH-20C2B5D09F,BOSA-SCH,School Fees Advance,165000.00,104000.00,6000.00,19,STAGE_1_EARLY_WATCH,4.18%,4.3x,BOMET_BRANCH
2025-10-31,STR-LN-104176,TKN-SHA256-CC6C487F,Mercy Langat,ID-HASH-04E9C59E25,BOSA-EMG,Emergency Medical Facility,195000.00,169000.00,7000.00,29,STAGE_1_EARLY_WATCH,3.68%,2.4x,MOMBASA_BR
2025-10-31,STR-LN-104177,TKN-SHA256-07253042,Mercy Otieno,ID-HASH-660625B6BA,AGRI-TEA,Tea & Coffee Farm Development,505000.00,204000.00,17500.00,0,STAGE_1_PERFORMING,0.84%,2.5x,WESTLANDS
2025-10-31,STR-LN-104178,TKN-SHA256-F0B24461,Kiprono Achieng,ID-HASH-97CC888DCE,MSME-WCP,Business Working Capital,690000.00,234000.00,24000.00,0,STAGE_1_PERFORMING,0.88%,2.4x,HQ_NAIROBI
2025-10-31,STR-LN-104179,TKN-SHA256-11C5084D,Wesley Mutua,ID-HASH-AED2856507,BOSA-NRM,Development Loan Normal,1040000.00,801000.00,36500.00,0,STAGE_1_PERFORMING,0.58%,2.8x,NAKURU_BR
2025-10-31,STR-LN-104180,TKN-SHA256-04B554C4,David Koech,ID-HASH-3D2A273428,BOSA-NRM,Development Loan Normal,1385000.00,687000.00,48500.00,0,STAGE_1_PERFORMING,0.74%,2.6x,MOMBASA_BR
2025-10-31,STR-LN-104181,TKN-SHA256-6BA1D50C,Peter Cheruiyot,ID-HASH-236A04CED6,BOSA-SCH,School Fees Advance,45000.00,15000.00,1500.00,0,STAGE_1_PERFORMING,0.31%,3.0x,WESTLANDS
2025-10-31,STR-LN-104182,TKN-SHA256-D15F7E0A,Gladys Kamau,ID-HASH-86309E6BCC,BOSA-EMG,Emergency Medical Facility,55000.00,12000.00,2000.00,1,STAGE_1_EARLY_WATCH,2.16%,2.1x,KISUMU_BR
2025-10-31,STR-LN-104183,TKN-SHA256-1E1F0380,Beatrice Siele,ID-HASH-C8E26CC721,AGRI-TEA,Tea & Coffee Farm Development,820000.00,404000.00,28500.00,0,STAGE_1_PERFORMING,0.17%,2.4x,UPPER_HILL
2025-10-31,STR-LN-104184,TKN-SHA256-6EF1870D,Hassan Kiptoo,ID-HASH-405CACF493,FOSA-ADV,Salary Advance 30D,55000.00,36000.00,2000.00,0,STAGE_1_PERFORMING,0.37%,1.6x,MOMBASA_BR
2025-10-31,STR-LN-104185,TKN-SHA256-13A77950,Emmanuel Kamau,ID-HASH-376F4F777D,ASSET-FIN,Vehicle & Asset Finance,4915000.00,1776000.00,172000.00,0,STAGE_1_PERFORMING,0.28%,2.0x,BOMET_BRANCH
2025-10-31,STR-LN-104186,TKN-SHA256-15E586CA,Emmanuel Kiptoo,ID-HASH-B7709FFE3B,AGRI-TEA,Tea & Coffee Farm Development,1090000.00,621000.00,38000.00,0,STAGE_1_PERFORMING,0.71%,3.7x,WESTLANDS
2025-10-31,STR-LN-104187,TKN-SHA256-B659A5EC,Grace Cheruiyot,ID-HASH-6AC65219FE,BOSA-SCH,School Fees Advance,200000.00,143000.00,7000.00,0,STAGE_1_PERFORMING,0.58%,3.3x,ELDORET_BR
2025-10-31,STR-LN-104188,TKN-SHA256-36C7E4E8,Hassan Chebet,ID-HASH-25BD8D6B72,ASSET-FIN,Vehicle & Asset Finance,4240000.00,2509000.00,148500.00,0,STAGE_1_PERFORMING,0.45%,1.6x,KISUMU_BR
2025-10-31,STR-LN-104189,TKN-SHA256-B090EAD4,Jane Koech,ID-HASH-DB8B232346,MSME-WCP,Business Working Capital,1295000.00,219000.00,45500.00,0,STAGE_1_PERFORMING,0.64%,1.7x,NANDI_HILLS
2025-10-31,STR-LN-104190,TKN-SHA256-0755C55D,Alice Ali,ID-HASH-2410F56230,BOSA-EMG,Emergency Medical Facility,115000.00,21000.00,4000.00,106,STAGE_3_NON_PERFORMING,25.64%,2.6x,UPPER_HILL
2025-10-31,STR-LN-104191,TKN-SHA256-11D5F35B,Mercy Sang,ID-HASH-397A1EDA70,FOSA-ADV,Salary Advance 30D,130000.00,54000.00,4500.00,0,STAGE_1_PERFORMING,0.76%,1.3x,KERICHO_CENTRAL
2025-10-31,STR-LN-104192,TKN-SHA256-930BCCF1,Mercy Siele,ID-HASH-587B013E5C,FOSA-ADV,Salary Advance 30D,125000.00,116000.00,4500.00,36,STAGE_2_UNDERPERFORMING,13.16%,1.1x,WESTLANDS
2025-10-31,STR-LN-104193,TKN-SHA256-434B98C1,Philemon Omondi,ID-HASH-8E64A46061,AGRI-TEA,Tea & Coffee Farm Development,900000.00,572000.00,31500.00,0,STAGE_1_PERFORMING,0.62%,3.6x,KISUMU_BR
2025-10-31,STR-LN-104194,TKN-SHA256-80B2E610,Lucy Cheruiyot,ID-HASH-7FCC29D63E,AGRI-TEA,Tea & Coffee Farm Development,170000.00,70000.00,6000.00,0,STAGE_1_PERFORMING,0.59%,3.4x,NAKURU_BR
2025-10-31,STR-LN-104195,TKN-SHA256-8F524BD1,Stephen Kariuki,ID-HASH-4AE2DB58FE,BOSA-NRM,Development Loan Normal,1230000.00,894000.00,43000.00,0,STAGE_1_PERFORMING,0.33%,3.5x,NANDI_HILLS
2025-10-31,STR-LN-104196,TKN-SHA256-C7AFFCB0,Mercy Sang,ID-HASH-83AECC9392,BOSA-SCH,School Fees Advance,130000.00,48000.00,4500.00,0,STAGE_1_PERFORMING,0.58%,3.5x,HQ_NAIROBI
2025-10-31,STR-LN-104197,TKN-SHA256-F77977B5,Stephen Langat,ID-HASH-5B7576365D,BOSA-SCH,School Fees Advance,130000.00,106000.00,4500.00,0,STAGE_1_PERFORMING,0.61%,3.2x,UPPER_HILL
2025-10-31,STR-LN-104198,TKN-SHA256-46A5053A,Dennis Kimani,ID-HASH-866D03199A,BOSA-NRM,Development Loan Normal,850000.00,213000.00,30000.00,26,STAGE_1_EARLY_WATCH,3.43%,3.6x,WESTLANDS
2025-10-31,STR-LN-104199,TKN-SHA256-08108563,Cosmas Kiptoo,ID-HASH-EDE6847896,AGRI-TEA,Tea & Coffee Farm Development,940000.00,814000.00,33000.00,0,STAGE_1_PERFORMING,0.59%,3.5x,UPPER_HILL
2025-10-31,STR-LN-104200,TKN-SHA256-208B821C,Cosmas Siele,ID-HASH-61498C0E4D,BOSA-NRM,Development Loan Normal,1545000.00,1318000.00,54000.00,16,STAGE_1_EARLY_WATCH,3.70%,2.9x,WESTLANDS
2025-10-31,STR-LN-104201,TKN-SHA256-D7E8398D,Geoffrey Bett,ID-HASH-77DD87FA49,BOSA-EMG,Emergency Medical Facility,150000.00,94000.00,5500.00,4,STAGE_1_EARLY_WATCH,2.63%,3.2x,BOMET_BRANCH
2025-10-31,STR-LN-104202,TKN-SHA256-EFED67C1,Gladys Mwangi,ID-HASH-F7EB22FCC2,AGRI-TEA,Tea & Coffee Farm Development,585000.00,375000.00,20500.00,0,STAGE_1_PERFORMING,0.71%,3.7x,BOMET_BRANCH
2025-10-31,STR-LN-104203,TKN-SHA256-1EA8AD81,Alice Gitonga,ID-HASH-457904E7FF,AGRI-TEA,Tea & Coffee Farm Development,220000.00,48000.00,7500.00,0,STAGE_1_PERFORMING,0.92%,2.2x,WESTLANDS
2025-10-31,STR-LN-104204,TKN-SHA256-D4AA6D1E,Mary Mwangi,ID-HASH-C56EC1DB8A,FOSA-ADV,Salary Advance 30D,55000.00,8000.00,2000.00,0,STAGE_1_PERFORMING,0.82%,1.1x,WESTLANDS
2025-10-31,STR-LN-104205,TKN-SHA256-04AF6658,Mercy Bett,ID-HASH-0CD4FDC592,AGRI-TEA,Tea & Coffee Farm Development,930000.00,269000.00,32500.00,0,STAGE_1_PERFORMING,0.64%,2.7x,MOMBASA_BR
2025-10-31,STR-LN-104206,TKN-SHA256-52CCCB91,Kiprono Hassan,ID-HASH-7F8A29A4CE,FOSA-ADV,Salary Advance 30D,55000.00,40000.00,2000.00,0,STAGE_1_PERFORMING,0.20%,1.5x,KISUMU_BR
2025-10-31,STR-LN-104207,TKN-SHA256-E698824F,Gladys Ali,ID-HASH-068F0D23CE,BOSA-SCH,School Fees Advance,120000.00,89000.00,4000.00,0,STAGE_1_PERFORMING,0.52%,4.4x,WESTLANDS
2025-10-31,STR-LN-104208,TKN-SHA256-94548DBD,Kiprono Korir,ID-HASH-21786DDFAB,BOSA-EMG,Emergency Medical Facility,230000.00,125000.00,8000.00,0,STAGE_1_PERFORMING,0.81%,2.9x,NAKURU_BR
2025-10-31,STR-LN-104209,TKN-SHA256-A449441C,Fatuma Koech,ID-HASH-8C17699AE9,BOSA-NRM,Development Loan Normal,3380000.00,905000.00,118500.00,0,STAGE_1_PERFORMING,0.74%,3.6x,UPPER_HILL
2025-10-31,STR-LN-104210,TKN-SHA256-45FDF994,John Kariuki,ID-HASH-263F2CE0B5,ASSET-FIN,Vehicle & Asset Finance,4140000.00,3676000.00,145000.00,0,STAGE_1_PERFORMING,0.17%,1.5x,KERICHO_CENTRAL
2025-10-31,STR-LN-104211,TKN-SHA256-292FE7E7,Hassan Mutua,ID-HASH-073DFE1E79,FOSA-ADV,Salary Advance 30D,30000.00,12000.00,1000.00,0,STAGE_1_PERFORMING,0.48%,1.2x,NANDI_HILLS
2025-10-31,STR-LN-104212,TKN-SHA256-AE3AAAB1,Bernard Njoroge,ID-HASH-5CDE050D72,BOSA-EMG,Emergency Medical Facility,95000.00,54000.00,3500.00,0,STAGE_1_PERFORMING,0.74%,2.8x,ELDORET_BR
2025-10-31,STR-LN-104213,TKN-SHA256-1D725964,Bernard Korir,ID-HASH-3EA1C8A7E1,ASSET-FIN,Vehicle & Asset Finance,3245000.00,2093000.00,113500.00,0,STAGE_1_PERFORMING,0.26%,1.9x,KERICHO_CENTRAL
2025-10-31,STR-LN-104214,TKN-SHA256-7F47386B,Tabitha Kamau,ID-HASH-5D1609A453,ASSET-FIN,Vehicle & Asset Finance,4180000.00,2054000.00,146500.00,0,STAGE_1_PERFORMING,0.63%,1.8x,KISUMU_BR
2025-10-31,STR-LN-104215,TKN-SHA256-2ABF9092,Alice Kimani,ID-HASH-0D6B29B437,MSME-WCP,Business Working Capital,785000.00,493000.00,27500.00,0,STAGE_1_PERFORMING,0.20%,2.3x,HQ_NAIROBI
2025-10-31,STR-LN-104216,TKN-SHA256-F4155101,Mercy Achieng,ID-HASH-880DE7A56E,FOSA-ADV,Salary Advance 30D,35000.00,19000.00,1000.00,0,STAGE_1_PERFORMING,0.34%,1.6x,WESTLANDS
2025-10-31,STR-LN-104217,TKN-SHA256-40966347,Lucy Langat,ID-HASH-8A05031F7A,BOSA-SCH,School Fees Advance,110000.00,81000.00,4000.00,0,STAGE_1_PERFORMING,0.83%,3.1x,HQ_NAIROBI
2025-10-31,STR-LN-104218,TKN-SHA256-2D2F1378,Dennis Wanjiku,ID-HASH-0C08CE2977,BOSA-EMG,Emergency Medical Facility,240000.00,117000.00,8500.00,0,STAGE_1_PERFORMING,0.69%,2.3x,WESTLANDS
2025-10-31,STR-LN-104219,TKN-SHA256-4DF9774D,Beatrice Koech,ID-HASH-38C34A5760,BOSA-NRM,Development Loan Normal,1855000.00,624000.00,65000.00,0,STAGE_1_PERFORMING,0.39%,3.2x,ELDORET_BR
2025-10-31,STR-LN-104220,TKN-SHA256-601BD96B,John Achieng,ID-HASH-405AE1901B,ASSET-FIN,Vehicle & Asset Finance,4040000.00,1872000.00,141500.00,0,STAGE_1_PERFORMING,0.72%,1.6x,MOMBASA_BR
2025-10-31,STR-LN-104221,TKN-SHA256-F077A3D9,Bernard Koech,ID-HASH-91FD8C7E7C,FOSA-ADV,Salary Advance 30D,110000.00,99000.00,4000.00,0,STAGE_1_PERFORMING,0.41%,1.4x,HQ_NAIROBI
2025-10-31,STR-LN-104222,TKN-SHA256-C0A2CDAF,Geoffrey Ali,ID-HASH-E65F91399C,AGRI-TEA,Tea & Coffee Farm Development,370000.00,202000.00,13000.00,0,STAGE_1_PERFORMING,0.91%,3.0x,WESTLANDS
2025-10-31,STR-LN-104223,TKN-SHA256-8D880091,John Koech,ID-HASH-2972D465CF,BOSA-EMG,Emergency Medical Facility,285000.00,86000.00,10000.00,0,STAGE_1_PERFORMING,0.57%,3.4x,BOMET_BRANCH
2025-10-31,STR-LN-104224,TKN-SHA256-C2ACF6F8,Grace Chebet,ID-HASH-8B42658121,MSME-WCP,Business Working Capital,265000.00,164000.00,9500.00,0,STAGE_1_PERFORMING,0.93%,2.7x,NAKURU_BR
2025-10-31,STR-LN-104225,TKN-SHA256-7C3D9894,Peter Gitonga,ID-HASH-0A7617E2CE,FOSA-ADV,Salary Advance 30D,145000.00,81000.00,5000.00,0,STAGE_1_PERFORMING,0.60%,1.3x,ELDORET_BR
2025-10-31,STR-LN-104226,TKN-SHA256-B6928C49,Stephen Ochieng,ID-HASH-09F34AD25F,BOSA-NRM,Development Loan Normal,1315000.00,312000.00,46000.00,0,STAGE_1_PERFORMING,0.83%,3.4x,NANDI_HILLS
2025-10-31,STR-LN-104227,TKN-SHA256-D8241F31,Philemon Korir,ID-HASH-43482DB0B1,ASSET-FIN,Vehicle & Asset Finance,1385000.00,823000.00,48500.00,0,STAGE_1_PERFORMING,0.78%,1.8x,MOMBASA_BR
2025-10-31,STR-LN-104228,TKN-SHA256-12E8F9E2,John Siele,ID-HASH-B0F7149874,BOSA-EMG,Emergency Medical Facility,180000.00,159000.00,6500.00,7,STAGE_1_EARLY_WATCH,3.00%,2.6x,WESTLANDS
2025-10-31,STR-LN-104229,TKN-SHA256-9A04F889,Beatrice Ochieng,ID-HASH-FE8E33C6CA,AGRI-TEA,Tea & Coffee Farm Development,260000.00,203000.00,9000.00,0,STAGE_1_PERFORMING,0.63%,3.2x,NAKURU_BR
2025-10-31,STR-LN-104230,TKN-SHA256-9747465E,Kiprono Kiptoo,ID-HASH-005FE838DE,MSME-WCP,Business Working Capital,575000.00,244000.00,20000.00,0,STAGE_1_PERFORMING,0.21%,1.8x,KERICHO_CENTRAL
2025-10-31,STR-LN-104231,TKN-SHA256-A2E121DD,Dennis Rono,ID-HASH-C02F7E05CA,MSME-WCP,Business Working Capital,755000.00,454000.00,26500.00,0,STAGE_1_PERFORMING,0.77%,1.6x,KISUMU_BR
2025-10-31,STR-LN-104232,TKN-SHA256-96495664,Beatrice Langat,ID-HASH-490291AE06,ASSET-FIN,Vehicle & Asset Finance,2660000.00,2418000.00,93000.00,0,STAGE_1_PERFORMING,0.26%,1.6x,KISUMU_BR
2025-10-31,STR-LN-104233,TKN-SHA256-F4BAEC3C,Gladys Njoroge,ID-HASH-F40ADB6FCE,AGRI-TEA,Tea & Coffee Farm Development,675000.00,357000.00,23500.00,0,STAGE_1_PERFORMING,0.37%,3.2x,WESTLANDS
2025-10-31,STR-LN-104234,TKN-SHA256-AC615E8B,James Rono,ID-HASH-E1188D5F1E,MSME-WCP,Business Working Capital,505000.00,265000.00,17500.00,0,STAGE_1_PERFORMING,0.17%,2.5x,KISUMU_BR
2025-10-31,STR-LN-104235,TKN-SHA256-51E91C9F,James Kariuki,ID-HASH-83C1098880,BOSA-NRM,Development Loan Normal,700000.00,274000.00,24500.00,113,STAGE_3_NON_PERFORMING,27.28%,3.5x,MOMBASA_BR
2025-10-31,STR-LN-104236,TKN-SHA256-C03EFE90,Peter Cheruiyot,ID-HASH-1459627644,ASSET-FIN,Vehicle & Asset Finance,2890000.00,624000.00,101000.00,0,STAGE_1_PERFORMING,0.57%,1.5x,NANDI_HILLS
2025-10-31,STR-LN-104237,TKN-SHA256-A15899FF,Kiprono Gitonga,ID-HASH-6156C9A92A,BOSA-SCH,School Fees Advance,160000.00,125000.00,5500.00,0,STAGE_1_PERFORMING,0.78%,4.0x,BOMET_BRANCH
2025-10-31,STR-LN-104238,TKN-SHA256-75A2BAA5,James Cheruiyot,ID-HASH-6CAA1A2218,BOSA-SCH,School Fees Advance,125000.00,111000.00,4500.00,0,STAGE_1_PERFORMING,0.37%,4.5x,KISUMU_BR
2025-10-31,STR-LN-104239,TKN-SHA256-E3398E25,James Bett,ID-HASH-03F07E21D1,AGRI-TEA,Tea & Coffee Farm Development,615000.00,351000.00,21500.00,0,STAGE_1_PERFORMING,0.32%,3.6x,NANDI_HILLS
2025-10-31,STR-LN-104240,TKN-SHA256-4318E14E,Alice Gitonga,ID-HASH-D08C4CABF6,ASSET-FIN,Vehicle & Asset Finance,4470000.00,3000000.00,156500.00,0,STAGE_1_PERFORMING,0.94%,1.2x,UPPER_HILL
2025-10-31,STR-LN-104241,TKN-SHA256-565B001C,Jane Wanjiku,ID-HASH-F20E245FDA,ASSET-FIN,Vehicle & Asset Finance,4735000.00,3157000.00,165500.00,0,STAGE_1_PERFORMING,0.86%,1.3x,NAKURU_BR
2025-10-31,STR-LN-104242,TKN-SHA256-46D88EA0,Hassan Kiptoo,ID-HASH-A3AC54A5F3,BOSA-NRM,Development Loan Normal,3455000.00,2065000.00,121000.00,89,STAGE_2_UNDERPERFORMING,13.35%,2.7x,BOMET_BRANCH
2025-10-31,STR-LN-104243,TKN-SHA256-A658D535,David Kimani,ID-HASH-F3FAE33215,FOSA-ADV,Salary Advance 30D,140000.00,62000.00,5000.00,0,STAGE_1_PERFORMING,0.72%,1.3x,HQ_NAIROBI
2025-10-31,STR-LN-104244,TKN-SHA256-B5DDDB67,Peter Mwangi,ID-HASH-1C0210F119,BOSA-SCH,School Fees Advance,130000.00,90000.00,4500.00,0,STAGE_1_PERFORMING,0.47%,3.7x,NANDI_HILLS
2025-10-31,STR-LN-104245,TKN-SHA256-A7006E53,Beatrice Bett,ID-HASH-515F74DB4B,ASSET-FIN,Vehicle & Asset Finance,2460000.00,2293000.00,86000.00,0,STAGE_1_PERFORMING,0.86%,1.8x,KERICHO_CENTRAL
2025-10-31,STR-LN-104246,TKN-SHA256-FAAB131C,Geoffrey Bett,ID-HASH-93EEB91637,BOSA-SCH,School Fees Advance,150000.00,123000.00,5500.00,0,STAGE_1_PERFORMING,0.42%,3.4x,MOMBASA_BR
2025-10-31,STR-LN-104247,TKN-SHA256-309FBC32,Lucy Rono,ID-HASH-283F699EC2,AGRI-TEA,Tea & Coffee Farm Development,200000.00,68000.00,7000.00,0,STAGE_1_PERFORMING,0.68%,3.0x,HQ_NAIROBI
2025-10-31,STR-LN-104248,TKN-SHA256-AA28BDA3,Beatrice Hassan,ID-HASH-40D975D009,BOSA-SCH,School Fees Advance,125000.00,87000.00,4500.00,26,STAGE_1_EARLY_WATCH,2.77%,4.7x,ELDORET_BR
2025-10-31,STR-LN-104249,TKN-SHA256-11E2CD03,Mercy Korir,ID-HASH-D1C1FEFCE9,ASSET-FIN,Vehicle & Asset Finance,4125000.00,2843000.00,144500.00,77,STAGE_2_UNDERPERFORMING,6.75%,1.7x,MOMBASA_BR
2025-10-31,STR-LN-104250,TKN-SHA256-8CB6EEA9,Emmanuel Omondi,ID-HASH-7B507D1A85,BOSA-NRM,Development Loan Normal,2670000.00,1096000.00,93500.00,0,STAGE_1_PERFORMING,0.85%,3.4x,ELDORET_BR
2025-10-31,STR-LN-104251,TKN-SHA256-C3029578,Wesley Sang,ID-HASH-FF6EF2D5E3,ASSET-FIN,Vehicle & Asset Finance,2685000.00,1346000.00,94000.00,0,STAGE_1_PERFORMING,0.25%,1.4x,ELDORET_BR
2025-10-31,STR-LN-104252,TKN-SHA256-F7D08990,Wesley Kariuki,ID-HASH-0931C00C8B,ASSET-FIN,Vehicle & Asset Finance,4470000.00,1507000.00,156500.00,0,STAGE_1_PERFORMING,0.86%,1.5x,UPPER_HILL
2025-10-31,STR-LN-104253,TKN-SHA256-ACFAA305,Catherine Kamau,ID-HASH-65FF453E08,BOSA-NRM,Development Loan Normal,1645000.00,268000.00,57500.00,0,STAGE_1_PERFORMING,0.48%,2.7x,MOMBASA_BR
2025-10-31,STR-LN-104254,TKN-SHA256-4CB2E442,Fatuma Kamau,ID-HASH-4A9483C696,ASSET-FIN,Vehicle & Asset Finance,3505000.00,1280000.00,122500.00,0,STAGE_1_PERFORMING,0.54%,1.7x,NAKURU_BR
2025-10-31,STR-LN-104255,TKN-SHA256-90E1F656,Jane Njoroge,ID-HASH-2D89DD14DB,BOSA-NRM,Development Loan Normal,645000.00,408000.00,22500.00,0,STAGE_1_PERFORMING,0.44%,3.1x,MOMBASA_BR
2025-10-31,STR-LN-104256,TKN-SHA256-2C5C90EE,Hassan Otieno,ID-HASH-5DCEB6FB28,BOSA-EMG,Emergency Medical Facility,65000.00,39000.00,2500.00,0,STAGE_1_PERFORMING,0.33%,3.0x,KISUMU_BR
2025-10-31,STR-LN-104257,TKN-SHA256-5E5573D2,James Wanjiku,ID-HASH-09D3CFCC2A,FOSA-ADV,Salary Advance 30D,20000.00,15000.00,500.00,0,STAGE_1_PERFORMING,0.26%,1.0x,MOMBASA_BR
2025-10-31,STR-LN-104258,TKN-SHA256-A529384B,Tabitha Kamau,ID-HASH-6BB8D8FEC7,MSME-WCP,Business Working Capital,710000.00,396000.00,25000.00,0,STAGE_1_PERFORMING,0.18%,2.1x,NANDI_HILLS
2025-10-31,STR-LN-104259,TKN-SHA256-147098E3,David Gitonga,ID-HASH-539C7DACEE,BOSA-NRM,Development Loan Normal,3405000.00,2900000.00,119000.00,0,STAGE_1_PERFORMING,0.38%,4.1x,ELDORET_BR
2025-10-31,STR-LN-104260,TKN-SHA256-DD59B0C4,Stephen Kimani,ID-HASH-537F5F87DD,BOSA-EMG,Emergency Medical Facility,205000.00,158000.00,7000.00,0,STAGE_1_PERFORMING,0.51%,2.1x,WESTLANDS
2025-10-31,STR-LN-104261,TKN-SHA256-297A2FA5,Tabitha Kimani,ID-HASH-2D243BD53F,BOSA-NRM,Development Loan Normal,1735000.00,295000.00,60500.00,0,STAGE_1_PERFORMING,0.44%,3.2x,MOMBASA_BR
2025-10-31,STR-LN-104262,TKN-SHA256-8F6B40E8,Philemon Kariuki,ID-HASH-7CA9F1E633,BOSA-NRM,Development Loan Normal,2270000.00,747000.00,79500.00,0,STAGE_1_PERFORMING,0.68%,3.9x,WESTLANDS
2025-10-31,STR-LN-104263,TKN-SHA256-BA429816,James Njoroge,ID-HASH-6E55AF40DC,BOSA-EMG,Emergency Medical Facility,75000.00,33000.00,2500.00,0,STAGE_1_PERFORMING,0.24%,3.0x,NAKURU_BR
2025-10-31,STR-LN-104264,TKN-SHA256-2A8F2C4A,Fatuma Siele,ID-HASH-31B0B1C2AE,BOSA-NRM,Development Loan Normal,2795000.00,1866000.00,98000.00,0,STAGE_1_PERFORMING,0.30%,2.7x,NANDI_HILLS
2025-10-31,STR-LN-104265,TKN-SHA256-A772EFDA,Dennis Achieng,ID-HASH-BF29BC5D1D,FOSA-ADV,Salary Advance 30D,65000.00,45000.00,2500.00,0,STAGE_1_PERFORMING,0.67%,1.4x,NAKURU_BR
2025-10-31,STR-LN-104266,TKN-SHA256-649A343B,Geoffrey Koech,ID-HASH-D670D86231,FOSA-ADV,Salary Advance 30D,20000.00,9000.00,500.00,0,STAGE_1_PERFORMING,0.19%,1.1x,HQ_NAIROBI
2025-10-31,STR-LN-104267,TKN-SHA256-15439E5B,Wesley Bett,ID-HASH-F0B7A333C4,BOSA-SCH,School Fees Advance,215000.00,159000.00,7500.00,0,STAGE_1_PERFORMING,0.40%,3.4x,KERICHO_CENTRAL
2025-10-31,STR-LN-104268,TKN-SHA256-EC91D94E,Mary Sang,ID-HASH-2DEEDE376C,ASSET-FIN,Vehicle & Asset Finance,1615000.00,302000.00,56500.00,0,STAGE_1_PERFORMING,0.63%,1.8x,ELDORET_BR
2025-10-31,STR-LN-104269,TKN-SHA256-83EC38BF,Cosmas Kiptoo,ID-HASH-5541665AE1,BOSA-NRM,Development Loan Normal,3215000.00,1270000.00,112500.00,0,STAGE_1_PERFORMING,0.62%,2.9x,HQ_NAIROBI
2025-10-31,STR-LN-104270,TKN-SHA256-01EE9CAE,David Koech,ID-HASH-36C236896F,BOSA-SCH,School Fees Advance,120000.00,87000.00,4000.00,0,STAGE_1_PERFORMING,0.68%,3.1x,NAKURU_BR
2025-10-31,STR-LN-104271,TKN-SHA256-210FAFFD,Beatrice Achieng,ID-HASH-B0458B3217,BOSA-SCH,School Fees Advance,105000.00,24000.00,3500.00,0,STAGE_1_PERFORMING,0.50%,3.2x,HQ_NAIROBI
2025-10-31,STR-LN-104272,TKN-SHA256-54B68034,Jane Kiptoo,ID-HASH-E88E5DCAE0,AGRI-TEA,Tea & Coffee Farm Development,565000.00,185000.00,20000.00,0,STAGE_1_PERFORMING,0.76%,2.7x,WESTLANDS
2025-10-31,STR-LN-104273,TKN-SHA256-9916DE1B,Jane Ochieng,ID-HASH-2A493BA2C4,FOSA-ADV,Salary Advance 30D,30000.00,7000.00,1000.00,18,STAGE_1_EARLY_WATCH,4.03%,1.1x,BOMET_BRANCH
2025-10-31,STR-LN-104274,TKN-SHA256-7CDC3FDC,Bernard Korir,ID-HASH-8BAE44630B,MSME-WCP,Business Working Capital,1785000.00,549000.00,62500.00,20,STAGE_1_EARLY_WATCH,1.62%,1.7x,ELDORET_BR
2025-10-31,STR-LN-104275,TKN-SHA256-3603CF1A,Bernard Otieno,ID-HASH-80B836E026,BOSA-SCH,School Fees Advance,225000.00,141000.00,8000.00,0,STAGE_1_PERFORMING,0.55%,4.9x,WESTLANDS
2025-10-31,STR-LN-104276,TKN-SHA256-5003C556,Lucy Achieng,ID-HASH-2D9B75CD00,ASSET-FIN,Vehicle & Asset Finance,2350000.00,980000.00,82500.00,0,STAGE_1_PERFORMING,0.89%,1.4x,NAKURU_BR
2025-10-31,STR-LN-104277,TKN-SHA256-9E5A6285,Dennis Rono,ID-HASH-2BB9ED1E8D,BOSA-NRM,Development Loan Normal,1305000.00,1099000.00,45500.00,15,STAGE_1_EARLY_WATCH,4.15%,2.4x,KISUMU_BR
2025-10-31,STR-LN-104278,TKN-SHA256-9050119F,Grace Wambui,ID-HASH-3B8AA02A45,MSME-WCP,Business Working Capital,765000.00,275000.00,27000.00,0,STAGE_1_PERFORMING,0.42%,2.3x,ELDORET_BR
2025-10-31,STR-LN-104279,TKN-SHA256-2335AF69,Jane Sang,ID-HASH-5A012C8527,ASSET-FIN,Vehicle & Asset Finance,2500000.00,681000.00,87500.00,0,STAGE_1_PERFORMING,0.22%,1.3x,MOMBASA_BR
2025-10-31,STR-LN-104280,TKN-SHA256-7235E0A0,Stephen Cheruiyot,ID-HASH-7C8B4468A8,ASSET-FIN,Vehicle & Asset Finance,1980000.00,1174000.00,69500.00,0,STAGE_1_PERFORMING,0.74%,1.3x,KERICHO_CENTRAL
2025-10-31,STR-LN-104281,TKN-SHA256-1619EC9C,Lucy Ochieng,ID-HASH-7172212157,ASSET-FIN,Vehicle & Asset Finance,1545000.00,321000.00,54000.00,0,STAGE_1_PERFORMING,0.41%,1.3x,BOMET_BRANCH
2025-10-31,STR-LN-104282,TKN-SHA256-B02606A1,James Ali,ID-HASH-B6E5DFBB99,FOSA-ADV,Salary Advance 30D,130000.00,43000.00,4500.00,0,STAGE_1_PERFORMING,0.40%,1.2x,NANDI_HILLS
2025-10-31,STR-LN-104283,TKN-SHA256-457E0B38,Samuel Ruto,ID-HASH-B2DEDCBCE5,FOSA-ADV,Salary Advance 30D,105000.00,94000.00,3500.00,11,STAGE_1_EARLY_WATCH,4.03%,1.2x,ELDORET_BR
2025-10-31,STR-LN-104284,TKN-SHA256-36957D98,Peter Ali,ID-HASH-9CC8F8B29A,BOSA-NRM,Development Loan Normal,1290000.00,732000.00,45000.00,0,STAGE_1_PERFORMING,0.84%,3.5x,KISUMU_BR
2025-10-31,STR-LN-104285,TKN-SHA256-9F8EB4BA,Catherine Wanjiku,ID-HASH-1548F15CF4,AGRI-TEA,Tea & Coffee Farm Development,1200000.00,957000.00,42000.00,0,STAGE_1_PERFORMING,0.44%,2.9x,HQ_NAIROBI
2025-10-31,STR-LN-104286,TKN-SHA256-CA5D788E,Lucy Langat,ID-HASH-F145CD464B,BOSA-SCH,School Fees Advance,220000.00,72000.00,7500.00,65,STAGE_2_UNDERPERFORMING,12.37%,5.1x,UPPER_HILL
2025-10-31,STR-LN-104287,TKN-SHA256-A366A257,Jane Bett,ID-HASH-AC13AA8F7E,BOSA-NRM,Development Loan Normal,640000.00,127000.00,22500.00,0,STAGE_1_PERFORMING,0.79%,3.7x,MOMBASA_BR
2025-10-31,STR-LN-104288,TKN-SHA256-108C095A,Beatrice Ali,ID-HASH-CE2835EF07,BOSA-NRM,Development Loan Normal,2870000.00,963000.00,100500.00,0,STAGE_1_PERFORMING,0.94%,3.4x,KISUMU_BR
2025-10-31,STR-LN-104289,TKN-SHA256-F853B101,David Cheruiyot,ID-HASH-D9E7244364,BOSA-SCH,School Fees Advance,120000.00,105000.00,4000.00,0,STAGE_1_PERFORMING,0.86%,3.9x,KISUMU_BR
2025-10-31,STR-LN-104290,TKN-SHA256-F3627BC1,Fatuma Kimani,ID-HASH-84ABCDD2BC,BOSA-EMG,Emergency Medical Facility,120000.00,46000.00,4000.00,19,STAGE_1_EARLY_WATCH,2.82%,1.9x,MOMBASA_BR
2025-10-31,STR-LN-104291,TKN-SHA256-DF2C7837,Cosmas Ali,ID-HASH-53170240D5,AGRI-TEA,Tea & Coffee Farm Development,1060000.00,840000.00,37000.00,0,STAGE_1_PERFORMING,0.74%,2.3x,BOMET_BRANCH
2025-10-31,STR-LN-104292,TKN-SHA256-191C2001,John Ali,ID-HASH-BE41E8AB72,BOSA-EMG,Emergency Medical Facility,110000.00,21000.00,4000.00,0,STAGE_1_PERFORMING,0.57%,2.5x,NAKURU_BR
2025-10-31,STR-LN-104293,TKN-SHA256-6DE4DA8E,Cosmas Ochieng,ID-HASH-35F29FD703,AGRI-TEA,Tea & Coffee Farm Development,210000.00,130000.00,7500.00,0,STAGE_1_PERFORMING,0.51%,2.5x,HQ_NAIROBI
2025-10-31,STR-LN-104294,TKN-SHA256-4A84E444,James Wambui,ID-HASH-4CE36D42D8,BOSA-SCH,School Fees Advance,210000.00,190000.00,7500.00,0,STAGE_1_PERFORMING,0.17%,3.5x,NANDI_HILLS
2025-10-31,STR-LN-104295,TKN-SHA256-818DF5D3,Philemon Gitonga,ID-HASH-F1EE2821B5,BOSA-EMG,Emergency Medical Facility,60000.00,25000.00,2000.00,0,STAGE_1_PERFORMING,0.27%,2.5x,MOMBASA_BR
2025-10-31,STR-LN-104296,TKN-SHA256-B71356FB,Tabitha Mwangi,ID-HASH-86B214EE4E,BOSA-EMG,Emergency Medical Facility,70000.00,28000.00,2500.00,0,STAGE_1_PERFORMING,0.61%,3.4x,NANDI_HILLS
2025-10-31,STR-LN-104297,TKN-SHA256-D4310729,Philemon Kiptoo,ID-HASH-C2E4C78D8C,BOSA-SCH,School Fees Advance,110000.00,39000.00,4000.00,0,STAGE_1_PERFORMING,0.50%,3.0x,NANDI_HILLS
2025-10-31,STR-LN-104298,TKN-SHA256-796EECB3,Kiprono Rono,ID-HASH-1BB3762B61,BOSA-SCH,School Fees Advance,195000.00,100000.00,7000.00,0,STAGE_1_PERFORMING,0.42%,4.3x,BOMET_BRANCH
2025-10-31,STR-LN-104299,TKN-SHA256-87B1358F,Peter Kamau,ID-HASH-D8D6A23482,MSME-WCP,Business Working Capital,1095000.00,453000.00,38500.00,0,STAGE_1_PERFORMING,0.50%,1.8x,ELDORET_BR
2025-10-31,STR-LN-104300,TKN-SHA256-42A4C41B,Lucy Mwangi,ID-HASH-D380CF2804,BOSA-SCH,School Fees Advance,130000.00,122000.00,4500.00,0,STAGE_1_PERFORMING,0.61%,3.0x,NANDI_HILLS
2025-10-31,STR-LN-104301,TKN-SHA256-C7BE2510,Kiprono Gitonga,ID-HASH-5E22EA89FB,BOSA-EMG,Emergency Medical Facility,90000.00,81000.00,3000.00,178,STAGE_3_NON_PERFORMING,40.87%,2.3x,WESTLANDS
2025-10-31,STR-LN-104302,TKN-SHA256-BB19F9CB,Beatrice Hassan,ID-HASH-5D3352A55C,FOSA-ADV,Salary Advance 30D,80000.00,26000.00,3000.00,0,STAGE_1_PERFORMING,0.17%,1.2x,UPPER_HILL
2025-10-31,STR-LN-104303,TKN-SHA256-10DECA8E,Samuel Langat,ID-HASH-0BC5C07CFC,BOSA-EMG,Emergency Medical Facility,105000.00,81000.00,3500.00,0,STAGE_1_PERFORMING,0.91%,1.9x,BOMET_BRANCH
2025-10-31,STR-LN-104304,TKN-SHA256-DB6CFEEA,Geoffrey Omondi,ID-HASH-A62A0BEF83,AGRI-TEA,Tea & Coffee Farm Development,205000.00,128000.00,7000.00,0,STAGE_1_PERFORMING,0.41%,2.3x,KERICHO_CENTRAL
2025-10-31,STR-LN-104305,TKN-SHA256-7500B5A5,Kiprono Kiptoo,ID-HASH-D7E04E1CE9,FOSA-ADV,Salary Advance 30D,145000.00,114000.00,5000.00,0,STAGE_1_PERFORMING,0.24%,1.4x,UPPER_HILL
2025-10-31,STR-LN-104306,TKN-SHA256-CC10DE3D,Fatuma Ochieng,ID-HASH-BA6C2B09A3,BOSA-EMG,Emergency Medical Facility,160000.00,45000.00,5500.00,0,STAGE_1_PERFORMING,0.42%,2.5x,UPPER_HILL
2025-10-31,STR-LN-104307,TKN-SHA256-06A6EA8F,Peter Kimani,ID-HASH-AD748DBBE2,BOSA-NRM,Development Loan Normal,2335000.00,2002000.00,81500.00,0,STAGE_1_PERFORMING,0.50%,3.5x,ELDORET_BR
2025-10-31,STR-LN-104308,TKN-SHA256-545E9C82,Grace Mutua,ID-HASH-8CE7C017B4,BOSA-EMG,Emergency Medical Facility,200000.00,167000.00,7000.00,0,STAGE_1_PERFORMING,0.27%,2.0x,WESTLANDS
2025-10-31,STR-LN-104309,TKN-SHA256-E6217DDF,David Wanjiku,ID-HASH-74B62DF08F,BOSA-SCH,School Fees Advance,190000.00,146000.00,6500.00,0,STAGE_1_PERFORMING,0.68%,4.7x,NANDI_HILLS
2025-10-31,STR-LN-104310,TKN-SHA256-B3C48C3E,John Omondi,ID-HASH-8309EEB782,BOSA-NRM,Development Loan Normal,2340000.00,2007000.00,82000.00,0,STAGE_1_PERFORMING,0.91%,3.6x,ELDORET_BR
2025-10-31,STR-LN-104311,TKN-SHA256-B09A76E0,Mary Otieno,ID-HASH-2DFB5916D9,BOSA-EMG,Emergency Medical Facility,200000.00,108000.00,7000.00,0,STAGE_1_PERFORMING,0.22%,1.9x,UPPER_HILL
2025-10-31,STR-LN-104312,TKN-SHA256-D223E4E6,James Ochieng,ID-HASH-BAB1FFE9D9,ASSET-FIN,Vehicle & Asset Finance,4370000.00,2642000.00,153000.00,0,STAGE_1_PERFORMING,0.79%,1.6x,KERICHO_CENTRAL
2025-10-31,STR-LN-104313,TKN-SHA256-FB4C735D,Lucy Ruto,ID-HASH-88567DF404,BOSA-NRM,Development Loan Normal,2765000.00,671000.00,97000.00,11,STAGE_1_EARLY_WATCH,2.46%,2.5x,WESTLANDS
2025-10-31,STR-LN-104314,TKN-SHA256-3129C0BF,Emmanuel Ochieng,ID-HASH-7D4CB24BE9,BOSA-NRM,Development Loan Normal,1510000.00,1427000.00,53000.00,0,STAGE_1_PERFORMING,0.35%,2.5x,KERICHO_CENTRAL
2025-10-31,STR-LN-104315,TKN-SHA256-8995EE22,Lucy Kimani,ID-HASH-1703347C06,AGRI-TEA,Tea & Coffee Farm Development,970000.00,412000.00,34000.00,0,STAGE_1_PERFORMING,0.24%,2.8x,BOMET_BRANCH
2025-10-31,STR-LN-104316,TKN-SHA256-E7FEB6F1,Philemon Gitonga,ID-HASH-6519B8CA42,MSME-WCP,Business Working Capital,385000.00,244000.00,13500.00,81,STAGE_2_UNDERPERFORMING,8.93%,2.1x,MOMBASA_BR
2025-10-31,STR-LN-104317,TKN-SHA256-B03836B2,Mercy Bett,ID-HASH-8092BE5EE3,ASSET-FIN,Vehicle & Asset Finance,2260000.00,463000.00,79000.00,0,STAGE_1_PERFORMING,0.76%,1.4x,UPPER_HILL
2025-10-31,STR-LN-104318,TKN-SHA256-0090729D,Jane Wambui,ID-HASH-D8C0EE273A,AGRI-TEA,Tea & Coffee Farm Development,695000.00,614000.00,24500.00,79,STAGE_2_UNDERPERFORMING,6.07%,3.5x,HQ_NAIROBI
2025-10-31,STR-LN-104319,TKN-SHA256-FD34884C,Gladys Sang,ID-HASH-4AE598226B,BOSA-SCH,School Fees Advance,110000.00,70000.00,4000.00,0,STAGE_1_PERFORMING,0.82%,4.4x,BOMET_BRANCH
2025-10-31,STR-LN-104320,TKN-SHA256-DCD3423F,Jane Wanjiku,ID-HASH-BFF5B1E97E,BOSA-SCH,School Fees Advance,195000.00,184000.00,7000.00,17,STAGE_1_EARLY_WATCH,1.21%,3.3x,WESTLANDS
2025-10-31,STR-LN-104321,TKN-SHA256-7E2F22C9,Samuel Mwangi,ID-HASH-F97D47BFC1,ASSET-FIN,Vehicle & Asset Finance,1925000.00,1753000.00,67500.00,0,STAGE_1_PERFORMING,0.27%,1.5x,NAKURU_BR
2025-10-31,STR-LN-104322,TKN-SHA256-01A443B4,Emmanuel Korir,ID-HASH-4121E86A5F,BOSA-EMG,Emergency Medical Facility,120000.00,89000.00,4000.00,0,STAGE_1_PERFORMING,0.86%,2.9x,NAKURU_BR
2025-10-31,STR-LN-104323,TKN-SHA256-D6B06A66,Gladys Omondi,ID-HASH-CE59260D68,FOSA-ADV,Salary Advance 30D,55000.00,17000.00,2000.00,0,STAGE_1_PERFORMING,0.59%,1.0x,KISUMU_BR
2025-10-31,STR-LN-104324,TKN-SHA256-0AE1CC45,Cosmas Langat,ID-HASH-A81085ACAF,BOSA-EMG,Emergency Medical Facility,70000.00,66000.00,2500.00,22,STAGE_1_EARLY_WATCH,3.50%,2.6x,KERICHO_CENTRAL
2025-10-31,STR-LN-104325,TKN-SHA256-858A46C5,Mary Bett,ID-HASH-951D1D7D41,BOSA-EMG,Emergency Medical Facility,290000.00,266000.00,10000.00,0,STAGE_1_PERFORMING,0.28%,2.8x,WESTLANDS
2025-10-31,STR-LN-104326,TKN-SHA256-CAE37DD9,Catherine Kariuki,ID-HASH-931F7FB825,ASSET-FIN,Vehicle & Asset Finance,2345000.00,1980000.00,82000.00,0,STAGE_1_PERFORMING,0.33%,1.6x,KISUMU_BR
2025-10-31,STR-LN-104327,TKN-SHA256-2CDB8FCE,Kiprono Wambui,ID-HASH-F56B1EC97E,BOSA-EMG,Emergency Medical Facility,210000.00,181000.00,7500.00,7,STAGE_1_EARLY_WATCH,3.17%,3.3x,ELDORET_BR
2025-10-31,STR-LN-104328,TKN-SHA256-D7BC4926,Wesley Omondi,ID-HASH-6CC786DBF1,ASSET-FIN,Vehicle & Asset Finance,4435000.00,1439000.00,155000.00,0,STAGE_1_PERFORMING,0.90%,1.9x,ELDORET_BR
2025-10-31,STR-LN-104329,TKN-SHA256-5001C527,Samuel Korir,ID-HASH-1DA1615B56,MSME-WCP,Business Working Capital,1460000.00,1182000.00,51000.00,38,STAGE_2_UNDERPERFORMING,12.35%,1.8x,ELDORET_BR
2025-10-31,STR-LN-104330,TKN-SHA256-C158C18B,Peter Ruto,ID-HASH-F6EF6461AB,MSME-WCP,Business Working Capital,1440000.00,842000.00,50500.00,35,STAGE_2_UNDERPERFORMING,6.51%,2.1x,BOMET_BRANCH
2025-10-31,STR-LN-104331,TKN-SHA256-58ABEC36,Gladys Chebet,ID-HASH-E0D65375E7,AGRI-TEA,Tea & Coffee Farm Development,285000.00,99000.00,10000.00,0,STAGE_1_PERFORMING,0.72%,3.2x,MOMBASA_BR
2025-10-31,STR-LN-104332,TKN-SHA256-659F4C8B,John Ali,ID-HASH-82BDA1C466,BOSA-NRM,Development Loan Normal,560000.00,383000.00,19500.00,0,STAGE_1_PERFORMING,0.70%,2.4x,MOMBASA_BR
2025-10-31,STR-LN-104333,TKN-SHA256-F1DA00EA,Lucy Korir,ID-HASH-7DD82E8DDD,MSME-WCP,Business Working Capital,965000.00,596000.00,34000.00,0,STAGE_1_PERFORMING,0.53%,2.7x,KERICHO_CENTRAL
2025-10-31,STR-LN-104334,TKN-SHA256-A1A50396,Peter Kariuki,ID-HASH-7C26377A45,FOSA-ADV,Salary Advance 30D,80000.00,26000.00,3000.00,0,STAGE_1_PERFORMING,0.15%,1.1x,WESTLANDS
2025-10-31,STR-LN-104335,TKN-SHA256-DADF10AC,Grace Rono,ID-HASH-B66A562337,AGRI-TEA,Tea & Coffee Farm Development,480000.00,325000.00,17000.00,27,STAGE_1_EARLY_WATCH,3.58%,2.8x,BOMET_BRANCH
2025-10-31,STR-LN-104336,TKN-SHA256-A668C085,Jane Gitonga,ID-HASH-5CA4AC4CD3,FOSA-ADV,Salary Advance 30D,60000.00,40000.00,2000.00,0,STAGE_1_PERFORMING,0.89%,1.3x,KERICHO_CENTRAL
2025-10-31,STR-LN-104337,TKN-SHA256-E52646D1,Philemon Rono,ID-HASH-4E62629D47,ASSET-FIN,Vehicle & Asset Finance,2465000.00,689000.00,86500.00,0,STAGE_1_PERFORMING,0.42%,1.4x,UPPER_HILL
2025-10-31,STR-LN-104338,TKN-SHA256-0E00B528,Emmanuel Njoroge,ID-HASH-5F3ADF8FF6,ASSET-FIN,Vehicle & Asset Finance,2635000.00,1802000.00,92000.00,0,STAGE_1_PERFORMING,0.26%,1.5x,ELDORET_BR
2025-10-31,STR-LN-104339,TKN-SHA256-2C50D44F,Lucy Rono,ID-HASH-5F6A827E06,MSME-WCP,Business Working Capital,1200000.00,244000.00,42000.00,26,STAGE_1_EARLY_WATCH,2.06%,1.7x,UPPER_HILL
2025-10-31,STR-LN-104340,TKN-SHA256-1078250A,Tabitha Chebet,ID-HASH-86D56F8D45,ASSET-FIN,Vehicle & Asset Finance,1410000.00,749000.00,49500.00,27,STAGE_1_EARLY_WATCH,2.15%,1.9x,MOMBASA_BR
2025-10-31,STR-LN-104341,TKN-SHA256-6F26F0AE,Beatrice Achieng,ID-HASH-88CA871241,ASSET-FIN,Vehicle & Asset Finance,2500000.00,641000.00,87500.00,0,STAGE_1_PERFORMING,0.51%,1.2x,WESTLANDS
2025-10-31,STR-LN-104342,TKN-SHA256-375162C5,James Kimani,ID-HASH-6BDED70B7E,BOSA-SCH,School Fees Advance,140000.00,116000.00,5000.00,0,STAGE_1_PERFORMING,0.30%,4.9x,HQ_NAIROBI
2025-10-31,STR-LN-104343,TKN-SHA256-A3B7725D,Peter Ali,ID-HASH-6F8BD80B56,ASSET-FIN,Vehicle & Asset Finance,2635000.00,1423000.00,92000.00,0,STAGE_1_PERFORMING,0.29%,1.1x,MOMBASA_BR
2025-10-31,STR-LN-104344,TKN-SHA256-CB2EEC32,Wesley Ochieng,ID-HASH-4C4F4E2EFA,MSME-WCP,Business Working Capital,1695000.00,1442000.00,59500.00,5,STAGE_1_EARLY_WATCH,2.85%,1.6x,HQ_NAIROBI
2025-10-31,STR-LN-104345,TKN-SHA256-F28490DA,Mary Achieng,ID-HASH-BF90F91003,AGRI-TEA,Tea & Coffee Farm Development,605000.00,233000.00,21000.00,23,STAGE_1_EARLY_WATCH,2.43%,2.1x,KERICHO_CENTRAL
2025-10-31,STR-LN-104346,TKN-SHA256-B845C5CD,Emmanuel Kamau,ID-HASH-637D21A950,ASSET-FIN,Vehicle & Asset Finance,2105000.00,1777000.00,73500.00,0,STAGE_1_PERFORMING,0.90%,2.0x,UPPER_HILL
2025-10-31,STR-LN-104347,TKN-SHA256-D36128CB,Geoffrey Mutua,ID-HASH-B43D20FFB8,BOSA-NRM,Development Loan Normal,965000.00,302000.00,34000.00,0,STAGE_1_PERFORMING,0.53%,3.0x,NANDI_HILLS
2025-10-31,STR-LN-104348,TKN-SHA256-484BEBFC,David Omondi,ID-HASH-E3F6994B4E,ASSET-FIN,Vehicle & Asset Finance,4655000.00,1400000.00,163000.00,0,STAGE_1_PERFORMING,0.77%,1.4x,KERICHO_CENTRAL
2025-10-31,STR-LN-104349,TKN-SHA256-2B0C2F11,Samuel Sang,ID-HASH-4CD7BD25F5,MSME-WCP,Business Working Capital,885000.00,755000.00,31000.00,0,STAGE_1_PERFORMING,0.56%,1.8x,KERICHO_CENTRAL
2025-10-31,STR-LN-104350,TKN-SHA256-87B28DC1,Mary Kariuki,ID-HASH-6D34B38E02,BOSA-SCH,School Fees Advance,105000.00,23000.00,3500.00,0,STAGE_1_PERFORMING,0.52%,3.7x,MOMBASA_BR
2025-10-31,STR-LN-104351,TKN-SHA256-D495A981,Fatuma Kariuki,ID-HASH-9C38372EBF,AGRI-TEA,Tea & Coffee Farm Development,1105000.00,681000.00,38500.00,0,STAGE_1_PERFORMING,0.91%,2.2x,BOMET_BRANCH
2025-10-31,STR-LN-104352,TKN-SHA256-71399BE2,Samuel Wambui,ID-HASH-4F8DA58021,MSME-WCP,Business Working Capital,1100000.00,980000.00,38500.00,17,STAGE_1_EARLY_WATCH,2.23%,2.3x,NAKURU_BR
2025-10-31,STR-LN-104353,TKN-SHA256-116C56CE,Lucy Sang,ID-HASH-F68FAAA383,BOSA-SCH,School Fees Advance,245000.00,141000.00,8500.00,0,STAGE_1_PERFORMING,0.40%,2.9x,WESTLANDS
2025-10-31,STR-LN-104354,TKN-SHA256-99BDF73D,Stephen Ruto,ID-HASH-536FD2F3F8,BOSA-NRM,Development Loan Normal,1550000.00,1056000.00,54500.00,39,STAGE_2_UNDERPERFORMING,7.80%,4.1x,MOMBASA_BR
2025-10-31,STR-LN-104355,TKN-SHA256-FE0F3A2A,Philemon Rono,ID-HASH-AC2609EF4F,AGRI-TEA,Tea & Coffee Farm Development,775000.00,645000.00,27000.00,0,STAGE_1_PERFORMING,0.51%,3.2x,MOMBASA_BR
2025-10-31,STR-LN-104356,TKN-SHA256-F83DD00C,Hassan Kariuki,ID-HASH-2BF527AC6F,BOSA-SCH,School Fees Advance,100000.00,22000.00,3500.00,0,STAGE_1_PERFORMING,0.38%,3.0x,NAKURU_BR
2025-10-31,STR-LN-104357,TKN-SHA256-A02986D9,Jane Bett,ID-HASH-2FA708A39D,AGRI-TEA,Tea & Coffee Farm Development,435000.00,215000.00,15000.00,0,STAGE_1_PERFORMING,0.82%,3.6x,MOMBASA_BR
2025-10-31,STR-LN-104358,TKN-SHA256-07ABAA60,Hassan Siele,ID-HASH-6B265F4416,BOSA-NRM,Development Loan Normal,850000.00,742000.00,30000.00,0,STAGE_1_PERFORMING,0.42%,3.2x,UPPER_HILL
2025-10-31,STR-LN-104359,TKN-SHA256-3DEFFA4E,Peter Wambui,ID-HASH-05846A742E,BOSA-SCH,School Fees Advance,85000.00,34000.00,3000.00,0,STAGE_1_PERFORMING,0.87%,3.0x,UPPER_HILL
2025-10-31,STR-LN-104360,TKN-SHA256-BE22C56A,John Langat,ID-HASH-1D3D6E582B,FOSA-ADV,Salary Advance 30D,25000.00,22000.00,1000.00,0,STAGE_1_PERFORMING,0.85%,0.9x,WESTLANDS
2025-10-31,STR-LN-104361,TKN-SHA256-CF678F9F,David Kiptoo,ID-HASH-8C9B3554EE,AGRI-TEA,Tea & Coffee Farm Development,870000.00,517000.00,30500.00,0,STAGE_1_PERFORMING,0.89%,2.6x,UPPER_HILL
2025-10-31,STR-LN-104362,TKN-SHA256-5AF3BEB0,Lucy Cheruiyot,ID-HASH-D63A4C3933,AGRI-TEA,Tea & Coffee Farm Development,820000.00,597000.00,28500.00,0,STAGE_1_PERFORMING,0.77%,2.5x,WESTLANDS
2025-10-31,STR-LN-104363,TKN-SHA256-2B185318,Peter Ruto,ID-HASH-B40D72FC74,BOSA-SCH,School Fees Advance,200000.00,109000.00,7000.00,0,STAGE_1_PERFORMING,0.67%,5.0x,ELDORET_BR
2025-10-31,STR-LN-104364,TKN-SHA256-78D0A682,Hassan Achieng,ID-HASH-7D8BFEFF60,BOSA-EMG,Emergency Medical Facility,70000.00,66000.00,2500.00,0,STAGE_1_PERFORMING,0.68%,2.9x,KISUMU_BR
2025-10-31,STR-LN-104365,TKN-SHA256-6A92FD0C,Peter Bett,ID-HASH-0A5B89D964,BOSA-NRM,Development Loan Normal,3195000.00,1934000.00,112000.00,22,STAGE_1_EARLY_WATCH,3.26%,4.1x,NAKURU_BR
2025-10-31,STR-LN-104366,TKN-SHA256-B6AE5A23,Cosmas Hassan,ID-HASH-D57F9256C7,BOSA-SCH,School Fees Advance,85000.00,63000.00,3000.00,0,STAGE_1_PERFORMING,0.52%,4.7x,KERICHO_CENTRAL
2025-10-31,STR-LN-104367,TKN-SHA256-732D612C,Catherine Gitonga,ID-HASH-EAC85EA777,FOSA-ADV,Salary Advance 30D,85000.00,74000.00,3000.00,0,STAGE_1_PERFORMING,0.63%,1.3x,UPPER_HILL
2025-10-31,STR-LN-104368,TKN-SHA256-F05E3DDF,Lucy Wambui,ID-HASH-1001EB918F,BOSA-NRM,Development Loan Normal,845000.00,308000.00,29500.00,0,STAGE_1_PERFORMING,0.78%,2.7x,NANDI_HILLS
2025-10-31,STR-LN-104369,TKN-SHA256-0DB14F55,John Kimani,ID-HASH-967AE157DD,FOSA-ADV,Salary Advance 30D,100000.00,73000.00,3500.00,0,STAGE_1_PERFORMING,0.87%,1.4x,BOMET_BRANCH
2025-10-31,STR-LN-104370,TKN-SHA256-6A7F0758,Hassan Kimani,ID-HASH-07333EC0AD,ASSET-FIN,Vehicle & Asset Finance,4935000.00,876000.00,172500.00,0,STAGE_1_PERFORMING,0.32%,1.3x,KISUMU_BR
2025-10-31,STR-LN-104371,TKN-SHA256-D68536D0,Peter Hassan,ID-HASH-5CC3481487,MSME-WCP,Business Working Capital,1505000.00,451000.00,52500.00,0,STAGE_1_PERFORMING,0.40%,1.6x,NANDI_HILLS
2025-10-31,STR-LN-104372,TKN-SHA256-D535FDF1,Mary Otieno,ID-HASH-5F3783D3B1,BOSA-SCH,School Fees Advance,60000.00,10000.00,2000.00,12,STAGE_1_EARLY_WATCH,2.19%,3.8x,NANDI_HILLS
2025-10-31,STR-LN-104373,TKN-SHA256-FD3CA7DD,Fatuma Rono,ID-HASH-61DCD36687,BOSA-NRM,Development Loan Normal,2775000.00,2175000.00,97000.00,15,STAGE_1_EARLY_WATCH,3.38%,2.7x,NAKURU_BR
2025-10-31,STR-LN-104374,TKN-SHA256-E4A0D61F,Catherine Siele,ID-HASH-E8BEDEE6B1,BOSA-SCH,School Fees Advance,220000.00,67000.00,7500.00,0,STAGE_1_PERFORMING,0.30%,2.9x,NAKURU_BR
2025-10-31,STR-LN-104375,TKN-SHA256-1D016966,Hassan Rono,ID-HASH-9FC4301C1B,BOSA-NRM,Development Loan Normal,540000.00,197000.00,19000.00,0,STAGE_1_PERFORMING,0.51%,4.0x,NAKURU_BR
2025-10-31,STR-LN-104376,TKN-SHA256-578AE3E9,Beatrice Wanjiku,ID-HASH-6EFEA8C028,AGRI-TEA,Tea & Coffee Farm Development,1170000.00,268000.00,41000.00,0,STAGE_1_PERFORMING,0.24%,2.6x,ELDORET_BR
2025-10-31,STR-LN-104377,TKN-SHA256-02342F78,Emmanuel Ruto,ID-HASH-281D475F99,AGRI-TEA,Tea & Coffee Farm Development,480000.00,217000.00,17000.00,0,STAGE_1_PERFORMING,0.16%,3.4x,ELDORET_BR
2025-10-31,STR-LN-104378,TKN-SHA256-1B531CBD,Tabitha Langat,ID-HASH-8533EBE72A,BOSA-SCH,School Fees Advance,185000.00,174000.00,6500.00,0,STAGE_1_PERFORMING,0.49%,4.5x,HQ_NAIROBI
2025-10-31,STR-LN-104379,TKN-SHA256-74B99C09,James Korir,ID-HASH-E7EF3DC22E,BOSA-SCH,School Fees Advance,150000.00,36000.00,5500.00,0,STAGE_1_PERFORMING,0.34%,3.3x,UPPER_HILL
2025-10-31,STR-LN-104380,TKN-SHA256-5A2F1A1A,Hassan Langat,ID-HASH-0B5D1EE678,BOSA-EMG,Emergency Medical Facility,130000.00,69000.00,4500.00,0,STAGE_1_PERFORMING,0.55%,2.2x,KISUMU_BR
2025-10-31,STR-LN-104381,TKN-SHA256-2B8F9D01,Kiprono Mwangi,ID-HASH-B882AD95E1,BOSA-NRM,Development Loan Normal,875000.00,440000.00,30500.00,0,STAGE_1_PERFORMING,0.78%,3.0x,KERICHO_CENTRAL
2025-10-31,STR-LN-104382,TKN-SHA256-ABCB44FC,Alice Ruto,ID-HASH-C377C66138,BOSA-EMG,Emergency Medical Facility,155000.00,114000.00,5500.00,0,STAGE_1_PERFORMING,0.95%,1.9x,WESTLANDS
2025-10-31,STR-LN-104383,TKN-SHA256-820A2C2E,Samuel Njoroge,ID-HASH-B435A33281,FOSA-ADV,Salary Advance 30D,130000.00,94000.00,4500.00,0,STAGE_1_PERFORMING,0.46%,1.0x,NAKURU_BR
2025-10-31,STR-LN-104384,TKN-SHA256-2C2F1995,Grace Hassan,ID-HASH-81BCABD822,MSME-WCP,Business Working Capital,1730000.00,1420000.00,60500.00,0,STAGE_1_PERFORMING,0.50%,2.7x,NANDI_HILLS
2025-10-31,STR-LN-104385,TKN-SHA256-8FC891B9,Kiprono Ruto,ID-HASH-5ACE799645,MSME-WCP,Business Working Capital,1400000.00,852000.00,49000.00,0,STAGE_1_PERFORMING,0.78%,1.9x,NAKURU_BR
2025-10-31,STR-LN-104386,TKN-SHA256-2FB81D0C,Beatrice Mwangi,ID-HASH-135EAD8699,FOSA-ADV,Salary Advance 30D,125000.00,61000.00,4500.00,8,STAGE_1_EARLY_WATCH,3.91%,1.0x,MOMBASA_BR
2025-10-31,STR-LN-104387,TKN-SHA256-46D0D1FF,Geoffrey Korir,ID-HASH-685A2CDB5E,FOSA-ADV,Salary Advance 30D,105000.00,48000.00,3500.00,0,STAGE_1_PERFORMING,0.38%,1.2x,ELDORET_BR
2025-10-31,STR-LN-104388,TKN-SHA256-9F7A200E,Lucy Kimani,ID-HASH-739DF36B36,FOSA-ADV,Salary Advance 30D,45000.00,38000.00,1500.00,0,STAGE_1_PERFORMING,0.41%,1.5x,WESTLANDS
2025-10-31,STR-LN-104389,TKN-SHA256-0017F356,Hassan Siele,ID-HASH-B52748554C,BOSA-EMG,Emergency Medical Facility,100000.00,94000.00,3500.00,0,STAGE_1_PERFORMING,0.67%,1.9x,NAKURU_BR
2025-10-31,STR-LN-104390,TKN-SHA256-6C5B6523,Cosmas Omondi,ID-HASH-3E747B2D6B,FOSA-ADV,Salary Advance 30D,80000.00,49000.00,3000.00,0,STAGE_1_PERFORMING,0.83%,1.5x,KERICHO_CENTRAL
2025-10-31,STR-LN-104391,TKN-SHA256-B3451A0D,Philemon Achieng,ID-HASH-BE8AC7D355,MSME-WCP,Business Working Capital,1645000.00,664000.00,57500.00,0,STAGE_1_PERFORMING,0.72%,2.6x,KISUMU_BR
2025-10-31,STR-LN-104392,TKN-SHA256-ED96774D,Catherine Koech,ID-HASH-83785B4F96,AGRI-TEA,Tea & Coffee Farm Development,435000.00,229000.00,15000.00,0,STAGE_1_PERFORMING,0.93%,2.9x,ELDORET_BR
2025-10-31,STR-LN-104393,TKN-SHA256-0EA1A3F5,Samuel Otieno,ID-HASH-2D9DCABE6C,BOSA-SCH,School Fees Advance,45000.00,24000.00,1500.00,114,STAGE_3_NON_PERFORMING,34.97%,4.3x,BOMET_BRANCH
2025-10-31,STR-LN-104394,TKN-SHA256-DACA4634,Kiprono Ochieng,ID-HASH-0A537C8BD6,BOSA-EMG,Emergency Medical Facility,155000.00,71000.00,5500.00,0,STAGE_1_PERFORMING,0.28%,3.1x,MOMBASA_BR
2025-10-31,STR-LN-104395,TKN-SHA256-B0F5DB6C,Lucy Ruto,ID-HASH-A8F57F566E,FOSA-ADV,Salary Advance 30D,105000.00,38000.00,3500.00,0,STAGE_1_PERFORMING,0.81%,1.2x,KISUMU_BR
2025-10-31,STR-LN-104396,TKN-SHA256-2C784B2E,Catherine Wambui,ID-HASH-5BE5507B74,ASSET-FIN,Vehicle & Asset Finance,1610000.00,710000.00,56500.00,0,STAGE_1_PERFORMING,0.22%,2.0x,WESTLANDS
2025-10-31,STR-LN-104397,TKN-SHA256-CAC2566E,David Cheruiyot,ID-HASH-9792A48BDA,BOSA-EMG,Emergency Medical Facility,155000.00,31000.00,5500.00,36,STAGE_2_UNDERPERFORMING,14.10%,3.0x,KERICHO_CENTRAL
2025-10-31,STR-LN-104398,TKN-SHA256-587F35AF,Fatuma Hassan,ID-HASH-19E1AEB8B8,BOSA-EMG,Emergency Medical Facility,225000.00,169000.00,8000.00,0,STAGE_1_PERFORMING,0.60%,2.6x,ELDORET_BR
2025-10-31,STR-LN-104399,TKN-SHA256-396183D5,Kiprono Otieno,ID-HASH-66E5E60B64,ASSET-FIN,Vehicle & Asset Finance,2855000.00,1098000.00,100000.00,0,STAGE_1_PERFORMING,0.84%,1.4x,KISUMU_BR
2025-10-31,STR-LN-104400,TKN-SHA256-48D44242,Cosmas Rono,ID-HASH-58ADE731F8,MSME-WCP,Business Working Capital,280000.00,200000.00,10000.00,24,STAGE_1_EARLY_WATCH,3.97%,2.1x,HQ_NAIROBI
2025-10-31,STR-LN-104401,TKN-SHA256-E8E33C32,Lucy Omondi,ID-HASH-CD03F72526,AGRI-TEA,Tea & Coffee Farm Development,280000.00,234000.00,10000.00,0,STAGE_1_PERFORMING,0.67%,2.2x,NAKURU_BR
2025-10-31,STR-LN-104402,TKN-SHA256-C3BD2CD9,Gladys Kiptoo,ID-HASH-FB9559C3B9,FOSA-ADV,Salary Advance 30D,130000.00,64000.00,4500.00,0,STAGE_1_PERFORMING,0.48%,1.1x,WESTLANDS
2025-10-31,STR-LN-104403,TKN-SHA256-E0A06B45,Jane Siele,ID-HASH-F99DD40100,BOSA-SCH,School Fees Advance,135000.00,60000.00,4500.00,14,STAGE_1_EARLY_WATCH,4.35%,3.4x,BOMET_BRANCH
2025-10-31,STR-LN-104404,TKN-SHA256-6508674C,Mercy Kiptoo,ID-HASH-56409AC951,MSME-WCP,Business Working Capital,645000.00,194000.00,22500.00,0,STAGE_1_PERFORMING,0.23%,2.3x,BOMET_BRANCH
2025-10-31,STR-LN-104405,TKN-SHA256-C137E1F0,Lucy Otieno,ID-HASH-4F2450664E,FOSA-ADV,Salary Advance 30D,30000.00,11000.00,1000.00,0,STAGE_1_PERFORMING,0.24%,1.3x,BOMET_BRANCH
2025-10-31,STR-LN-104406,TKN-SHA256-EFD72EC8,Samuel Langat,ID-HASH-1A8A6B2987,BOSA-NRM,Development Loan Normal,1725000.00,1484000.00,60500.00,0,STAGE_1_PERFORMING,0.42%,4.2x,KERICHO_CENTRAL
2025-10-31,STR-LN-104407,TKN-SHA256-7659D564,Kiprono Wambui,ID-HASH-367D9AEE69,AGRI-TEA,Tea & Coffee Farm Development,1040000.00,851000.00,36500.00,16,STAGE_1_EARLY_WATCH,1.82%,2.6x,HQ_NAIROBI
2025-10-31,STR-LN-104408,TKN-SHA256-F906C52E,David Koech,ID-HASH-C324135139,MSME-WCP,Business Working Capital,490000.00,274000.00,17000.00,0,STAGE_1_PERFORMING,0.40%,2.3x,NAKURU_BR
2025-10-31,STR-LN-104409,TKN-SHA256-53258F0E,Tabitha Chebet,ID-HASH-C2B52C12A1,AGRI-TEA,Tea & Coffee Farm Development,315000.00,231000.00,11000.00,0,STAGE_1_PERFORMING,0.72%,2.9x,NANDI_HILLS
2025-10-31,STR-LN-104410,TKN-SHA256-12A159ED,Gladys Wanjiku,ID-HASH-65AF4DD4CF,ASSET-FIN,Vehicle & Asset Finance,3275000.00,2365000.00,114500.00,0,STAGE_1_PERFORMING,0.81%,1.6x,KERICHO_CENTRAL
2025-10-31,STR-LN-104411,TKN-SHA256-6D934682,Dennis Gitonga,ID-HASH-7287657C7B,ASSET-FIN,Vehicle & Asset Finance,1430000.00,249000.00,50000.00,0,STAGE_1_PERFORMING,0.37%,1.2x,ELDORET_BR
2025-10-31,STR-LN-104412,TKN-SHA256-164D799F,Mary Korir,ID-HASH-590E31E499,BOSA-SCH,School Fees Advance,205000.00,103000.00,7000.00,12,STAGE_1_EARLY_WATCH,2.92%,3.5x,HQ_NAIROBI
2025-10-31,STR-LN-104413,TKN-SHA256-F5ED1DD5,Gladys Bett,ID-HASH-0C02DDB71A,BOSA-SCH,School Fees Advance,180000.00,83000.00,6500.00,53,STAGE_2_UNDERPERFORMING,10.63%,4.0x,NANDI_HILLS
2025-10-31,STR-LN-104414,TKN-SHA256-61DA76D0,Peter Langat,ID-HASH-4032E13EF4,BOSA-NRM,Development Loan Normal,2285000.00,865000.00,80000.00,0,STAGE_1_PERFORMING,0.79%,3.7x,UPPER_HILL
2025-10-31,STR-LN-104415,TKN-SHA256-E0169045,James Koech,ID-HASH-B2805597E7,BOSA-NRM,Development Loan Normal,1655000.00,324000.00,58000.00,0,STAGE_1_PERFORMING,0.34%,2.9x,KERICHO_CENTRAL
2025-10-31,STR-LN-104416,TKN-SHA256-4A8AE491,Samuel Langat,ID-HASH-5DFCF9832B,FOSA-ADV,Salary Advance 30D,20000.00,5000.00,500.00,0,STAGE_1_PERFORMING,0.18%,1.2x,ELDORET_BR
2025-10-31,STR-LN-104417,TKN-SHA256-BCA1EE83,James Wanjiku,ID-HASH-BDADBDFF62,MSME-WCP,Business Working Capital,625000.00,472000.00,22000.00,0,STAGE_1_PERFORMING,0.86%,1.7x,NAKURU_BR
2025-10-31,STR-LN-104418,TKN-SHA256-409EE914,James Njoroge,ID-HASH-3B66E18AB1,MSME-WCP,Business Working Capital,1305000.00,1135000.00,45500.00,0,STAGE_1_PERFORMING,0.85%,2.5x,MOMBASA_BR
2025-10-31,STR-LN-104419,TKN-SHA256-570EEEC0,Wesley Chebet,ID-HASH-8F1114B6F5,AGRI-TEA,Tea & Coffee Farm Development,735000.00,630000.00,25500.00,0,STAGE_1_PERFORMING,0.80%,2.5x,UPPER_HILL
2025-10-31,STR-LN-104420,TKN-SHA256-68CF2463,Emmanuel Gitonga,ID-HASH-D22367E273,BOSA-NRM,Development Loan Normal,2580000.00,1862000.00,90500.00,0,STAGE_1_PERFORMING,0.16%,3.9x,NANDI_HILLS
2025-10-31,STR-LN-104421,TKN-SHA256-801B4AFE,Beatrice Rono,ID-HASH-C39C257AD2,BOSA-NRM,Development Loan Normal,950000.00,811000.00,33000.00,22,STAGE_1_EARLY_WATCH,3.35%,2.8x,UPPER_HILL
2025-10-31,STR-LN-104422,TKN-SHA256-E90C3552,David Cheruiyot,ID-HASH-73F6011367,BOSA-SCH,School Fees Advance,75000.00,59000.00,2500.00,0,STAGE_1_PERFORMING,0.28%,3.5x,KERICHO_CENTRAL
2025-10-31,STR-LN-104423,TKN-SHA256-DD1A135A,Lucy Njoroge,ID-HASH-70DDF479ED,AGRI-TEA,Tea & Coffee Farm Development,940000.00,677000.00,33000.00,0,STAGE_1_PERFORMING,0.68%,3.7x,ELDORET_BR
2025-10-31,STR-LN-104424,TKN-SHA256-A33FF6D5,Kiprono Langat,ID-HASH-6320EE7549,FOSA-ADV,Salary Advance 30D,85000.00,36000.00,3000.00,0,STAGE_1_PERFORMING,0.21%,1.1x,MOMBASA_BR
2025-10-31,STR-LN-104425,TKN-SHA256-42906F3F,Kiprono Wambui,ID-HASH-50DBEB9C20,ASSET-FIN,Vehicle & Asset Finance,1805000.00,1541000.00,63000.00,10,STAGE_1_EARLY_WATCH,1.67%,1.4x,BOMET_BRANCH
2025-10-31,STR-LN-104426,TKN-SHA256-E6240F48,Fatuma Omondi,ID-HASH-D5F95FD34E,BOSA-EMG,Emergency Medical Facility,295000.00,225000.00,10500.00,0,STAGE_1_PERFORMING,0.72%,3.2x,ELDORET_BR
2025-10-31,STR-LN-104427,TKN-SHA256-0B66F757,Philemon Ruto,ID-HASH-876ACC6323,MSME-WCP,Business Working Capital,1585000.00,740000.00,55500.00,0,STAGE_1_PERFORMING,0.75%,1.5x,WESTLANDS
2025-10-31,STR-LN-104428,TKN-SHA256-FFA8BAEF,Bernard Wanjiku,ID-HASH-8B0FF96A69,ASSET-FIN,Vehicle & Asset Finance,3850000.00,2016000.00,135000.00,0,STAGE_1_PERFORMING,0.52%,1.4x,MOMBASA_BR
2025-10-31,STR-LN-104429,TKN-SHA256-4F0DF7A3,Jane Ruto,ID-HASH-2361A4BD3E,BOSA-SCH,School Fees Advance,215000.00,60000.00,7500.00,0,STAGE_1_PERFORMING,0.33%,3.6x,UPPER_HILL
2025-10-31,STR-LN-104430,TKN-SHA256-33196BB8,James Kamau,ID-HASH-AA93F95C08,BOSA-SCH,School Fees Advance,230000.00,127000.00,8000.00,0,STAGE_1_PERFORMING,0.74%,3.5x,UPPER_HILL
2025-10-31,STR-LN-104431,TKN-SHA256-FB2BC4F7,Wesley Gitonga,ID-HASH-0E341FA8E8,BOSA-NRM,Development Loan Normal,1560000.00,622000.00,54500.00,0,STAGE_1_PERFORMING,0.55%,3.0x,NAKURU_BR
2025-10-31,STR-LN-104432,TKN-SHA256-53BC0665,Philemon Langat,ID-HASH-CA43E1D5FD,BOSA-SCH,School Fees Advance,95000.00,83000.00,3500.00,0,STAGE_1_PERFORMING,0.62%,3.8x,BOMET_BRANCH
2025-10-31,STR-LN-104433,TKN-SHA256-3074E6EE,Tabitha Njoroge,ID-HASH-6687A69737,AGRI-TEA,Tea & Coffee Farm Development,1115000.00,1005000.00,39000.00,0,STAGE_1_PERFORMING,0.92%,3.2x,KERICHO_CENTRAL
2025-10-31,STR-LN-104434,TKN-SHA256-720E55DC,James Kiptoo,ID-HASH-D42E88B1B1,MSME-WCP,Business Working Capital,655000.00,192000.00,23000.00,0,STAGE_1_PERFORMING,0.56%,2.6x,BOMET_BRANCH
2025-10-31,STR-LN-104435,TKN-SHA256-C58B6FB4,Geoffrey Hassan,ID-HASH-F94009B31C,BOSA-EMG,Emergency Medical Facility,50000.00,14000.00,2000.00,0,STAGE_1_PERFORMING,0.90%,3.0x,MOMBASA_BR
2025-10-31,STR-LN-104436,TKN-SHA256-04FD341D,Wesley Kimani,ID-HASH-F8C0EB8E42,MSME-WCP,Business Working Capital,770000.00,713000.00,27000.00,0,STAGE_1_PERFORMING,0.17%,2.5x,UPPER_HILL
2025-10-31,STR-LN-104437,TKN-SHA256-7C04BB34,Grace Wambui,ID-HASH-D3D4260074,MSME-WCP,Business Working Capital,275000.00,163000.00,9500.00,0,STAGE_1_PERFORMING,0.90%,2.5x,ELDORET_BR
2025-10-31,STR-LN-104438,TKN-SHA256-8B5ADAE4,Kiprono Kimani,ID-HASH-25E6129CA8,MSME-WCP,Business Working Capital,535000.00,455000.00,18500.00,0,STAGE_1_PERFORMING,0.25%,1.7x,NANDI_HILLS
2025-10-31,STR-LN-104439,TKN-SHA256-138EF152,Catherine Kariuki,ID-HASH-78F90C0E51,BOSA-EMG,Emergency Medical Facility,120000.00,71000.00,4000.00,0,STAGE_1_PERFORMING,0.58%,2.7x,UPPER_HILL
2025-10-31,STR-LN-104440,TKN-SHA256-6C57021F,Wesley Ochieng,ID-HASH-7A17F7C706,MSME-WCP,Business Working Capital,1670000.00,1554000.00,58500.00,0,STAGE_1_PERFORMING,0.37%,1.7x,WESTLANDS
2025-10-31,STR-LN-104441,TKN-SHA256-22DA6050,Samuel Achieng,ID-HASH-5448888870,FOSA-ADV,Salary Advance 30D,115000.00,88000.00,4000.00,0,STAGE_1_PERFORMING,0.45%,1.2x,HQ_NAIROBI
2025-10-31,STR-LN-104442,TKN-SHA256-3B683239,Jane Njoroge,ID-HASH-2CFF0D94FA,MSME-WCP,Business Working Capital,1580000.00,1026000.00,55500.00,0,STAGE_1_PERFORMING,0.73%,2.6x,KISUMU_BR
2025-10-31,STR-LN-104443,TKN-SHA256-773A1A41,Alice Omondi,ID-HASH-4EA319D7A2,AGRI-TEA,Tea & Coffee Farm Development,895000.00,514000.00,31500.00,6,STAGE_1_EARLY_WATCH,2.24%,2.3x,KERICHO_CENTRAL
2025-10-31,STR-LN-104444,TKN-SHA256-BF96E036,Hassan Sang,ID-HASH-98642BE816,MSME-WCP,Business Working Capital,730000.00,183000.00,25500.00,0,STAGE_1_PERFORMING,0.74%,2.5x,NANDI_HILLS
2025-10-31,STR-LN-104445,TKN-SHA256-0AC1B954,Gladys Bett,ID-HASH-7AE1D644C2,BOSA-NRM,Development Loan Normal,1265000.00,741000.00,44500.00,0,STAGE_1_PERFORMING,0.24%,3.9x,NANDI_HILLS
2025-10-31,STR-LN-104446,TKN-SHA256-632F5AD5,Lucy Gitonga,ID-HASH-D740CE753D,MSME-WCP,Business Working Capital,1785000.00,1225000.00,62500.00,0,STAGE_1_PERFORMING,0.63%,2.5x,HQ_NAIROBI
2025-10-31,STR-LN-104447,TKN-SHA256-8701AFFA,Mary Ruto,ID-HASH-F321E2D1B2,BOSA-EMG,Emergency Medical Facility,240000.00,109000.00,8500.00,0,STAGE_1_PERFORMING,0.73%,2.7x,ELDORET_BR
2025-10-31,STR-LN-104448,TKN-SHA256-09AC3158,Peter Kariuki,ID-HASH-29127C86F2,BOSA-EMG,Emergency Medical Facility,55000.00,45000.00,2000.00,0,STAGE_1_PERFORMING,0.76%,3.1x,ELDORET_BR
2025-10-31,STR-LN-104449,TKN-SHA256-D9B9DE6F,James Bett,ID-HASH-6FABC66B6E,BOSA-SCH,School Fees Advance,235000.00,160000.00,8000.00,0,STAGE_1_PERFORMING,0.91%,4.6x,ELDORET_BR
2025-10-31,STR-LN-104450,TKN-SHA256-355FF3F0,Hassan Koech,ID-HASH-1EAAAA2E98,AGRI-TEA,Tea & Coffee Farm Development,705000.00,628000.00,24500.00,88,STAGE_2_UNDERPERFORMING,10.95%,2.8x,NANDI_HILLS
2025-10-31,STR-LN-104451,TKN-SHA256-D2731A6E,Hassan Ochieng,ID-HASH-B5EF64CADA,BOSA-NRM,Development Loan Normal,765000.00,427000.00,27000.00,0,STAGE_1_PERFORMING,0.64%,3.8x,BOMET_BRANCH
2025-10-31,STR-LN-104452,TKN-SHA256-D8BCD545,Grace Kamau,ID-HASH-472DE26EA1,ASSET-FIN,Vehicle & Asset Finance,1465000.00,1185000.00,51500.00,0,STAGE_1_PERFORMING,0.46%,1.9x,MOMBASA_BR
2025-10-31,STR-LN-104453,TKN-SHA256-F2C4B9A2,Fatuma Wanjiku,ID-HASH-D17F513316,BOSA-SCH,School Fees Advance,245000.00,226000.00,8500.00,0,STAGE_1_PERFORMING,0.66%,3.8x,UPPER_HILL
2025-10-31,STR-LN-104454,TKN-SHA256-5F93DD94,Jane Njoroge,ID-HASH-3FA076C733,AGRI-TEA,Tea & Coffee Farm Development,375000.00,211000.00,13000.00,0,STAGE_1_PERFORMING,0.21%,3.1x,ELDORET_BR
2025-10-31,STR-LN-104455,TKN-SHA256-E3AEBD04,Bernard Gitonga,ID-HASH-9A2A9B5F5A,FOSA-ADV,Salary Advance 30D,90000.00,34000.00,3000.00,0,STAGE_1_PERFORMING,0.77%,1.1x,UPPER_HILL
2025-10-31,STR-LN-104456,TKN-SHA256-C265A6A9,Catherine Ochieng,ID-HASH-8E30AFA30E,FOSA-ADV,Salary Advance 30D,100000.00,16000.00,3500.00,24,STAGE_1_EARLY_WATCH,4.16%,0.9x,UPPER_HILL
2025-10-31,STR-LN-104457,TKN-SHA256-280C7867,Cosmas Achieng,ID-HASH-7E6C14A889,BOSA-SCH,School Fees Advance,125000.00,25000.00,4500.00,0,STAGE_1_PERFORMING,0.45%,3.9x,BOMET_BRANCH
2025-10-31,STR-LN-104458,TKN-SHA256-EE37B7ED,Kiprono Sang,ID-HASH-4B489B276F,BOSA-NRM,Development Loan Normal,2375000.00,1643000.00,83000.00,0,STAGE_1_PERFORMING,0.38%,2.9x,NANDI_HILLS
2025-10-31,STR-LN-104459,TKN-SHA256-EE9A02C1,Mary Kariuki,ID-HASH-5E8FA0B5B2,AGRI-TEA,Tea & Coffee Farm Development,1060000.00,264000.00,37000.00,0,STAGE_1_PERFORMING,0.56%,3.6x,MOMBASA_BR
2025-10-31,STR-LN-104460,TKN-SHA256-6B675A09,Samuel Omondi,ID-HASH-2BD94B0DD4,AGRI-TEA,Tea & Coffee Farm Development,600000.00,546000.00,21000.00,0,STAGE_1_PERFORMING,0.60%,3.1x,NANDI_HILLS
2025-10-31,STR-LN-104461,TKN-SHA256-37B49381,Geoffrey Siele,ID-HASH-DD93AC1189,FOSA-ADV,Salary Advance 30D,150000.00,77000.00,5500.00,0,STAGE_1_PERFORMING,0.83%,1.3x,KISUMU_BR
2025-10-31,STR-LN-104462,TKN-SHA256-92F22721,Geoffrey Cheruiyot,ID-HASH-C0700830F4,ASSET-FIN,Vehicle & Asset Finance,2330000.00,1365000.00,81500.00,0,STAGE_1_PERFORMING,0.21%,2.0x,BOMET_BRANCH
2025-10-31,STR-LN-104463,TKN-SHA256-BC076551,Philemon Cheruiyot,ID-HASH-3EE40FAE11,ASSET-FIN,Vehicle & Asset Finance,2675000.00,1982000.00,93500.00,0,STAGE_1_PERFORMING,0.87%,1.6x,UPPER_HILL
2025-10-31,STR-LN-104464,TKN-SHA256-43630C67,Samuel Kamau,ID-HASH-8173835300,BOSA-NRM,Development Loan Normal,2280000.00,531000.00,80000.00,0,STAGE_1_PERFORMING,0.85%,3.2x,BOMET_BRANCH
2025-10-31,STR-LN-104465,TKN-SHA256-C434AF0D,Bernard Achieng,ID-HASH-E51F762D14,BOSA-SCH,School Fees Advance,185000.00,156000.00,6500.00,153,STAGE_3_NON_PERFORMING,28.19%,3.5x,WESTLANDS
2025-10-31,STR-LN-104466,TKN-SHA256-B42BD6D0,John Mutua,ID-HASH-178E07C583,FOSA-ADV,Salary Advance 30D,45000.00,43000.00,1500.00,0,STAGE_1_PERFORMING,0.28%,1.4x,KISUMU_BR
2025-10-31,STR-LN-104467,TKN-SHA256-47FE371B,Wesley Ali,ID-HASH-4EAEAA4677,ASSET-FIN,Vehicle & Asset Finance,1685000.00,906000.00,59000.00,0,STAGE_1_PERFORMING,0.19%,2.0x,ELDORET_BR
2025-10-31,STR-LN-104468,TKN-SHA256-5C3614F7,Gladys Bett,ID-HASH-C1809C2E4E,BOSA-SCH,School Fees Advance,80000.00,16000.00,3000.00,8,STAGE_1_EARLY_WATCH,1.91%,3.3x,KISUMU_BR
2025-10-31,STR-LN-104469,TKN-SHA256-81B3A98F,Geoffrey Kamau,ID-HASH-606A083DCA,ASSET-FIN,Vehicle & Asset Finance,2410000.00,1964000.00,84500.00,0,STAGE_1_PERFORMING,0.34%,1.4x,BOMET_BRANCH
2025-10-31,STR-LN-104470,TKN-SHA256-2DAD8BB9,Mercy Korir,ID-HASH-4EAF861AE2,BOSA-EMG,Emergency Medical Facility,185000.00,156000.00,6500.00,0,STAGE_1_PERFORMING,0.81%,2.8x,KERICHO_CENTRAL
2025-10-31,STR-LN-104471,TKN-SHA256-9936B233,Grace Mutua,ID-HASH-285E894E72,ASSET-FIN,Vehicle & Asset Finance,3775000.00,1809000.00,132000.00,0,STAGE_1_PERFORMING,0.63%,2.0x,NAKURU_BR
2025-10-31,STR-LN-104472,TKN-SHA256-A81F260C,Peter Koech,ID-HASH-C6C9E5F2F8,BOSA-EMG,Emergency Medical Facility,80000.00,23000.00,3000.00,0,STAGE_1_PERFORMING,0.71%,3.4x,KISUMU_BR
2025-10-31,STR-LN-104473,TKN-SHA256-429F5C2F,John Chebet,ID-HASH-41C5371759,ASSET-FIN,Vehicle & Asset Finance,1310000.00,431000.00,46000.00,0,STAGE_1_PERFORMING,0.37%,1.8x,KERICHO_CENTRAL
2025-10-31,STR-LN-104474,TKN-SHA256-DDA3B958,Grace Ali,ID-HASH-7E152FC1DF,FOSA-ADV,Salary Advance 30D,115000.00,40000.00,4000.00,0,STAGE_1_PERFORMING,0.43%,1.2x,KISUMU_BR
2025-10-31,STR-LN-104475,TKN-SHA256-D9BC773C,Fatuma Bett,ID-HASH-D22A7EF230,ASSET-FIN,Vehicle & Asset Finance,4300000.00,1255000.00,150500.00,0,STAGE_1_PERFORMING,0.84%,1.4x,HQ_NAIROBI
2025-10-31,STR-LN-104476,TKN-SHA256-FB58A62E,Dennis Wambui,ID-HASH-A317C48A6C,BOSA-EMG,Emergency Medical Facility,135000.00,113000.00,4500.00,0,STAGE_1_PERFORMING,0.91%,1.9x,MOMBASA_BR
2025-10-31,STR-LN-104477,TKN-SHA256-BC07C7DA,David Kiptoo,ID-HASH-A72AB71824,MSME-WCP,Business Working Capital,1725000.00,339000.00,60500.00,0,STAGE_1_PERFORMING,0.60%,1.6x,ELDORET_BR
2025-10-31,STR-LN-104478,TKN-SHA256-D8A26529,Peter Kiptoo,ID-HASH-AD63DD389C,BOSA-SCH,School Fees Advance,90000.00,48000.00,3000.00,0,STAGE_1_PERFORMING,0.37%,2.9x,KISUMU_BR
2025-10-31,STR-LN-104479,TKN-SHA256-25B3F136,Geoffrey Ruto,ID-HASH-AFA12BD52F,ASSET-FIN,Vehicle & Asset Finance,3450000.00,1982000.00,121000.00,0,STAGE_1_PERFORMING,0.49%,1.5x,NANDI_HILLS
2025-10-31,STR-LN-104480,TKN-SHA256-2113B513,Emmanuel Langat,ID-HASH-FB1DC905E3,BOSA-NRM,Development Loan Normal,1645000.00,1400000.00,57500.00,0,STAGE_1_PERFORMING,0.56%,3.3x,MOMBASA_BR
2025-10-31,STR-LN-104481,TKN-SHA256-E443DDA4,Alice Mwangi,ID-HASH-0393E990B9,AGRI-TEA,Tea & Coffee Farm Development,1170000.00,186000.00,41000.00,0,STAGE_1_PERFORMING,0.81%,2.7x,NANDI_HILLS
2025-10-31,STR-LN-104482,TKN-SHA256-51D12D31,Gladys Njoroge,ID-HASH-501CF455C4,ASSET-FIN,Vehicle & Asset Finance,2565000.00,810000.00,90000.00,0,STAGE_1_PERFORMING,0.49%,1.2x,NANDI_HILLS
2025-10-31,STR-LN-104483,TKN-SHA256-A39147A1,Samuel Kiptoo,ID-HASH-11A1FBE385,FOSA-ADV,Salary Advance 30D,50000.00,15000.00,2000.00,0,STAGE_1_PERFORMING,0.20%,1.1x,WESTLANDS
2025-10-31,STR-LN-104484,TKN-SHA256-51C23F05,David Hassan,ID-HASH-579512AF38,AGRI-TEA,Tea & Coffee Farm Development,765000.00,206000.00,27000.00,0,STAGE_1_PERFORMING,0.60%,2.5x,KISUMU_BR
2025-10-31,STR-LN-104485,TKN-SHA256-C06F5073,Grace Kimani,ID-HASH-96F01B5697,BOSA-SCH,School Fees Advance,230000.00,184000.00,8000.00,6,STAGE_1_EARLY_WATCH,1.67%,4.5x,ELDORET_BR
2025-10-31,STR-LN-104486,TKN-SHA256-E1DF7CA7,James Achieng,ID-HASH-6415297AEB,BOSA-SCH,School Fees Advance,185000.00,172000.00,6500.00,0,STAGE_1_PERFORMING,0.15%,5.1x,KERICHO_CENTRAL
2025-10-31,STR-LN-104487,TKN-SHA256-FACB70E8,Mercy Sang,ID-HASH-365B2EC815,BOSA-NRM,Development Loan Normal,3420000.00,2821000.00,119500.00,0,STAGE_1_PERFORMING,0.23%,4.1x,NAKURU_BR
2025-10-31,STR-LN-104488,TKN-SHA256-A065BA3C,Jane Kamau,ID-HASH-9DAB9BEDA6,ASSET-FIN,Vehicle & Asset Finance,3825000.00,3550000.00,134000.00,0,STAGE_1_PERFORMING,0.43%,1.2x,BOMET_BRANCH
2025-10-31,STR-LN-104489,TKN-SHA256-55C77747,Lucy Njoroge,ID-HASH-C285B77D0F,AGRI-TEA,Tea & Coffee Farm Development,710000.00,417000.00,25000.00,164,STAGE_3_NON_PERFORMING,36.61%,2.8x,MOMBASA_BR
2025-10-31,STR-LN-104490,TKN-SHA256-EFC7C42C,Peter Wambui,ID-HASH-66260A043F,BOSA-NRM,Development Loan Normal,3010000.00,541000.00,105500.00,0,STAGE_1_PERFORMING,0.59%,3.8x,HQ_NAIROBI
2025-10-31,STR-LN-104491,TKN-SHA256-C4A05D80,Alice Kiptoo,ID-HASH-2CDE370875,BOSA-NRM,Development Loan Normal,2825000.00,2001000.00,99000.00,0,STAGE_1_PERFORMING,0.44%,3.3x,ELDORET_BR
2025-10-31,STR-LN-104492,TKN-SHA256-AA1C1984,Alice Wambui,ID-HASH-0C182E5132,ASSET-FIN,Vehicle & Asset Finance,4730000.00,1211000.00,165500.00,0,STAGE_1_PERFORMING,0.47%,1.6x,NAKURU_BR
2025-10-31,STR-LN-104493,TKN-SHA256-2C67B032,Tabitha Achieng,ID-HASH-E23334AFEC,ASSET-FIN,Vehicle & Asset Finance,2815000.00,1265000.00,98500.00,65,STAGE_2_UNDERPERFORMING,9.07%,1.6x,NANDI_HILLS
2025-10-31,STR-LN-104494,TKN-SHA256-D1A13846,Cosmas Njoroge,ID-HASH-0E6043C1F1,BOSA-NRM,Development Loan Normal,930000.00,551000.00,32500.00,0,STAGE_1_PERFORMING,0.40%,4.1x,NANDI_HILLS
2025-10-31,STR-LN-104495,TKN-SHA256-825B7D4F,Mercy Ali,ID-HASH-FB9CC81A93,BOSA-SCH,School Fees Advance,220000.00,114000.00,7500.00,0,STAGE_1_PERFORMING,0.23%,4.1x,WESTLANDS
2025-10-31,STR-LN-104496,TKN-SHA256-C9F7D7B3,Grace Rono,ID-HASH-0FA594E926,MSME-WCP,Business Working Capital,1100000.00,599000.00,38500.00,79,STAGE_2_UNDERPERFORMING,11.92%,1.7x,BOMET_BRANCH
2025-10-31,STR-LN-104497,TKN-SHA256-D681EDD9,James Rono,ID-HASH-1556306435,BOSA-NRM,Development Loan Normal,2710000.00,693000.00,95000.00,0,STAGE_1_PERFORMING,0.94%,3.5x,NAKURU_BR
2025-10-31,STR-LN-104498,TKN-SHA256-DCBE1847,Alice Chebet,ID-HASH-54B8A6F37A,AGRI-TEA,Tea & Coffee Farm Development,790000.00,390000.00,27500.00,0,STAGE_1_PERFORMING,0.24%,2.5x,ELDORET_BR
2025-10-31,STR-LN-104499,TKN-SHA256-5C9355CB,Dennis Bett,ID-HASH-32F3A56107,ASSET-FIN,Vehicle & Asset Finance,2970000.00,1734000.00,104000.00,0,STAGE_1_PERFORMING,0.60%,1.5x,NANDI_HILLS
2025-10-31,STR-LN-104500,TKN-SHA256-DD38264D,Grace Njoroge,ID-HASH-40C594E628,AGRI-TEA,Tea & Coffee Farm Development,630000.00,576000.00,22000.00,0,STAGE_1_PERFORMING,0.91%,2.4x,BOMET_BRANCH
2025-10-31,STR-LN-104501,TKN-SHA256-EB26DB91,Beatrice Otieno,ID-HASH-8AA6E05C85,BOSA-NRM,Development Loan Normal,3425000.00,738000.00,120000.00,0,STAGE_1_PERFORMING,0.55%,3.0x,MOMBASA_BR
2025-10-31,STR-LN-104502,TKN-SHA256-FFB6B8B4,Wesley Kiptoo,ID-HASH-1BF3028297,BOSA-SCH,School Fees Advance,190000.00,119000.00,6500.00,3,STAGE_1_EARLY_WATCH,1.85%,3.8x,NANDI_HILLS
2025-10-31,STR-LN-104503,TKN-SHA256-D295BBCD,Alice Ochieng,ID-HASH-29C78B0774,MSME-WCP,Business Working Capital,910000.00,268000.00,32000.00,13,STAGE_1_EARLY_WATCH,1.31%,1.5x,NANDI_HILLS
2025-10-31,STR-LN-104504,TKN-SHA256-AD94B7FF,Gladys Hassan,ID-HASH-187C6117B5,AGRI-TEA,Tea & Coffee Farm Development,350000.00,93000.00,12500.00,0,STAGE_1_PERFORMING,0.86%,2.3x,MOMBASA_BR
2025-10-31,STR-LN-104505,TKN-SHA256-48A6D1AF,Catherine Omondi,ID-HASH-FCDAD2E470,MSME-WCP,Business Working Capital,1175000.00,1053000.00,41000.00,0,STAGE_1_PERFORMING,0.21%,2.2x,ELDORET_BR
2025-10-31,STR-LN-104506,TKN-SHA256-6ACEB488,Jane Njoroge,ID-HASH-7523B3013A,BOSA-NRM,Development Loan Normal,3215000.00,2431000.00,112500.00,0,STAGE_1_PERFORMING,0.56%,3.9x,BOMET_BRANCH
2025-10-31,STR-LN-104507,TKN-SHA256-14471AFB,Peter Njoroge,ID-HASH-C0E7EF2C76,FOSA-ADV,Salary Advance 30D,115000.00,41000.00,4000.00,0,STAGE_1_PERFORMING,0.26%,1.5x,MOMBASA_BR
2025-10-31,STR-LN-104508,TKN-SHA256-912E41B3,Fatuma Mwangi,ID-HASH-B3AF5AFDF6,BOSA-EMG,Emergency Medical Facility,150000.00,135000.00,5500.00,0,STAGE_1_PERFORMING,0.88%,2.6x,NANDI_HILLS
2025-10-31,STR-LN-104509,TKN-SHA256-E6069F0C,Peter Omondi,ID-HASH-03E396BC8A,FOSA-ADV,Salary Advance 30D,150000.00,128000.00,5500.00,11,STAGE_1_EARLY_WATCH,1.66%,1.5x,MOMBASA_BR
2025-10-31,STR-LN-104510,TKN-SHA256-E55BB651,Wesley Otieno,ID-HASH-838F808826,BOSA-SCH,School Fees Advance,135000.00,120000.00,4500.00,0,STAGE_1_PERFORMING,0.43%,3.3x,ELDORET_BR
2025-10-31,STR-LN-104511,TKN-SHA256-2E8DBA3C,Emmanuel Wanjiku,ID-HASH-753FD3B795,ASSET-FIN,Vehicle & Asset Finance,2600000.00,575000.00,91000.00,0,STAGE_1_PERFORMING,0.16%,1.6x,NANDI_HILLS
2025-10-31,STR-LN-104512,TKN-SHA256-E91846B8,James Omondi,ID-HASH-9117C4EDE4,MSME-WCP,Business Working Capital,1725000.00,421000.00,60500.00,0,STAGE_1_PERFORMING,0.33%,1.5x,ELDORET_BR
2025-10-31,STR-LN-104513,TKN-SHA256-4243C8C3,Peter Kariuki,ID-HASH-AC11BCB37F,BOSA-SCH,School Fees Advance,165000.00,146000.00,6000.00,0,STAGE_1_PERFORMING,0.37%,5.0x,MOMBASA_BR
2025-10-31,STR-LN-104514,TKN-SHA256-53616DBE,Lucy Cheruiyot,ID-HASH-48B3EBBB27,MSME-WCP,Business Working Capital,495000.00,316000.00,17500.00,0,STAGE_1_PERFORMING,0.39%,2.5x,KISUMU_BR
2025-10-31,STR-LN-104515,TKN-SHA256-BBEC11EC,Dennis Ali,ID-HASH-1D44A3411C,MSME-WCP,Business Working Capital,410000.00,188000.00,14500.00,0,STAGE_1_PERFORMING,0.18%,2.0x,WESTLANDS
2025-10-31,STR-LN-104516,TKN-SHA256-D6C21E25,Jane Kamau,ID-HASH-AEF6DE9D22,FOSA-ADV,Salary Advance 30D,130000.00,32000.00,4500.00,0,STAGE_1_PERFORMING,0.27%,1.3x,UPPER_HILL
2025-10-31,STR-LN-104517,TKN-SHA256-665C450C,Cosmas Siele,ID-HASH-65AFD1C977,ASSET-FIN,Vehicle & Asset Finance,1495000.00,1350000.00,52500.00,0,STAGE_1_PERFORMING,0.68%,1.9x,NAKURU_BR
2025-10-31,STR-LN-104518,TKN-SHA256-CEA1ABE6,James Hassan,ID-HASH-5E362DDA0A,ASSET-FIN,Vehicle & Asset Finance,2035000.00,1557000.00,71000.00,4,STAGE_1_EARLY_WATCH,2.35%,1.5x,NAKURU_BR
2025-10-31,STR-LN-104519,TKN-SHA256-2AF79DBE,Fatuma Ochieng,ID-HASH-FFA31D8143,FOSA-ADV,Salary Advance 30D,95000.00,48000.00,3500.00,0,STAGE_1_PERFORMING,0.49%,1.4x,ELDORET_BR
2025-10-31,STR-LN-104520,TKN-SHA256-2C71B538,Beatrice Njoroge,ID-HASH-9A58C6C732,BOSA-SCH,School Fees Advance,75000.00,12000.00,2500.00,0,STAGE_1_PERFORMING,0.24%,3.3x,KERICHO_CENTRAL
2025-10-31,STR-LN-104521,TKN-SHA256-AE2EE3F2,James Kiptoo,ID-HASH-841EDC60C3,BOSA-NRM,Development Loan Normal,3015000.00,639000.00,105500.00,0,STAGE_1_PERFORMING,0.51%,3.8x,NAKURU_BR
2025-10-31,STR-LN-104522,TKN-SHA256-54CEBB18,Mercy Kariuki,ID-HASH-A6A6FBADF7,MSME-WCP,Business Working Capital,665000.00,563000.00,23500.00,0,STAGE_1_PERFORMING,0.40%,1.7x,ELDORET_BR
2025-10-31,STR-LN-104523,TKN-SHA256-274A1610,Wesley Hassan,ID-HASH-24E98A97C0,AGRI-TEA,Tea & Coffee Farm Development,820000.00,537000.00,28500.00,0,STAGE_1_PERFORMING,0.87%,3.3x,ELDORET_BR
2025-10-31,STR-LN-104524,TKN-SHA256-7C4EE9D9,Geoffrey Mutua,ID-HASH-BF167460D8,MSME-WCP,Business Working Capital,260000.00,230000.00,9000.00,0,STAGE_1_PERFORMING,0.65%,2.2x,NANDI_HILLS
2025-10-31,STR-LN-104525,TKN-SHA256-09B02239,Emmanuel Kamau,ID-HASH-C28419CF45,MSME-WCP,Business Working Capital,620000.00,203000.00,21500.00,0,STAGE_1_PERFORMING,0.34%,1.8x,BOMET_BRANCH
2025-10-31,STR-LN-104526,TKN-SHA256-940B581F,Jane Kimani,ID-HASH-C353252797,MSME-WCP,Business Working Capital,1600000.00,342000.00,56000.00,0,STAGE_1_PERFORMING,0.18%,1.8x,UPPER_HILL
2025-10-31,STR-LN-104527,TKN-SHA256-60E01CAA,Samuel Otieno,ID-HASH-FD70BDF7C5,BOSA-NRM,Development Loan Normal,1915000.00,1563000.00,67000.00,0,STAGE_1_PERFORMING,0.72%,3.9x,MOMBASA_BR
2025-10-31,STR-LN-104528,TKN-SHA256-15D1E898,Hassan Achieng,ID-HASH-C566536C1F,ASSET-FIN,Vehicle & Asset Finance,3070000.00,1557000.00,107500.00,0,STAGE_1_PERFORMING,0.22%,1.2x,KISUMU_BR
2025-10-31,STR-LN-104529,TKN-SHA256-BFF20F12,Mercy Kamau,ID-HASH-F2555A9F14,ASSET-FIN,Vehicle & Asset Finance,2035000.00,643000.00,71000.00,0,STAGE_1_PERFORMING,0.20%,1.8x,UPPER_HILL
2025-10-31,STR-LN-104530,TKN-SHA256-54CFFF61,Grace Omondi,ID-HASH-AD37CEFA88,MSME-WCP,Business Working Capital,235000.00,214000.00,8000.00,0,STAGE_1_PERFORMING,0.26%,2.1x,BOMET_BRANCH
2025-10-31,STR-LN-104531,TKN-SHA256-1AAB6420,Lucy Njoroge,ID-HASH-D60505840D,ASSET-FIN,Vehicle & Asset Finance,3260000.00,2046000.00,114000.00,0,STAGE_1_PERFORMING,0.54%,1.8x,KISUMU_BR
2025-10-31,STR-LN-104532,TKN-SHA256-28AAC222,Beatrice Wambui,ID-HASH-A09A319223,BOSA-NRM,Development Loan Normal,2070000.00,1708000.00,72500.00,0,STAGE_1_PERFORMING,0.74%,3.9x,ELDORET_BR
2025-10-31,STR-LN-104533,TKN-SHA256-8A87C347,Wesley Bett,ID-HASH-570129BA2F,FOSA-ADV,Salary Advance 30D,75000.00,41000.00,2500.00,168,STAGE_3_NON_PERFORMING,40.90%,1.1x,BOMET_BRANCH
2025-10-31,STR-LN-104534,TKN-SHA256-81B51065,Dennis Kamau,ID-HASH-02711D8B7B,MSME-WCP,Business Working Capital,1185000.00,613000.00,41500.00,25,STAGE_1_EARLY_WATCH,2.08%,2.4x,KERICHO_CENTRAL
2025-10-31,STR-LN-104535,TKN-SHA256-B4A85DC8,Peter Achieng,ID-HASH-89ACDF6DE9,FOSA-ADV,Salary Advance 30D,65000.00,41000.00,2500.00,0,STAGE_1_PERFORMING,0.92%,1.5x,MOMBASA_BR
2025-10-31,STR-LN-104536,TKN-SHA256-1B2F24C7,Grace Chebet,ID-HASH-8F791311D9,BOSA-NRM,Development Loan Normal,2680000.00,1301000.00,94000.00,0,STAGE_1_PERFORMING,0.28%,4.3x,NAKURU_BR
2025-10-31,STR-LN-104537,TKN-SHA256-02413883,Alice Cheruiyot,ID-HASH-4472EF80CC,BOSA-NRM,Development Loan Normal,1630000.00,967000.00,57000.00,0,STAGE_1_PERFORMING,0.33%,3.9x,ELDORET_BR
2025-10-31,STR-LN-104538,TKN-SHA256-C2C58CA8,David Rono,ID-HASH-18E22C29C7,BOSA-NRM,Development Loan Normal,3480000.00,2444000.00,122000.00,0,STAGE_1_PERFORMING,0.30%,3.0x,ELDORET_BR
2025-10-31,STR-LN-104539,TKN-SHA256-22BAC86E,James Langat,ID-HASH-15E6E05765,ASSET-FIN,Vehicle & Asset Finance,2480000.00,510000.00,87000.00,0,STAGE_1_PERFORMING,0.90%,1.8x,WESTLANDS
2025-10-31,STR-LN-104540,TKN-SHA256-D76CB921,Catherine Omondi,ID-HASH-E37B4BCB0E,BOSA-SCH,School Fees Advance,100000.00,77000.00,3500.00,0,STAGE_1_PERFORMING,0.46%,3.7x,NANDI_HILLS
2025-10-31,STR-LN-104541,TKN-SHA256-D62E53E1,Dennis Otieno,ID-HASH-35F6140B7A,FOSA-ADV,Salary Advance 30D,115000.00,29000.00,4000.00,0,STAGE_1_PERFORMING,0.68%,1.2x,UPPER_HILL
2025-10-31,STR-LN-104542,TKN-SHA256-CD16B1F8,Dennis Cheruiyot,ID-HASH-DE017F6570,MSME-WCP,Business Working Capital,605000.00,203000.00,21000.00,49,STAGE_2_UNDERPERFORMING,13.03%,2.5x,BOMET_BRANCH
2025-10-31,STR-LN-104543,TKN-SHA256-3E7D9753,Kiprono Mwangi,ID-HASH-B88F5B4F82,AGRI-TEA,Tea & Coffee Farm Development,185000.00,149000.00,6500.00,0,STAGE_1_PERFORMING,0.74%,3.4x,HQ_NAIROBI
2025-10-31,STR-LN-104544,TKN-SHA256-B23B029B,Lucy Wanjiku,ID-HASH-1303EBF16E,BOSA-SCH,School Fees Advance,45000.00,34000.00,1500.00,0,STAGE_1_PERFORMING,0.29%,3.5x,WESTLANDS
2025-10-31,STR-LN-104545,TKN-SHA256-D433E3D3,Jane Njoroge,ID-HASH-5501C029AC,AGRI-TEA,Tea & Coffee Farm Development,705000.00,124000.00,24500.00,0,STAGE_1_PERFORMING,0.23%,2.6x,WESTLANDS
2025-10-31,STR-LN-104546,TKN-SHA256-E496C6A7,Lucy Cheruiyot,ID-HASH-6F26CA1830,AGRI-TEA,Tea & Coffee Farm Development,1130000.00,1017000.00,39500.00,0,STAGE_1_PERFORMING,0.42%,3.2x,UPPER_HILL
2025-10-31,STR-LN-104547,TKN-SHA256-CCB7BD6C,John Otieno,ID-HASH-A17F9B5538,BOSA-NRM,Development Loan Normal,3465000.00,769000.00,121500.00,0,STAGE_1_PERFORMING,0.78%,2.7x,NAKURU_BR
2025-10-31,STR-LN-104548,TKN-SHA256-470288A8,Tabitha Korir,ID-HASH-2F0753097D,ASSET-FIN,Vehicle & Asset Finance,1865000.00,683000.00,65500.00,0,STAGE_1_PERFORMING,0.28%,1.1x,NAKURU_BR
2025-10-31,STR-LN-104549,TKN-SHA256-BB32FE12,Bernard Ali,ID-HASH-52C29BB57A,BOSA-NRM,Development Loan Normal,1290000.00,507000.00,45000.00,0,STAGE_1_PERFORMING,0.53%,3.7x,MOMBASA_BR
2025-10-31,STR-LN-104550,TKN-SHA256-4E8B5C5C,John Wanjiku,ID-HASH-F6DF7CA590,BOSA-SCH,School Fees Advance,75000.00,49000.00,2500.00,0,STAGE_1_PERFORMING,0.50%,3.7x,UPPER_HILL
2025-10-31,STR-LN-104551,TKN-SHA256-711A6168,Peter Ali,ID-HASH-AC787C8070,BOSA-SCH,School Fees Advance,115000.00,108000.00,4000.00,0,STAGE_1_PERFORMING,0.87%,3.4x,KISUMU_BR
2025-10-31,STR-LN-104552,TKN-SHA256-05D5CBC6,Stephen Hassan,ID-HASH-929BEA7301,AGRI-TEA,Tea & Coffee Farm Development,1155000.00,720000.00,40500.00,0,STAGE_1_PERFORMING,0.31%,3.1x,ELDORET_BR
2025-10-31,STR-LN-104553,TKN-SHA256-B4FEAE20,Fatuma Wanjiku,ID-HASH-15489ED97F,ASSET-FIN,Vehicle & Asset Finance,1710000.00,813000.00,60000.00,0,STAGE_1_PERFORMING,0.79%,1.2x,KERICHO_CENTRAL
2025-10-31,STR-LN-104554,TKN-SHA256-A33BBBF0,James Wanjiku,ID-HASH-51AD3C25C8,BOSA-EMG,Emergency Medical Facility,115000.00,25000.00,4000.00,7,STAGE_1_EARLY_WATCH,2.26%,2.0x,UPPER_HILL
2025-10-31,STR-LN-104555,TKN-SHA256-5A88090D,Fatuma Mwangi,ID-HASH-AF8D24DDD3,AGRI-TEA,Tea & Coffee Farm Development,1140000.00,866000.00,40000.00,17,STAGE_1_EARLY_WATCH,2.32%,2.4x,ELDORET_BR
2025-10-31,STR-LN-104556,TKN-SHA256-6682336B,Tabitha Cheruiyot,ID-HASH-1AC7084692,BOSA-EMG,Emergency Medical Facility,185000.00,135000.00,6500.00,0,STAGE_1_PERFORMING,0.30%,2.7x,HQ_NAIROBI
2025-10-31,STR-LN-104557,TKN-SHA256-4E4D028E,Grace Cheruiyot,ID-HASH-2605A6AAAE,AGRI-TEA,Tea & Coffee Farm Development,255000.00,237000.00,9000.00,0,STAGE_1_PERFORMING,0.28%,3.3x,KISUMU_BR
2025-10-31,STR-LN-104558,TKN-SHA256-58E08A51,Philemon Wanjiku,ID-HASH-7FD1F58543,ASSET-FIN,Vehicle & Asset Finance,2035000.00,1583000.00,71000.00,101,STAGE_3_NON_PERFORMING,35.06%,1.3x,KISUMU_BR
2025-10-31,STR-LN-104559,TKN-SHA256-B5DD837F,Beatrice Ali,ID-HASH-B271AF6523,FOSA-ADV,Salary Advance 30D,140000.00,133000.00,5000.00,0,STAGE_1_PERFORMING,0.61%,1.0x,BOMET_BRANCH
2025-10-31,STR-LN-104560,TKN-SHA256-72D07284,Kiprono Ruto,ID-HASH-81C4B3F9EA,MSME-WCP,Business Working Capital,275000.00,48000.00,9500.00,0,STAGE_1_PERFORMING,0.71%,2.7x,KERICHO_CENTRAL
2025-10-31,STR-LN-104561,TKN-SHA256-5F24464A,Mary Hassan,ID-HASH-8667EF52AB,ASSET-FIN,Vehicle & Asset Finance,2980000.00,1915000.00,104500.00,0,STAGE_1_PERFORMING,0.51%,1.3x,WESTLANDS
2025-10-31,STR-LN-104562,TKN-SHA256-F263752D,Beatrice Ochieng,ID-HASH-715EFD1091,BOSA-EMG,Emergency Medical Facility,270000.00,162000.00,9500.00,0,STAGE_1_PERFORMING,0.70%,2.8x,UPPER_HILL
2025-10-31,STR-LN-104563,TKN-SHA256-5978782E,Hassan Omondi,ID-HASH-F9454E5E51,BOSA-SCH,School Fees Advance,190000.00,70000.00,6500.00,0,STAGE_1_PERFORMING,0.58%,5.1x,NAKURU_BR
2025-10-31,STR-LN-104564,TKN-SHA256-81813F26,Jane Kiptoo,ID-HASH-43FC08727B,BOSA-SCH,School Fees Advance,55000.00,12000.00,2000.00,0,STAGE_1_PERFORMING,0.43%,3.5x,HQ_NAIROBI
2025-10-31,STR-LN-104565,TKN-SHA256-A807D9BC,Hassan Ruto,ID-HASH-480D3A0904,BOSA-EMG,Emergency Medical Facility,230000.00,37000.00,8000.00,0,STAGE_1_PERFORMING,0.56%,2.6x,NANDI_HILLS
2025-10-31,STR-LN-104566,TKN-SHA256-CBE99577,Lucy Kimani,ID-HASH-FA665F0013,ASSET-FIN,Vehicle & Asset Finance,2400000.00,1723000.00,84000.00,0,STAGE_1_PERFORMING,0.44%,1.3x,UPPER_HILL
2025-10-31,STR-LN-104567,TKN-SHA256-EE4B28A7,Wesley Gitonga,ID-HASH-EE2DC9D17C,MSME-WCP,Business Working Capital,1520000.00,758000.00,53000.00,0,STAGE_1_PERFORMING,0.52%,2.4x,NANDI_HILLS
2025-10-31,STR-LN-104568,TKN-SHA256-88AD1738,Kiprono Mwangi,ID-HASH-3C455C2A1D,BOSA-NRM,Development Loan Normal,3095000.00,2486000.00,108500.00,0,STAGE_1_PERFORMING,0.68%,3.8x,WESTLANDS
2025-10-31,STR-LN-104569,TKN-SHA256-9C2FD34F,Wesley Koech,ID-HASH-B3C009274D,BOSA-NRM,Development Loan Normal,950000.00,448000.00,33000.00,0,STAGE_1_PERFORMING,0.74%,3.9x,ELDORET_BR
2025-10-31,STR-LN-104570,TKN-SHA256-32C26A9B,Kiprono Rono,ID-HASH-CE229E8024,BOSA-EMG,Emergency Medical Facility,70000.00,50000.00,2500.00,53,STAGE_2_UNDERPERFORMING,13.69%,1.9x,NANDI_HILLS
2025-10-31,STR-LN-104571,TKN-SHA256-FCC0F62F,Fatuma Ochieng,ID-HASH-5D45EE8DA8,BOSA-EMG,Emergency Medical Facility,95000.00,87000.00,3500.00,0,STAGE_1_PERFORMING,0.47%,1.9x,UPPER_HILL
2025-10-31,STR-LN-104572,TKN-SHA256-A3ABD43E,Cosmas Siele,ID-HASH-7B6699C3C0,BOSA-EMG,Emergency Medical Facility,100000.00,19000.00,3500.00,0,STAGE_1_PERFORMING,0.32%,2.3x,NAKURU_BR
2025-10-31,STR-LN-104573,TKN-SHA256-8458345F,Kiprono Otieno,ID-HASH-0E3DBD9A22,BOSA-SCH,School Fees Advance,90000.00,51000.00,3000.00,13,STAGE_1_EARLY_WATCH,1.23%,3.1x,NANDI_HILLS
2025-10-31,STR-LN-104574,TKN-SHA256-9E6073C2,Emmanuel Kamau,ID-HASH-E9531153CE,BOSA-EMG,Emergency Medical Facility,290000.00,122000.00,10000.00,0,STAGE_1_PERFORMING,0.29%,2.9x,HQ_NAIROBI
2025-10-31,STR-LN-104575,TKN-SHA256-7287C6F2,John Cheruiyot,ID-HASH-3EA058CAC5,BOSA-NRM,Development Loan Normal,1535000.00,1268000.00,53500.00,0,STAGE_1_PERFORMING,0.16%,2.9x,BOMET_BRANCH
2025-10-31,STR-LN-104576,TKN-SHA256-C67EAAE7,James Sang,ID-HASH-E80E93003C,BOSA-EMG,Emergency Medical Facility,290000.00,75000.00,10000.00,0,STAGE_1_PERFORMING,0.82%,2.8x,HQ_NAIROBI
2025-10-31,STR-LN-104577,TKN-SHA256-67479290,Alice Wambui,ID-HASH-3AE931DCFA,ASSET-FIN,Vehicle & Asset Finance,3740000.00,1082000.00,131000.00,38,STAGE_2_UNDERPERFORMING,13.96%,1.4x,ELDORET_BR
2025-10-31,STR-LN-104578,TKN-SHA256-DC10EB6D,Peter Chebet,ID-HASH-DFF8203C09,MSME-WCP,Business Working Capital,260000.00,137000.00,9000.00,0,STAGE_1_PERFORMING,0.37%,2.3x,MOMBASA_BR
2025-10-31,STR-LN-104579,TKN-SHA256-1CAA2E82,Philemon Wambui,ID-HASH-876F278528,ASSET-FIN,Vehicle & Asset Finance,1415000.00,1299000.00,49500.00,0,STAGE_1_PERFORMING,0.68%,1.8x,MOMBASA_BR
2025-10-31,STR-LN-104580,TKN-SHA256-301D3B1D,Hassan Wambui,ID-HASH-35AC895D2C,ASSET-FIN,Vehicle & Asset Finance,3980000.00,2431000.00,139500.00,0,STAGE_1_PERFORMING,0.79%,1.8x,HQ_NAIROBI
2025-10-31,STR-LN-104581,TKN-SHA256-2BE6E842,Geoffrey Kariuki,ID-HASH-4C9EB5BF8A,FOSA-ADV,Salary Advance 30D,120000.00,28000.00,4000.00,0,STAGE_1_PERFORMING,0.42%,1.1x,NANDI_HILLS
2025-10-31,STR-LN-104582,TKN-SHA256-651F8E95,Hassan Ruto,ID-HASH-5186D5DC16,BOSA-NRM,Development Loan Normal,1395000.00,341000.00,49000.00,0,STAGE_1_PERFORMING,0.85%,3.2x,ELDORET_BR
2025-10-31,STR-LN-104583,TKN-SHA256-E9A391B5,Fatuma Ali,ID-HASH-8E58D827F7,ASSET-FIN,Vehicle & Asset Finance,3640000.00,1095000.00,127500.00,0,STAGE_1_PERFORMING,0.60%,1.5x,NANDI_HILLS
2025-10-31,STR-LN-104584,TKN-SHA256-0754004D,Hassan Ruto,ID-HASH-5F28196012,AGRI-TEA,Tea & Coffee Farm Development,1195000.00,356000.00,42000.00,0,STAGE_1_PERFORMING,0.39%,2.6x,HQ_NAIROBI
2025-10-31,STR-LN-104585,TKN-SHA256-9093FFE7,Samuel Hassan,ID-HASH-23B037640B,BOSA-SCH,School Fees Advance,110000.00,40000.00,4000.00,23,STAGE_1_EARLY_WATCH,4.13%,4.7x,NANDI_HILLS
2025-10-31,STR-LN-104586,TKN-SHA256-C29A61E0,Mary Otieno,ID-HASH-A54F7BF423,FOSA-ADV,Salary Advance 30D,95000.00,82000.00,3500.00,0,STAGE_1_PERFORMING,0.37%,1.3x,WESTLANDS
2025-10-31,STR-LN-104587,TKN-SHA256-3F794651,Grace Bett,ID-HASH-8CEF7F5C21,BOSA-SCH,School Fees Advance,245000.00,142000.00,8500.00,0,STAGE_1_PERFORMING,0.15%,4.9x,WESTLANDS
2025-10-31,STR-LN-104588,TKN-SHA256-2A77B48E,Fatuma Wanjiku,ID-HASH-D88968D94F,BOSA-SCH,School Fees Advance,95000.00,58000.00,3500.00,0,STAGE_1_PERFORMING,0.83%,3.1x,MOMBASA_BR
2025-10-31,STR-LN-104589,TKN-SHA256-E23716D0,Jane Siele,ID-HASH-1FC77C72D2,BOSA-NRM,Development Loan Normal,2250000.00,874000.00,79000.00,0,STAGE_1_PERFORMING,0.20%,2.8x,BOMET_BRANCH
2025-10-31,STR-LN-104590,TKN-SHA256-7F552796,James Siele,ID-HASH-05DF164C77,ASSET-FIN,Vehicle & Asset Finance,3955000.00,3119000.00,138500.00,0,STAGE_1_PERFORMING,0.51%,1.5x,KISUMU_BR
2025-10-31,STR-LN-104591,TKN-SHA256-1A56E0C7,Philemon Otieno,ID-HASH-B13B65351A,AGRI-TEA,Tea & Coffee Farm Development,725000.00,145000.00,25500.00,0,STAGE_1_PERFORMING,0.90%,3.7x,ELDORET_BR
2025-10-31,STR-LN-104592,TKN-SHA256-70565825,Lucy Achieng,ID-HASH-700CF9ED1F,AGRI-TEA,Tea & Coffee Farm Development,1130000.00,808000.00,39500.00,0,STAGE_1_PERFORMING,0.41%,2.9x,UPPER_HILL
2025-10-31,STR-LN-104593,TKN-SHA256-7EEC722F,Dennis Langat,ID-HASH-7FA34BBCFA,BOSA-SCH,School Fees Advance,190000.00,152000.00,6500.00,0,STAGE_1_PERFORMING,0.20%,3.2x,WESTLANDS
2025-10-31,STR-LN-104594,TKN-SHA256-C73CAAF3,Hassan Mwangi,ID-HASH-49537988F7,AGRI-TEA,Tea & Coffee Farm Development,790000.00,226000.00,27500.00,52,STAGE_2_UNDERPERFORMING,11.40%,2.2x,KERICHO_CENTRAL
2025-10-31,STR-LN-104595,TKN-SHA256-6FD25E6F,David Kiptoo,ID-HASH-B73FB5F38D,BOSA-NRM,Development Loan Normal,1950000.00,804000.00,68000.00,0,STAGE_1_PERFORMING,0.49%,3.3x,NAKURU_BR
2025-10-31,STR-LN-104596,TKN-SHA256-25DB3D9C,Hassan Kimani,ID-HASH-86EA0CBA37,BOSA-SCH,School Fees Advance,145000.00,92000.00,5000.00,0,STAGE_1_PERFORMING,0.63%,4.1x,MOMBASA_BR
2025-10-31,STR-LN-104597,TKN-SHA256-1151087D,Wesley Kamau,ID-HASH-A0312A5296,BOSA-EMG,Emergency Medical Facility,260000.00,183000.00,9000.00,0,STAGE_1_PERFORMING,0.61%,2.2x,NANDI_HILLS
2025-10-31,STR-LN-104598,TKN-SHA256-81376705,Hassan Kamau,ID-HASH-C2543B9CAC,BOSA-NRM,Development Loan Normal,1920000.00,1030000.00,67000.00,0,STAGE_1_PERFORMING,0.58%,3.3x,ELDORET_BR
2025-10-31,STR-LN-104599,TKN-SHA256-22C05919,Dennis Siele,ID-HASH-B3883BBFAC,BOSA-NRM,Development Loan Normal,2810000.00,2517000.00,98500.00,0,STAGE_1_PERFORMING,0.27%,3.5x,KERICHO_CENTRAL
2025-10-31,STR-LN-104600,TKN-SHA256-BE81A3E8,David Hassan,ID-HASH-956DCBB759,AGRI-TEA,Tea & Coffee Farm Development,840000.00,545000.00,29500.00,99,STAGE_3_NON_PERFORMING,41.31%,2.2x,ELDORET_BR
2025-10-31,STR-LN-104601,TKN-SHA256-FF32B3E8,Jane Kamau,ID-HASH-A31F524A7D,BOSA-NRM,Development Loan Normal,1565000.00,498000.00,55000.00,80,STAGE_2_UNDERPERFORMING,6.66%,2.5x,NAKURU_BR
2025-10-31,STR-LN-104602,TKN-SHA256-ACB00EA5,Samuel Chebet,ID-HASH-986E18B639,FOSA-ADV,Salary Advance 30D,40000.00,33000.00,1500.00,0,STAGE_1_PERFORMING,0.59%,1.2x,ELDORET_BR
2025-10-31,STR-LN-104603,TKN-SHA256-2BDA7806,Grace Achieng,ID-HASH-EA54F16124,BOSA-SCH,School Fees Advance,225000.00,67000.00,8000.00,0,STAGE_1_PERFORMING,0.67%,4.2x,ELDORET_BR
2025-10-31,STR-LN-104604,TKN-SHA256-402DB424,Gladys Wambui,ID-HASH-EAAF2D06BD,AGRI-TEA,Tea & Coffee Farm Development,505000.00,121000.00,17500.00,6,STAGE_1_EARLY_WATCH,1.63%,2.7x,NANDI_HILLS
2025-10-31,STR-LN-104605,TKN-SHA256-8ED8D5E4,Hassan Bett,ID-HASH-0290BFDD03,AGRI-TEA,Tea & Coffee Farm Development,230000.00,79000.00,8000.00,21,STAGE_1_EARLY_WATCH,3.48%,3.2x,HQ_NAIROBI
2025-10-31,STR-LN-104606,TKN-SHA256-D6C60F69,Dennis Rono,ID-HASH-2444CD01C0,BOSA-NRM,Development Loan Normal,1290000.00,997000.00,45000.00,0,STAGE_1_PERFORMING,0.41%,3.3x,MOMBASA_BR
2025-10-31,STR-LN-104607,TKN-SHA256-297D286F,Lucy Sang,ID-HASH-C418D44BC2,BOSA-SCH,School Fees Advance,80000.00,47000.00,3000.00,0,STAGE_1_PERFORMING,0.89%,4.8x,BOMET_BRANCH
2025-10-31,STR-LN-104608,TKN-SHA256-ACACBF6E,Grace Langat,ID-HASH-2DD004F510,BOSA-SCH,School Fees Advance,95000.00,14000.00,3500.00,0,STAGE_1_PERFORMING,0.73%,3.5x,KISUMU_BR
2025-10-31,STR-LN-104609,TKN-SHA256-3A073FAE,Mary Kamau,ID-HASH-4289CE04D4,BOSA-NRM,Development Loan Normal,3430000.00,1154000.00,120000.00,0,STAGE_1_PERFORMING,0.43%,2.8x,WESTLANDS
2025-10-31,STR-LN-104610,TKN-SHA256-AE1B040A,Geoffrey Ochieng,ID-HASH-CA749A88A0,BOSA-NRM,Development Loan Normal,890000.00,671000.00,31000.00,0,STAGE_1_PERFORMING,0.56%,4.2x,KISUMU_BR
2025-10-31,STR-LN-104611,TKN-SHA256-ABA66EDC,Fatuma Ali,ID-HASH-E62B4D00FF,BOSA-SCH,School Fees Advance,55000.00,49000.00,2000.00,0,STAGE_1_PERFORMING,0.24%,4.6x,BOMET_BRANCH
2025-10-31,STR-LN-104612,TKN-SHA256-59696CAE,Jane Koech,ID-HASH-F5AFB55782,BOSA-EMG,Emergency Medical Facility,275000.00,244000.00,9500.00,0,STAGE_1_PERFORMING,0.88%,2.8x,WESTLANDS
2025-10-31,STR-LN-104613,TKN-SHA256-B5C02D5A,Catherine Korir,ID-HASH-AEEB98552D,FOSA-ADV,Salary Advance 30D,135000.00,94000.00,4500.00,0,STAGE_1_PERFORMING,0.61%,1.5x,UPPER_HILL
2025-10-31,STR-LN-104614,TKN-SHA256-71F496B4,Tabitha Otieno,ID-HASH-B0463C8AE9,ASSET-FIN,Vehicle & Asset Finance,4045000.00,2529000.00,141500.00,0,STAGE_1_PERFORMING,0.63%,1.4x,BOMET_BRANCH
2025-10-31,STR-LN-104615,TKN-SHA256-2A2DE616,Stephen Ruto,ID-HASH-D469DB4673,BOSA-SCH,School Fees Advance,205000.00,109000.00,7000.00,0,STAGE_1_PERFORMING,0.37%,4.3x,MOMBASA_BR
2025-10-31,STR-LN-104616,TKN-SHA256-A1725097,John Rono,ID-HASH-F89392F316,BOSA-NRM,Development Loan Normal,2785000.00,2267000.00,97500.00,0,STAGE_1_PERFORMING,0.17%,4.2x,ELDORET_BR
2025-10-31,STR-LN-104617,TKN-SHA256-C504AE18,Bernard Cheruiyot,ID-HASH-910FD2618C,BOSA-SCH,School Fees Advance,155000.00,137000.00,5500.00,0,STAGE_1_PERFORMING,0.57%,4.2x,UPPER_HILL
2025-10-31,STR-LN-104618,TKN-SHA256-BC5E1F75,Fatuma Chebet,ID-HASH-C8827F1160,BOSA-EMG,Emergency Medical Facility,255000.00,67000.00,9000.00,0,STAGE_1_PERFORMING,0.62%,2.6x,NAKURU_BR
2025-10-31,STR-LN-104619,TKN-SHA256-1C3E43CB,Emmanuel Ruto,ID-HASH-9523A6898D,AGRI-TEA,Tea & Coffee Farm Development,160000.00,51000.00,5500.00,0,STAGE_1_PERFORMING,0.16%,2.9x,NANDI_HILLS
2025-10-31,STR-LN-104620,TKN-SHA256-82AB4957,John Rono,ID-HASH-AAC2BC6C93,BOSA-NRM,Development Loan Normal,1575000.00,626000.00,55000.00,0,STAGE_1_PERFORMING,0.64%,3.2x,KERICHO_CENTRAL
2025-10-31,STR-LN-104621,TKN-SHA256-70350F81,Fatuma Kariuki,ID-HASH-EB52097CAB,BOSA-NRM,Development Loan Normal,1945000.00,1720000.00,68000.00,0,STAGE_1_PERFORMING,0.71%,3.1x,NAKURU_BR
2025-10-31,STR-LN-104622,TKN-SHA256-69314136,Mercy Wambui,ID-HASH-5EE2162D8F,BOSA-NRM,Development Loan Normal,2650000.00,1935000.00,93000.00,0,STAGE_1_PERFORMING,0.56%,4.0x,KISUMU_BR
2025-10-31,STR-LN-104623,TKN-SHA256-C92A06B0,David Ochieng,ID-HASH-024A53F3AC,BOSA-NRM,Development Loan Normal,1100000.00,221000.00,38500.00,0,STAGE_1_PERFORMING,0.85%,3.3x,BOMET_BRANCH
2025-10-31,STR-LN-104624,TKN-SHA256-F8E0B54D,Emmanuel Mwangi,ID-HASH-F8D8B8C25C,BOSA-NRM,Development Loan Normal,2895000.00,1456000.00,101500.00,0,STAGE_1_PERFORMING,0.75%,2.9x,HQ_NAIROBI
2025-10-31,STR-LN-104625,TKN-SHA256-FC59494C,Kiprono Omondi,ID-HASH-02B1E6E02C,BOSA-NRM,Development Loan Normal,710000.00,310000.00,25000.00,118,STAGE_3_NON_PERFORMING,19.04%,3.3x,UPPER_HILL
2025-10-31,STR-LN-104626,TKN-SHA256-13FC8016,Wesley Omondi,ID-HASH-307C577072,MSME-WCP,Business Working Capital,1360000.00,943000.00,47500.00,0,STAGE_1_PERFORMING,0.55%,2.5x,NAKURU_BR
2025-10-31,STR-LN-104627,TKN-SHA256-13F18E87,Catherine Otieno,ID-HASH-0B471DBED0,BOSA-SCH,School Fees Advance,215000.00,198000.00,7500.00,31,STAGE_2_UNDERPERFORMING,10.88%,4.2x,WESTLANDS
2025-10-31,STR-LN-104628,TKN-SHA256-BE573780,Mary Ruto,ID-HASH-CEB923AB14,BOSA-NRM,Development Loan Normal,3400000.00,2783000.00,119000.00,21,STAGE_1_EARLY_WATCH,2.90%,2.7x,HQ_NAIROBI
2025-10-31,STR-LN-104629,TKN-SHA256-D99126DA,John Omondi,ID-HASH-612728FC1C,BOSA-NRM,Development Loan Normal,2710000.00,804000.00,95000.00,0,STAGE_1_PERFORMING,0.22%,2.7x,HQ_NAIROBI
2025-10-31,STR-LN-104630,TKN-SHA256-DC592AA6,Samuel Langat,ID-HASH-F2419BA39E,FOSA-ADV,Salary Advance 30D,65000.00,32000.00,2500.00,0,STAGE_1_PERFORMING,0.48%,1.6x,MOMBASA_BR
2025-10-31,STR-LN-104631,TKN-SHA256-B84AF98B,Mary Njoroge,ID-HASH-63072F81A4,BOSA-EMG,Emergency Medical Facility,265000.00,203000.00,9500.00,0,STAGE_1_PERFORMING,0.26%,2.9x,NANDI_HILLS
2025-10-31,STR-LN-104632,TKN-SHA256-B002189E,Emmanuel Kiptoo,ID-HASH-57A36C2513,MSME-WCP,Business Working Capital,810000.00,461000.00,28500.00,0,STAGE_1_PERFORMING,0.84%,2.1x,UPPER_HILL
2025-10-31,STR-LN-104633,TKN-SHA256-422194B5,Dennis Ochieng,ID-HASH-7FE6CF242C,FOSA-ADV,Salary Advance 30D,95000.00,67000.00,3500.00,1,STAGE_1_EARLY_WATCH,2.03%,1.4x,UPPER_HILL
2025-10-31,STR-LN-104634,TKN-SHA256-8174C914,Samuel Mwangi,ID-HASH-47C2B63752,BOSA-SCH,School Fees Advance,40000.00,18000.00,1500.00,0,STAGE_1_PERFORMING,0.60%,4.9x,KERICHO_CENTRAL
2025-10-31,STR-LN-104635,TKN-SHA256-12A213B3,Kiprono Kimani,ID-HASH-D749480629,FOSA-ADV,Salary Advance 30D,55000.00,12000.00,2000.00,0,STAGE_1_PERFORMING,0.21%,1.1x,KISUMU_BR
2025-10-31,STR-LN-104636,TKN-SHA256-5AA90BDB,Mary Wanjiku,ID-HASH-50802E7DDF,FOSA-ADV,Salary Advance 30D,110000.00,99000.00,4000.00,0,STAGE_1_PERFORMING,0.76%,1.1x,KISUMU_BR
2025-10-31,STR-LN-104637,TKN-SHA256-40292F88,Emmanuel Kiptoo,ID-HASH-187E239482,AGRI-TEA,Tea & Coffee Farm Development,915000.00,625000.00,32000.00,0,STAGE_1_PERFORMING,0.91%,3.2x,KERICHO_CENTRAL
2025-10-31,STR-LN-104638,TKN-SHA256-D989B5A2,James Koech,ID-HASH-E32C344C10,MSME-WCP,Business Working Capital,1510000.00,1411000.00,53000.00,0,STAGE_1_PERFORMING,0.33%,2.0x,KERICHO_CENTRAL
2025-10-31,STR-LN-104639,TKN-SHA256-30A2665B,Mary Gitonga,ID-HASH-1959609DC0,AGRI-TEA,Tea & Coffee Farm Development,1075000.00,773000.00,37500.00,0,STAGE_1_PERFORMING,0.57%,2.2x,NANDI_HILLS
2025-10-31,STR-LN-104640,TKN-SHA256-C73B2AE2,Kiprono Mutua,ID-HASH-1C4C54B7D8,AGRI-TEA,Tea & Coffee Farm Development,705000.00,652000.00,24500.00,0,STAGE_1_PERFORMING,0.75%,3.4x,BOMET_BRANCH
2025-10-31,STR-LN-104641,TKN-SHA256-2731871C,Bernard Njoroge,ID-HASH-91617A6B01,FOSA-ADV,Salary Advance 30D,105000.00,99000.00,3500.00,0,STAGE_1_PERFORMING,0.28%,1.1x,MOMBASA_BR
2025-10-31,STR-LN-104642,TKN-SHA256-43DAB6E4,Tabitha Rono,ID-HASH-EC9E798D0E,AGRI-TEA,Tea & Coffee Farm Development,925000.00,473000.00,32500.00,0,STAGE_1_PERFORMING,0.45%,2.2x,WESTLANDS
2025-10-31,STR-LN-104643,TKN-SHA256-F6F256B9,Bernard Ali,ID-HASH-F783B95DF7,AGRI-TEA,Tea & Coffee Farm Development,425000.00,145000.00,15000.00,0,STAGE_1_PERFORMING,0.51%,3.1x,BOMET_BRANCH
2025-10-31,STR-LN-104644,TKN-SHA256-704F8107,Peter Koech,ID-HASH-D2AF525B76,ASSET-FIN,Vehicle & Asset Finance,3605000.00,648000.00,126000.00,0,STAGE_1_PERFORMING,0.38%,1.8x,HQ_NAIROBI
2025-10-31,STR-LN-104645,TKN-SHA256-BB43A556,Dennis Korir,ID-HASH-5200AEF68C,BOSA-NRM,Development Loan Normal,3045000.00,931000.00,106500.00,0,STAGE_1_PERFORMING,0.72%,3.1x,ELDORET_BR
2025-10-31,STR-LN-104646,TKN-SHA256-CE3F374E,Mary Kariuki,ID-HASH-D572573F64,FOSA-ADV,Salary Advance 30D,115000.00,103000.00,4000.00,63,STAGE_2_UNDERPERFORMING,10.70%,1.1x,KISUMU_BR
2025-10-31,STR-LN-104647,TKN-SHA256-E39F50D4,Emmanuel Korir,ID-HASH-B525357B26,BOSA-SCH,School Fees Advance,230000.00,211000.00,8000.00,0,STAGE_1_PERFORMING,0.57%,3.9x,NANDI_HILLS
2025-10-31,STR-LN-104648,TKN-SHA256-E5E68DFF,Samuel Kariuki,ID-HASH-3426944DA0,AGRI-TEA,Tea & Coffee Farm Development,340000.00,177000.00,12000.00,0,STAGE_1_PERFORMING,0.47%,2.3x,HQ_NAIROBI
2025-10-31,STR-LN-104649,TKN-SHA256-D899744F,Dennis Hassan,ID-HASH-CAA56830B4,BOSA-SCH,School Fees Advance,190000.00,168000.00,6500.00,0,STAGE_1_PERFORMING,0.39%,4.3x,BOMET_BRANCH
2025-10-31,STR-LN-104650,TKN-SHA256-67734533,Jane Kariuki,ID-HASH-B0CB2BC164,BOSA-NRM,Development Loan Normal,1760000.00,1206000.00,61500.00,0,STAGE_1_PERFORMING,0.81%,3.5x,HQ_NAIROBI
2025-10-31,STR-LN-104651,TKN-SHA256-019A2CDE,Mary Hassan,ID-HASH-CE31A72966,AGRI-TEA,Tea & Coffee Farm Development,370000.00,99000.00,13000.00,28,STAGE_1_EARLY_WATCH,2.58%,2.6x,NANDI_HILLS
2025-10-31,STR-LN-104652,TKN-SHA256-93FDAEFD,Mercy Kariuki,ID-HASH-26D4241CDD,ASSET-FIN,Vehicle & Asset Finance,2595000.00,2158000.00,91000.00,0,STAGE_1_PERFORMING,0.20%,1.7x,KERICHO_CENTRAL
2025-10-31,STR-LN-104653,TKN-SHA256-C81CC39C,Stephen Langat,ID-HASH-5AD1B69A7A,BOSA-EMG,Emergency Medical Facility,155000.00,141000.00,5500.00,137,STAGE_3_NON_PERFORMING,23.03%,2.8x,UPPER_HILL
2025-10-31,STR-LN-104654,TKN-SHA256-EEA7597B,Mary Kimani,ID-HASH-018FC87EFF,FOSA-ADV,Salary Advance 30D,85000.00,33000.00,3000.00,28,STAGE_1_EARLY_WATCH,4.10%,1.3x,BOMET_BRANCH
2025-10-31,STR-LN-104655,TKN-SHA256-82E9D32B,Tabitha Otieno,ID-HASH-C3190845A6,FOSA-ADV,Salary Advance 30D,50000.00,18000.00,2000.00,108,STAGE_3_NON_PERFORMING,41.66%,1.4x,KERICHO_CENTRAL
2025-10-31,STR-LN-104656,TKN-SHA256-356F3D67,Jane Korir,ID-HASH-E6D7DB1019,BOSA-SCH,School Fees Advance,85000.00,30000.00,3000.00,0,STAGE_1_PERFORMING,0.24%,3.1x,ELDORET_BR
2025-10-31,STR-LN-104657,TKN-SHA256-AB3BF18E,Alice Chebet,ID-HASH-4F07332B5F,MSME-WCP,Business Working Capital,1170000.00,868000.00,41000.00,103,STAGE_3_NON_PERFORMING,32.58%,1.9x,BOMET_BRANCH
2025-10-31,STR-LN-104658,TKN-SHA256-9B74C869,Cosmas Bett,ID-HASH-3180A1F77D,AGRI-TEA,Tea & Coffee Farm Development,580000.00,444000.00,20500.00,0,STAGE_1_PERFORMING,0.56%,3.3x,UPPER_HILL
2025-10-31,STR-LN-104659,TKN-SHA256-CA5EA1B3,Tabitha Kamau,ID-HASH-BFE5DE89CA,MSME-WCP,Business Working Capital,270000.00,152000.00,9500.00,0,STAGE_1_PERFORMING,0.75%,1.7x,NANDI_HILLS
2025-10-31,STR-LN-104660,TKN-SHA256-2DD46DFB,Mercy Kiptoo,ID-HASH-367DA95550,BOSA-SCH,School Fees Advance,105000.00,50000.00,3500.00,0,STAGE_1_PERFORMING,0.46%,3.6x,UPPER_HILL
2025-10-31,STR-LN-104661,TKN-SHA256-1953B5D2,Tabitha Mwangi,ID-HASH-D46DD7299B,BOSA-NRM,Development Loan Normal,2575000.00,632000.00,90000.00,0,STAGE_1_PERFORMING,0.86%,3.6x,BOMET_BRANCH
2025-10-31,STR-LN-104662,TKN-SHA256-AC74D02D,Gladys Kariuki,ID-HASH-48D31581D0,ASSET-FIN,Vehicle & Asset Finance,3680000.00,3101000.00,129000.00,0,STAGE_1_PERFORMING,0.34%,1.9x,MOMBASA_BR
2025-10-31,STR-LN-104663,TKN-SHA256-81153F8D,Alice Kariuki,ID-HASH-5DF54FC5D6,BOSA-SCH,School Fees Advance,120000.00,19000.00,4000.00,0,STAGE_1_PERFORMING,0.77%,3.4x,NAKURU_BR
2025-10-31,STR-LN-104664,TKN-SHA256-211F7F61,Alice Kariuki,ID-HASH-7B7520BB9B,BOSA-NRM,Development Loan Normal,1470000.00,1212000.00,51500.00,0,STAGE_1_PERFORMING,0.33%,2.5x,ELDORET_BR
2025-10-31,STR-LN-104665,TKN-SHA256-CD9EB18A,Cosmas Kiptoo,ID-HASH-900671796F,BOSA-NRM,Development Loan Normal,3070000.00,2189000.00,107500.00,0,STAGE_1_PERFORMING,0.45%,2.9x,ELDORET_BR
2025-10-31,STR-LN-104666,TKN-SHA256-CE60818E,Geoffrey Wambui,ID-HASH-A9C9877E3E,BOSA-NRM,Development Loan Normal,720000.00,176000.00,25000.00,0,STAGE_1_PERFORMING,0.62%,3.9x,KISUMU_BR
2025-10-31,STR-LN-104667,TKN-SHA256-10BCCFC2,Lucy Kimani,ID-HASH-ED38DB66C9,ASSET-FIN,Vehicle & Asset Finance,3025000.00,632000.00,106000.00,0,STAGE_1_PERFORMING,0.78%,1.4x,NANDI_HILLS
2025-10-31,STR-LN-104668,TKN-SHA256-6A5364F6,Emmanuel Sang,ID-HASH-5EB5F7F97D,MSME-WCP,Business Working Capital,450000.00,73000.00,16000.00,0,STAGE_1_PERFORMING,0.91%,2.0x,WESTLANDS
2025-10-31,STR-LN-104669,TKN-SHA256-5D08BC79,David Koech,ID-HASH-B58B920596,MSME-WCP,Business Working Capital,320000.00,282000.00,11000.00,0,STAGE_1_PERFORMING,0.51%,1.7x,ELDORET_BR
2025-10-31,STR-LN-104670,TKN-SHA256-DB5A38B6,Cosmas Kariuki,ID-HASH-05D44EE026,ASSET-FIN,Vehicle & Asset Finance,2010000.00,589000.00,70500.00,0,STAGE_1_PERFORMING,0.57%,1.4x,NAKURU_BR
2025-10-31,STR-LN-104671,TKN-SHA256-E206C9B9,Peter Sang,ID-HASH-958E6C2B53,FOSA-ADV,Salary Advance 30D,115000.00,104000.00,4000.00,0,STAGE_1_PERFORMING,0.35%,1.5x,KERICHO_CENTRAL
2025-10-31,STR-LN-104672,TKN-SHA256-193AFD4C,Gladys Korir,ID-HASH-85723FB7A8,FOSA-ADV,Salary Advance 30D,25000.00,6000.00,1000.00,0,STAGE_1_PERFORMING,0.47%,1.3x,HQ_NAIROBI
2025-10-31,STR-LN-104673,TKN-SHA256-1EF32174,Grace Langat,ID-HASH-001D8CB7FE,ASSET-FIN,Vehicle & Asset Finance,3925000.00,3024000.00,137500.00,0,STAGE_1_PERFORMING,0.61%,1.6x,UPPER_HILL
2025-10-31,STR-LN-104674,TKN-SHA256-52087581,Lucy Kamau,ID-HASH-2DE00DE8D1,FOSA-ADV,Salary Advance 30D,30000.00,7000.00,1000.00,0,STAGE_1_PERFORMING,0.87%,1.2x,KERICHO_CENTRAL
2025-10-31,STR-LN-104675,TKN-SHA256-B82DBE40,Emmanuel Chebet,ID-HASH-16247B8A10,AGRI-TEA,Tea & Coffee Farm Development,570000.00,444000.00,20000.00,0,STAGE_1_PERFORMING,0.81%,3.5x,BOMET_BRANCH
2025-10-31,STR-LN-104676,TKN-SHA256-AF3522BE,Fatuma Siele,ID-HASH-49CD79DF2D,AGRI-TEA,Tea & Coffee Farm Development,225000.00,44000.00,8000.00,0,STAGE_1_PERFORMING,0.87%,3.0x,UPPER_HILL
2025-10-31,STR-LN-104677,TKN-SHA256-DD016254,Samuel Kamau,ID-HASH-3578A6EA7B,AGRI-TEA,Tea & Coffee Farm Development,440000.00,293000.00,15500.00,0,STAGE_1_PERFORMING,0.55%,3.4x,BOMET_BRANCH
2025-10-31,STR-LN-104678,TKN-SHA256-D57A0D54,Wesley Cheruiyot,ID-HASH-7938FC25B1,ASSET-FIN,Vehicle & Asset Finance,4905000.00,4487000.00,171500.00,0,STAGE_1_PERFORMING,0.92%,1.6x,KISUMU_BR
2025-10-31,STR-LN-104679,TKN-SHA256-EBB8A3FD,David Mutua,ID-HASH-6A98DABB4E,FOSA-ADV,Salary Advance 30D,100000.00,75000.00,3500.00,0,STAGE_1_PERFORMING,0.86%,1.0x,KISUMU_BR
2025-10-31,STR-LN-104680,TKN-SHA256-C23A2226,Stephen Kamau,ID-HASH-49188D84F8,BOSA-NRM,Development Loan Normal,2720000.00,1387000.00,95000.00,0,STAGE_1_PERFORMING,0.26%,3.3x,NAKURU_BR
2025-10-31,STR-LN-104681,TKN-SHA256-859F2AD0,Samuel Kariuki,ID-HASH-0D9FFA4956,MSME-WCP,Business Working Capital,1330000.00,865000.00,46500.00,0,STAGE_1_PERFORMING,0.49%,1.8x,MOMBASA_BR
2025-10-31,STR-LN-104682,TKN-SHA256-073BBA97,Wesley Wanjiku,ID-HASH-641080599C,BOSA-SCH,School Fees Advance,135000.00,75000.00,4500.00,0,STAGE_1_PERFORMING,0.24%,3.7x,UPPER_HILL
2025-10-31,STR-LN-104683,TKN-SHA256-CBA58C84,Fatuma Wanjiku,ID-HASH-620BD49E39,BOSA-NRM,Development Loan Normal,3400000.00,956000.00,119000.00,0,STAGE_1_PERFORMING,0.68%,2.8x,MOMBASA_BR
2025-10-31,STR-LN-104684,TKN-SHA256-B595DDF0,Alice Langat,ID-HASH-B82FF9FD64,BOSA-NRM,Development Loan Normal,3045000.00,813000.00,106500.00,0,STAGE_1_PERFORMING,0.17%,2.5x,MOMBASA_BR
2025-10-31,STR-LN-104685,TKN-SHA256-D665495F,Geoffrey Kamau,ID-HASH-275AF5857F,BOSA-SCH,School Fees Advance,100000.00,90000.00,3500.00,0,STAGE_1_PERFORMING,0.65%,3.2x,WESTLANDS
2025-10-31,STR-LN-104686,TKN-SHA256-D896296A,Jane Wanjiku,ID-HASH-AFC42E558F,BOSA-NRM,Development Loan Normal,1565000.00,1453000.00,55000.00,0,STAGE_1_PERFORMING,0.19%,4.1x,KERICHO_CENTRAL
2025-10-31,STR-LN-104687,TKN-SHA256-49BEB7A2,John Korir,ID-HASH-811A979DCC,ASSET-FIN,Vehicle & Asset Finance,4125000.00,2941000.00,144500.00,0,STAGE_1_PERFORMING,0.52%,1.3x,HQ_NAIROBI
2025-10-31,STR-LN-104688,TKN-SHA256-66415661,Beatrice Kamau,ID-HASH-B2CC0956DE,BOSA-NRM,Development Loan Normal,2305000.00,503000.00,80500.00,0,STAGE_1_PERFORMING,0.85%,3.8x,UPPER_HILL
2025-10-31,STR-LN-104689,TKN-SHA256-4565293D,Lucy Mwangi,ID-HASH-E7DF8C1FA0,ASSET-FIN,Vehicle & Asset Finance,4240000.00,3525000.00,148500.00,0,STAGE_1_PERFORMING,0.76%,1.8x,BOMET_BRANCH
2025-10-31,STR-LN-104690,TKN-SHA256-6999A920,Hassan Sang,ID-HASH-1EE11005AB,BOSA-SCH,School Fees Advance,90000.00,24000.00,3000.00,0,STAGE_1_PERFORMING,0.61%,4.9x,NAKURU_BR
2025-10-31,STR-LN-104691,TKN-SHA256-C8A680E2,Wesley Kariuki,ID-HASH-1620EAEF7E,BOSA-EMG,Emergency Medical Facility,280000.00,42000.00,10000.00,0,STAGE_1_PERFORMING,0.25%,2.2x,MOMBASA_BR
2025-10-31,STR-LN-104692,TKN-SHA256-666429EF,Lucy Njoroge,ID-HASH-E98102C54C,ASSET-FIN,Vehicle & Asset Finance,3800000.00,3186000.00,133000.00,0,STAGE_1_PERFORMING,0.84%,1.5x,NAKURU_BR
2025-10-31,STR-LN-104693,TKN-SHA256-4B4C1AB7,Gladys Kamau,ID-HASH-0CB99C2CF4,AGRI-TEA,Tea & Coffee Farm Development,580000.00,194000.00,20500.00,0,STAGE_1_PERFORMING,0.66%,2.2x,HQ_NAIROBI
2025-10-31,STR-LN-104694,TKN-SHA256-3B202F20,James Mutua,ID-HASH-33C4A80E5B,BOSA-EMG,Emergency Medical Facility,105000.00,56000.00,3500.00,0,STAGE_1_PERFORMING,0.54%,2.5x,UPPER_HILL
2025-10-31,STR-LN-104695,TKN-SHA256-4B438AB9,Stephen Siele,ID-HASH-A56AB91ABA,BOSA-EMG,Emergency Medical Facility,225000.00,147000.00,8000.00,0,STAGE_1_PERFORMING,0.72%,2.3x,KERICHO_CENTRAL
2025-10-31,STR-LN-104696,TKN-SHA256-2A5D3474,Wesley Siele,ID-HASH-098D470FDD,BOSA-SCH,School Fees Advance,70000.00,64000.00,2500.00,0,STAGE_1_PERFORMING,0.56%,3.4x,BOMET_BRANCH
2025-10-31,STR-LN-104697,TKN-SHA256-0E6572B9,Emmanuel Hassan,ID-HASH-D4D0C96B1A,BOSA-SCH,School Fees Advance,125000.00,75000.00,4500.00,0,STAGE_1_PERFORMING,0.26%,4.3x,BOMET_BRANCH
2025-10-31,STR-LN-104698,TKN-SHA256-95870CC5,Emmanuel Ali,ID-HASH-213A454074,BOSA-SCH,School Fees Advance,215000.00,156000.00,7500.00,0,STAGE_1_PERFORMING,0.22%,4.5x,NANDI_HILLS
2025-10-31,STR-LN-104699,TKN-SHA256-19BB3E61,Hassan Wanjiku,ID-HASH-ABEAA1A358,BOSA-SCH,School Fees Advance,105000.00,65000.00,3500.00,0,STAGE_1_PERFORMING,0.19%,3.8x,HQ_NAIROBI
2025-10-31,STR-LN-104700,TKN-SHA256-8A84CB7D,Hassan Kamau,ID-HASH-07CE31A509,BOSA-SCH,School Fees Advance,180000.00,60000.00,6500.00,130,STAGE_3_NON_PERFORMING,21.60%,5.0x,KERICHO_CENTRAL
2025-10-31,STR-LN-104701,TKN-SHA256-06880F3F,Mercy Kiptoo,ID-HASH-FC203FCA18,FOSA-ADV,Salary Advance 30D,135000.00,55000.00,4500.00,0,STAGE_1_PERFORMING,0.19%,1.2x,KERICHO_CENTRAL
2025-10-31,STR-LN-104702,TKN-SHA256-3B12A790,Philemon Koech,ID-HASH-DCF30C8A3F,MSME-WCP,Business Working Capital,1055000.00,390000.00,37000.00,0,STAGE_1_PERFORMING,0.33%,2.3x,ELDORET_BR
2025-10-31,STR-LN-104703,TKN-SHA256-821D4B2D,Fatuma Gitonga,ID-HASH-992D756F50,MSME-WCP,Business Working Capital,525000.00,351000.00,18500.00,0,STAGE_1_PERFORMING,0.92%,2.4x,BOMET_BRANCH
2025-10-31,STR-LN-104704,TKN-SHA256-FC847C40,Wesley Kiptoo,ID-HASH-27500A9137,MSME-WCP,Business Working Capital,1445000.00,1019000.00,50500.00,0,STAGE_1_PERFORMING,0.70%,2.1x,NANDI_HILLS
2025-10-31,STR-LN-104705,TKN-SHA256-666736C7,Samuel Korir,ID-HASH-A34336FB51,BOSA-EMG,Emergency Medical Facility,170000.00,139000.00,6000.00,0,STAGE_1_PERFORMING,0.17%,2.7x,HQ_NAIROBI
2025-10-31,STR-LN-104706,TKN-SHA256-6E489273,Tabitha Kimani,ID-HASH-3B5FDD6DFC,BOSA-SCH,School Fees Advance,80000.00,39000.00,3000.00,0,STAGE_1_PERFORMING,0.79%,3.3x,UPPER_HILL
2025-10-31,STR-LN-104707,TKN-SHA256-8C45B05C,Jane Langat,ID-HASH-68187B3389,FOSA-ADV,Salary Advance 30D,30000.00,23000.00,1000.00,0,STAGE_1_PERFORMING,0.44%,1.0x,BOMET_BRANCH
2025-10-31,STR-LN-104708,TKN-SHA256-436C4225,Lucy Langat,ID-HASH-8B1249F5D3,MSME-WCP,Business Working Capital,1380000.00,368000.00,48500.00,0,STAGE_1_PERFORMING,0.39%,1.9x,HQ_NAIROBI
2025-10-31,STR-LN-104709,TKN-SHA256-5C2F51D9,Hassan Siele,ID-HASH-7769594998,BOSA-EMG,Emergency Medical Facility,85000.00,18000.00,3000.00,0,STAGE_1_PERFORMING,0.86%,2.5x,KERICHO_CENTRAL
2025-10-31,STR-LN-104710,TKN-SHA256-D3587745,Philemon Cheruiyot,ID-HASH-64110702B6,FOSA-ADV,Salary Advance 30D,50000.00,18000.00,2000.00,0,STAGE_1_PERFORMING,0.27%,1.3x,KISUMU_BR
2025-10-31,STR-LN-104711,TKN-SHA256-6DD683B0,Cosmas Ochieng,ID-HASH-4A35564225,ASSET-FIN,Vehicle & Asset Finance,2800000.00,951000.00,98000.00,0,STAGE_1_PERFORMING,0.28%,1.9x,MOMBASA_BR
2025-10-31,STR-LN-104712,TKN-SHA256-2541C0DE,Kiprono Ochieng,ID-HASH-A8DFA24C06,BOSA-EMG,Emergency Medical Facility,270000.00,241000.00,9500.00,68,STAGE_2_UNDERPERFORMING,5.70%,3.2x,NANDI_HILLS
2025-10-31,STR-LN-104713,TKN-SHA256-DEAF0FC2,Hassan Ali,ID-HASH-5FBB0FBF45,BOSA-EMG,Emergency Medical Facility,260000.00,57000.00,9000.00,0,STAGE_1_PERFORMING,0.31%,2.4x,NANDI_HILLS
2025-10-31,STR-LN-104714,TKN-SHA256-73D1958D,David Kiptoo,ID-HASH-6FC2A257A4,BOSA-SCH,School Fees Advance,110000.00,64000.00,4000.00,0,STAGE_1_PERFORMING,0.72%,3.8x,HQ_NAIROBI
2025-10-31,STR-LN-104715,TKN-SHA256-B7111DFA,John Mwangi,ID-HASH-38049AE78B,BOSA-EMG,Emergency Medical Facility,240000.00,66000.00,8500.00,0,STAGE_1_PERFORMING,0.29%,2.5x,NAKURU_BR
2025-10-31,STR-LN-104716,TKN-SHA256-326C53A7,Kiprono Kimani,ID-HASH-E6D35AE9EA,FOSA-ADV,Salary Advance 30D,45000.00,26000.00,1500.00,0,STAGE_1_PERFORMING,0.54%,1.0x,BOMET_BRANCH
2025-10-31,STR-LN-104717,TKN-SHA256-E2E7746C,Tabitha Hassan,ID-HASH-9FB4E498CA,BOSA-EMG,Emergency Medical Facility,220000.00,83000.00,7500.00,0,STAGE_1_PERFORMING,0.95%,2.9x,UPPER_HILL
2025-10-31,STR-LN-104718,TKN-SHA256-28AEDED7,Gladys Hassan,ID-HASH-D7F33C5215,FOSA-ADV,Salary Advance 30D,50000.00,45000.00,2000.00,0,STAGE_1_PERFORMING,0.29%,1.2x,MOMBASA_BR
2025-10-31,STR-LN-104719,TKN-SHA256-783EC624,Gladys Siele,ID-HASH-68282FA841,AGRI-TEA,Tea & Coffee Farm Development,330000.00,248000.00,11500.00,0,STAGE_1_PERFORMING,0.92%,3.5x,WESTLANDS
2025-10-31,STR-LN-104720,TKN-SHA256-1E505F93,James Njoroge,ID-HASH-58C7D69142,BOSA-SCH,School Fees Advance,145000.00,44000.00,5000.00,0,STAGE_1_PERFORMING,0.52%,4.2x,UPPER_HILL
2025-10-31,STR-LN-104721,TKN-SHA256-91D78C1C,Wesley Sang,ID-HASH-1885D16672,BOSA-SCH,School Fees Advance,130000.00,47000.00,4500.00,0,STAGE_1_PERFORMING,0.29%,3.3x,KISUMU_BR
2025-10-31,STR-LN-104722,TKN-SHA256-33244A50,Kiprono Njoroge,ID-HASH-C28BD3B228,AGRI-TEA,Tea & Coffee Farm Development,165000.00,37000.00,6000.00,0,STAGE_1_PERFORMING,0.15%,2.3x,NAKURU_BR
2025-10-31,STR-LN-104723,TKN-SHA256-ADFC4F2D,James Ochieng,ID-HASH-0706ECC01C,BOSA-EMG,Emergency Medical Facility,180000.00,55000.00,6500.00,16,STAGE_1_EARLY_WATCH,2.31%,2.6x,KERICHO_CENTRAL
2025-10-31,STR-LN-104724,TKN-SHA256-9289FFDA,Geoffrey Wanjiku,ID-HASH-33CE6A2379,ASSET-FIN,Vehicle & Asset Finance,2945000.00,972000.00,103000.00,0,STAGE_1_PERFORMING,0.92%,1.8x,NAKURU_BR
2025-10-31,STR-LN-104725,TKN-SHA256-C88CA15C,Emmanuel Hassan,ID-HASH-7B275254F7,MSME-WCP,Business Working Capital,885000.00,184000.00,31000.00,0,STAGE_1_PERFORMING,0.60%,2.1x,UPPER_HILL
2025-10-31,STR-LN-104726,TKN-SHA256-B0A63682,Peter Ochieng,ID-HASH-7F573BE765,MSME-WCP,Business Working Capital,735000.00,118000.00,25500.00,0,STAGE_1_PERFORMING,0.66%,2.2x,ELDORET_BR
2025-10-31,STR-LN-104727,TKN-SHA256-7F4EBEA5,Wesley Achieng,ID-HASH-721FF45651,MSME-WCP,Business Working Capital,330000.00,75000.00,11500.00,0,STAGE_1_PERFORMING,0.74%,2.2x,WESTLANDS
2025-10-31,STR-LN-104728,TKN-SHA256-3CD692AB,Grace Kamau,ID-HASH-36DC247E93,MSME-WCP,Business Working Capital,1110000.00,749000.00,39000.00,0,STAGE_1_PERFORMING,0.30%,2.4x,BOMET_BRANCH
2025-10-31,STR-LN-104729,TKN-SHA256-788C2CF7,Catherine Mwangi,ID-HASH-D4EC24EFCC,MSME-WCP,Business Working Capital,1430000.00,965000.00,50000.00,0,STAGE_1_PERFORMING,0.32%,1.8x,KISUMU_BR
2025-10-31,STR-LN-104730,TKN-SHA256-7689E092,Lucy Mwangi,ID-HASH-A657256AA4,FOSA-ADV,Salary Advance 30D,20000.00,13000.00,500.00,0,STAGE_1_PERFORMING,0.60%,1.3x,UPPER_HILL
2025-10-31,STR-LN-104731,TKN-SHA256-5F1ACFF9,Philemon Chebet,ID-HASH-255B076DE0,MSME-WCP,Business Working Capital,1235000.00,839000.00,43000.00,0,STAGE_1_PERFORMING,0.86%,1.7x,HQ_NAIROBI
2025-10-31,STR-LN-104732,TKN-SHA256-AFE14E46,Beatrice Rono,ID-HASH-AA980FCB27,ASSET-FIN,Vehicle & Asset Finance,4590000.00,4090000.00,160500.00,0,STAGE_1_PERFORMING,0.43%,1.7x,ELDORET_BR
2025-10-31,STR-LN-104733,TKN-SHA256-5336BA19,James Ali,ID-HASH-6D392719A9,AGRI-TEA,Tea & Coffee Farm Development,350000.00,240000.00,12500.00,176,STAGE_3_NON_PERFORMING,28.65%,3.1x,MOMBASA_BR
2025-10-31,STR-LN-104734,TKN-SHA256-5CC63043,Geoffrey Bett,ID-HASH-C0CF15C4EA,BOSA-EMG,Emergency Medical Facility,200000.00,49000.00,7000.00,0,STAGE_1_PERFORMING,0.76%,2.4x,NAKURU_BR
2025-10-31,STR-LN-104735,TKN-SHA256-B72CE537,Catherine Langat,ID-HASH-20EC4A88C2,ASSET-FIN,Vehicle & Asset Finance,4150000.00,3507000.00,145000.00,0,STAGE_1_PERFORMING,0.34%,1.7x,HQ_NAIROBI
2025-10-31,STR-LN-104736,TKN-SHA256-AAFA159F,Cosmas Otieno,ID-HASH-9965347548,BOSA-NRM,Development Loan Normal,1940000.00,997000.00,68000.00,0,STAGE_1_PERFORMING,0.69%,3.4x,NANDI_HILLS
2025-10-31,STR-LN-104737,TKN-SHA256-6F7300AD,Catherine Korir,ID-HASH-1C4D3D4B7F,BOSA-EMG,Emergency Medical Facility,165000.00,65000.00,6000.00,0,STAGE_1_PERFORMING,0.46%,2.6x,NANDI_HILLS
2025-10-31,STR-LN-104738,TKN-SHA256-96C93D68,Emmanuel Hassan,ID-HASH-E508122819,BOSA-NRM,Development Loan Normal,900000.00,181000.00,31500.00,0,STAGE_1_PERFORMING,0.72%,3.3x,ELDORET_BR
2025-10-31,STR-LN-104739,TKN-SHA256-1374C540,Gladys Ochieng,ID-HASH-16C1313325,BOSA-EMG,Emergency Medical Facility,55000.00,48000.00,2000.00,0,STAGE_1_PERFORMING,0.77%,2.1x,BOMET_BRANCH
2025-10-31,STR-LN-104740,TKN-SHA256-B7425DCD,Mary Cheruiyot,ID-HASH-6EF85D8624,ASSET-FIN,Vehicle & Asset Finance,1710000.00,282000.00,60000.00,0,STAGE_1_PERFORMING,0.83%,2.0x,HQ_NAIROBI
2025-10-31,STR-LN-104741,TKN-SHA256-8D53AFB4,Alice Achieng,ID-HASH-88A837EA30,BOSA-EMG,Emergency Medical Facility,220000.00,42000.00,7500.00,0,STAGE_1_PERFORMING,0.48%,1.9x,KERICHO_CENTRAL
2025-10-31,STR-LN-104742,TKN-SHA256-524B3A0D,Stephen Siele,ID-HASH-C3B1476024,ASSET-FIN,Vehicle & Asset Finance,2130000.00,1766000.00,74500.00,76,STAGE_2_UNDERPERFORMING,14.56%,1.5x,BOMET_BRANCH
2025-10-31,STR-LN-104743,TKN-SHA256-301D5AF8,Samuel Omondi,ID-HASH-B3516A6CC3,BOSA-SCH,School Fees Advance,120000.00,34000.00,4000.00,68,STAGE_2_UNDERPERFORMING,12.74%,3.0x,NAKURU_BR
2025-10-31,STR-LN-104744,TKN-SHA256-145D6B82,Mercy Njoroge,ID-HASH-21D04FDA44,BOSA-SCH,School Fees Advance,90000.00,75000.00,3000.00,0,STAGE_1_PERFORMING,0.45%,3.3x,UPPER_HILL
2025-10-31,STR-LN-104745,TKN-SHA256-7D6506C4,Kiprono Chebet,ID-HASH-35E8BD784E,BOSA-SCH,School Fees Advance,85000.00,48000.00,3000.00,0,STAGE_1_PERFORMING,0.28%,3.1x,MOMBASA_BR
2025-10-31,STR-LN-104746,TKN-SHA256-CF279506,Kiprono Mutua,ID-HASH-65235F821B,AGRI-TEA,Tea & Coffee Farm Development,455000.00,95000.00,16000.00,0,STAGE_1_PERFORMING,0.29%,3.2x,ELDORET_BR
2025-10-31,STR-LN-104747,TKN-SHA256-EC5DA650,Catherine Kiptoo,ID-HASH-FC87BF8378,AGRI-TEA,Tea & Coffee Farm Development,1085000.00,1027000.00,38000.00,0,STAGE_1_PERFORMING,0.75%,3.8x,NAKURU_BR
2025-10-31,STR-LN-104748,TKN-SHA256-6CFC8C5D,Dennis Achieng,ID-HASH-512B34B5A5,ASSET-FIN,Vehicle & Asset Finance,2275000.00,1397000.00,79500.00,11,STAGE_1_EARLY_WATCH,2.82%,1.3x,BOMET_BRANCH
2025-10-31,STR-LN-104749,TKN-SHA256-77092958,Philemon Siele,ID-HASH-36D367A7B4,MSME-WCP,Business Working Capital,955000.00,199000.00,33500.00,0,STAGE_1_PERFORMING,0.91%,2.5x,MOMBASA_BR
2025-10-31,STR-LN-104750,TKN-SHA256-A1C6CBFB,Fatuma Mutua,ID-HASH-8CD05BC77C,BOSA-EMG,Emergency Medical Facility,165000.00,101000.00,6000.00,0,STAGE_1_PERFORMING,0.78%,2.4x,NANDI_HILLS
2025-10-31,STR-LN-104751,TKN-SHA256-2E377068,Fatuma Koech,ID-HASH-FDAE7E3C1A,BOSA-EMG,Emergency Medical Facility,255000.00,114000.00,9000.00,0,STAGE_1_PERFORMING,0.22%,3.3x,KISUMU_BR
2025-10-31,STR-LN-104752,TKN-SHA256-B5DA1B0A,Geoffrey Bett,ID-HASH-D39628C931,BOSA-EMG,Emergency Medical Facility,125000.00,42000.00,4500.00,0,STAGE_1_PERFORMING,0.65%,2.1x,WESTLANDS
2025-10-31,STR-LN-104753,TKN-SHA256-6800E85F,Peter Wanjiku,ID-HASH-2F87B326AD,BOSA-NRM,Development Loan Normal,670000.00,578000.00,23500.00,0,STAGE_1_PERFORMING,0.45%,3.4x,NAKURU_BR
2025-10-31,STR-LN-104754,TKN-SHA256-66F2C89F,Kiprono Wambui,ID-HASH-86AE47AF74,MSME-WCP,Business Working Capital,805000.00,234000.00,28000.00,0,STAGE_1_PERFORMING,0.64%,2.1x,BOMET_BRANCH
2025-10-31,STR-LN-104755,TKN-SHA256-4A9249A3,Geoffrey Ruto,ID-HASH-E35E2B0396,BOSA-SCH,School Fees Advance,175000.00,109000.00,6000.00,0,STAGE_1_PERFORMING,0.60%,4.2x,MOMBASA_BR
2025-10-31,STR-LN-104756,TKN-SHA256-A7BE7BC5,Fatuma Kimani,ID-HASH-BA46FB4429,BOSA-NRM,Development Loan Normal,3265000.00,797000.00,114500.00,0,STAGE_1_PERFORMING,0.20%,2.7x,MOMBASA_BR
2025-10-31,STR-LN-104757,TKN-SHA256-D01C1B54,Stephen Korir,ID-HASH-081A25D10B,AGRI-TEA,Tea & Coffee Farm Development,740000.00,422000.00,26000.00,0,STAGE_1_PERFORMING,0.55%,2.2x,NAKURU_BR
2025-10-31,STR-LN-104758,TKN-SHA256-E1F0DAD6,Bernard Cheruiyot,ID-HASH-6F5DB79BCE,AGRI-TEA,Tea & Coffee Farm Development,850000.00,430000.00,30000.00,0,STAGE_1_PERFORMING,0.68%,3.6x,KISUMU_BR
2025-10-31,STR-LN-104759,TKN-SHA256-24F8FAC8,Dennis Siele,ID-HASH-A6483C6B41,BOSA-SCH,School Fees Advance,225000.00,126000.00,8000.00,0,STAGE_1_PERFORMING,0.88%,3.9x,UPPER_HILL
2025-10-31,STR-LN-104760,TKN-SHA256-53390488,Beatrice Achieng,ID-HASH-5310E47DB7,MSME-WCP,Business Working Capital,1565000.00,560000.00,55000.00,0,STAGE_1_PERFORMING,0.26%,2.5x,WESTLANDS
2025-10-31,STR-LN-104761,TKN-SHA256-BEDD5BC1,Kiprono Kiptoo,ID-HASH-4540E62929,BOSA-NRM,Development Loan Normal,2720000.00,2054000.00,95000.00,0,STAGE_1_PERFORMING,0.79%,3.3x,BOMET_BRANCH
2025-10-31,STR-LN-104762,TKN-SHA256-F53B3561,Grace Kiptoo,ID-HASH-A4CB2388F7,BOSA-EMG,Emergency Medical Facility,230000.00,176000.00,8000.00,0,STAGE_1_PERFORMING,0.39%,1.9x,KISUMU_BR
2025-10-31,STR-LN-104763,TKN-SHA256-33D22F9D,Peter Mutua,ID-HASH-0725156AD5,FOSA-ADV,Salary Advance 30D,40000.00,33000.00,1500.00,0,STAGE_1_PERFORMING,0.33%,1.1x,NAKURU_BR
2025-10-31,STR-LN-104764,TKN-SHA256-8808260C,David Omondi,ID-HASH-882BCAF6B0,BOSA-NRM,Development Loan Normal,720000.00,301000.00,25000.00,0,STAGE_1_PERFORMING,0.57%,3.9x,NAKURU_BR
2025-10-31,STR-LN-104765,TKN-SHA256-A043571A,Philemon Mutua,ID-HASH-20777AE5C1,BOSA-EMG,Emergency Medical Facility,160000.00,89000.00,5500.00,0,STAGE_1_PERFORMING,0.82%,3.0x,NANDI_HILLS
2025-10-31,STR-LN-104766,TKN-SHA256-9C3DE096,Samuel Cheruiyot,ID-HASH-98B6E3DD56,MSME-WCP,Business Working Capital,1515000.00,853000.00,53000.00,32,STAGE_2_UNDERPERFORMING,14.04%,1.7x,MOMBASA_BR
2025-10-31,STR-LN-104767,TKN-SHA256-8C22C94B,Lucy Kariuki,ID-HASH-D97EE84CDA,BOSA-SCH,School Fees Advance,125000.00,54000.00,4500.00,0,STAGE_1_PERFORMING,0.48%,4.1x,NAKURU_BR
2025-10-31,STR-LN-104768,TKN-SHA256-B93DD4A9,James Koech,ID-HASH-3332904E26,BOSA-NRM,Development Loan Normal,1805000.00,1220000.00,63000.00,0,STAGE_1_PERFORMING,0.64%,3.7x,NAKURU_BR
2025-10-31,STR-LN-104769,TKN-SHA256-76E27C28,Tabitha Langat,ID-HASH-C24425FAEC,AGRI-TEA,Tea & Coffee Farm Development,680000.00,463000.00,24000.00,83,STAGE_2_UNDERPERFORMING,8.62%,2.2x,BOMET_BRANCH
2025-10-31,STR-LN-104770,TKN-SHA256-92509F35,Gladys Rono,ID-HASH-E35926F9F0,BOSA-NRM,Development Loan Normal,1555000.00,897000.00,54500.00,0,STAGE_1_PERFORMING,0.69%,2.8x,NANDI_HILLS
2025-10-31,STR-LN-104771,TKN-SHA256-27D91D35,Alice Njoroge,ID-HASH-92E7631111,BOSA-SCH,School Fees Advance,145000.00,116000.00,5000.00,0,STAGE_1_PERFORMING,0.48%,3.9x,NAKURU_BR
2025-10-31,STR-LN-104772,TKN-SHA256-28769684,Kiprono Ruto,ID-HASH-57BA8E4E65,AGRI-TEA,Tea & Coffee Farm Development,335000.00,253000.00,11500.00,0,STAGE_1_PERFORMING,0.92%,2.7x,ELDORET_BR
2025-10-31,STR-LN-104773,TKN-SHA256-C7CE3B37,Catherine Rono,ID-HASH-924BB097CC,ASSET-FIN,Vehicle & Asset Finance,4020000.00,3365000.00,140500.00,8,STAGE_1_EARLY_WATCH,3.70%,1.8x,MOMBASA_BR
2025-10-31,STR-LN-104774,TKN-SHA256-A8B7EEC5,Cosmas Korir,ID-HASH-1ABDCB29E0,FOSA-ADV,Salary Advance 30D,95000.00,86000.00,3500.00,0,STAGE_1_PERFORMING,0.19%,1.1x,MOMBASA_BR
2025-10-31,STR-LN-104775,TKN-SHA256-EFF4C9C2,Geoffrey Achieng,ID-HASH-D4D49417F6,FOSA-ADV,Salary Advance 30D,110000.00,81000.00,4000.00,0,STAGE_1_PERFORMING,0.29%,1.1x,KISUMU_BR
2025-10-31,STR-LN-104776,TKN-SHA256-65F767DC,John Kariuki,ID-HASH-5F6EE25714,BOSA-SCH,School Fees Advance,95000.00,46000.00,3500.00,0,STAGE_1_PERFORMING,0.17%,3.5x,KERICHO_CENTRAL
2025-10-31,STR-LN-104777,TKN-SHA256-15543273,Grace Langat,ID-HASH-11278C843B,ASSET-FIN,Vehicle & Asset Finance,4725000.00,2356000.00,165500.00,25,STAGE_1_EARLY_WATCH,3.51%,1.8x,WESTLANDS
2025-10-31,STR-LN-104778,TKN-SHA256-A1A105D6,Geoffrey Kamau,ID-HASH-F8BA95C8FE,MSME-WCP,Business Working Capital,1225000.00,249000.00,43000.00,0,STAGE_1_PERFORMING,0.64%,2.2x,NAKURU_BR
2025-10-31,STR-LN-104779,TKN-SHA256-7B281E73,John Wanjiku,ID-HASH-393DEADC46,BOSA-NRM,Development Loan Normal,2340000.00,2022000.00,82000.00,0,STAGE_1_PERFORMING,0.86%,3.3x,KERICHO_CENTRAL
2025-10-31,STR-LN-104780,TKN-SHA256-5295928D,Philemon Chebet,ID-HASH-CB4CC4516E,BOSA-SCH,School Fees Advance,165000.00,121000.00,6000.00,0,STAGE_1_PERFORMING,0.51%,3.5x,KERICHO_CENTRAL
2025-10-31,STR-LN-104781,TKN-SHA256-D0B7F8EB,Samuel Otieno,ID-HASH-0A793EA225,FOSA-ADV,Salary Advance 30D,60000.00,28000.00,2000.00,0,STAGE_1_PERFORMING,0.31%,1.3x,HQ_NAIROBI
2025-10-31,STR-LN-104782,TKN-SHA256-B08C0A5A,Dennis Koech,ID-HASH-BF2BCB8A95,AGRI-TEA,Tea & Coffee Farm Development,265000.00,125000.00,9500.00,0,STAGE_1_PERFORMING,0.54%,2.5x,BOMET_BRANCH
2025-10-31,STR-LN-104783,TKN-SHA256-F17A14ED,Grace Kimani,ID-HASH-48BB0D9163,BOSA-NRM,Development Loan Normal,1030000.00,662000.00,36000.00,0,STAGE_1_PERFORMING,0.93%,4.3x,KISUMU_BR
2025-10-31,STR-LN-104784,TKN-SHA256-A0ABAE27,Cosmas Sang,ID-HASH-5638EB16E9,BOSA-NRM,Development Loan Normal,2745000.00,1210000.00,96000.00,0,STAGE_1_PERFORMING,0.61%,4.2x,HQ_NAIROBI
2025-10-31,STR-LN-104785,TKN-SHA256-8B9355AE,Peter Kiptoo,ID-HASH-9FC681BA47,BOSA-EMG,Emergency Medical Facility,145000.00,63000.00,5000.00,24,STAGE_1_EARLY_WATCH,2.19%,1.9x,KISUMU_BR
2025-10-31,STR-LN-104786,TKN-SHA256-31915D93,Peter Wanjiku,ID-HASH-C91569233E,BOSA-SCH,School Fees Advance,205000.00,168000.00,7000.00,0,STAGE_1_PERFORMING,0.90%,5.1x,NAKURU_BR
2025-10-31,STR-LN-104787,TKN-SHA256-DC5C008F,Emmanuel Korir,ID-HASH-4474E9A14C,AGRI-TEA,Tea & Coffee Farm Development,670000.00,311000.00,23500.00,0,STAGE_1_PERFORMING,0.19%,3.4x,HQ_NAIROBI
2025-10-31,STR-LN-104788,TKN-SHA256-88FC8FD0,Peter Otieno,ID-HASH-3F69793E67,FOSA-ADV,Salary Advance 30D,120000.00,62000.00,4000.00,0,STAGE_1_PERFORMING,0.79%,1.4x,NANDI_HILLS
2025-10-31,STR-LN-104789,TKN-SHA256-CEC734F8,David Ali,ID-HASH-8970CA8D13,FOSA-ADV,Salary Advance 30D,145000.00,135000.00,5000.00,0,STAGE_1_PERFORMING,0.31%,1.2x,KISUMU_BR
2025-10-31,STR-LN-104790,TKN-SHA256-75504832,Gladys Kiptoo,ID-HASH-05AF188954,BOSA-SCH,School Fees Advance,80000.00,66000.00,3000.00,0,STAGE_1_PERFORMING,0.17%,3.4x,KERICHO_CENTRAL
2025-10-31,STR-LN-104791,TKN-SHA256-ABBFC9B0,Beatrice Kariuki,ID-HASH-F6BA2C6B88,BOSA-NRM,Development Loan Normal,3195000.00,2874000.00,112000.00,0,STAGE_1_PERFORMING,0.54%,3.0x,BOMET_BRANCH
2025-10-31,STR-LN-104792,TKN-SHA256-58C61278,Gladys Hassan,ID-HASH-4F1DAAD84A,BOSA-SCH,School Fees Advance,110000.00,55000.00,4000.00,0,STAGE_1_PERFORMING,0.77%,4.8x,WESTLANDS
2025-10-31,STR-LN-104793,TKN-SHA256-0FD17EC3,Geoffrey Koech,ID-HASH-9EEB7D696C,FOSA-ADV,Salary Advance 30D,45000.00,28000.00,1500.00,0,STAGE_1_PERFORMING,0.84%,1.0x,KERICHO_CENTRAL
2025-10-31,STR-LN-104794,TKN-SHA256-00E46EA1,Stephen Kimani,ID-HASH-ABE4BD1FD4,FOSA-ADV,Salary Advance 30D,85000.00,63000.00,3000.00,0,STAGE_1_PERFORMING,0.59%,1.2x,WESTLANDS
2025-10-31,STR-LN-104795,TKN-SHA256-470C7425,Geoffrey Siele,ID-HASH-DA1736AB20,FOSA-ADV,Salary Advance 30D,75000.00,53000.00,2500.00,0,STAGE_1_PERFORMING,0.52%,1.4x,NAKURU_BR
2025-10-31,STR-LN-104796,TKN-SHA256-4CDABE13,Alice Langat,ID-HASH-EAC274935E,ASSET-FIN,Vehicle & Asset Finance,2095000.00,1468000.00,73500.00,0,STAGE_1_PERFORMING,0.36%,1.5x,HQ_NAIROBI
2025-10-31,STR-LN-104797,TKN-SHA256-79E93CE6,Mary Sang,ID-HASH-C8BA3C26D0,FOSA-ADV,Salary Advance 30D,35000.00,8000.00,1000.00,0,STAGE_1_PERFORMING,0.37%,1.0x,NANDI_HILLS
2025-10-31,STR-LN-104798,TKN-SHA256-3D41F684,John Langat,ID-HASH-5C02D40B0B,BOSA-EMG,Emergency Medical Facility,255000.00,226000.00,9000.00,16,STAGE_1_EARLY_WATCH,1.21%,3.1x,MOMBASA_BR
2025-10-31,STR-LN-104799,TKN-SHA256-A700CE9A,Catherine Korir,ID-HASH-39E0FD3B43,FOSA-ADV,Salary Advance 30D,115000.00,109000.00,4000.00,0,STAGE_1_PERFORMING,0.47%,1.3x,KISUMU_BR
2025-10-31,STR-LN-104800,TKN-SHA256-A357E2F1,Kiprono Langat,ID-HASH-7EAB373EB7,BOSA-SCH,School Fees Advance,140000.00,49000.00,5000.00,0,STAGE_1_PERFORMING,0.60%,4.0x,HQ_NAIROBI
2025-10-31,STR-LN-104801,TKN-SHA256-940FF964,Stephen Ruto,ID-HASH-22F60C2BE6,MSME-WCP,Business Working Capital,1015000.00,218000.00,35500.00,0,STAGE_1_PERFORMING,0.29%,2.1x,NANDI_HILLS
2025-10-31,STR-LN-104802,TKN-SHA256-4C618563,David Kimani,ID-HASH-B8579C6CA3,AGRI-TEA,Tea & Coffee Farm Development,450000.00,186000.00,16000.00,0,STAGE_1_PERFORMING,0.76%,3.3x,WESTLANDS
2025-10-31,STR-LN-104803,TKN-SHA256-6133DC12,Gladys Kamau,ID-HASH-EA4B066D09,BOSA-NRM,Development Loan Normal,1860000.00,1569000.00,65000.00,0,STAGE_1_PERFORMING,0.75%,2.4x,WESTLANDS
2025-10-31,STR-LN-104804,TKN-SHA256-2D2575EE,Beatrice Sang,ID-HASH-CF48F19B66,BOSA-NRM,Development Loan Normal,880000.00,660000.00,31000.00,17,STAGE_1_EARLY_WATCH,3.58%,2.8x,KERICHO_CENTRAL
2025-10-31,STR-LN-104805,TKN-SHA256-940E1DA1,Kiprono Kariuki,ID-HASH-99F1BA600A,MSME-WCP,Business Working Capital,970000.00,492000.00,34000.00,0,STAGE_1_PERFORMING,0.56%,2.2x,UPPER_HILL
2025-10-31,STR-LN-104806,TKN-SHA256-3B439F6E,Emmanuel Mwangi,ID-HASH-3EEE3B219E,AGRI-TEA,Tea & Coffee Farm Development,505000.00,125000.00,17500.00,0,STAGE_1_PERFORMING,0.26%,3.6x,KERICHO_CENTRAL
2025-10-31,STR-LN-104807,TKN-SHA256-A425B966,Tabitha Sang,ID-HASH-03FCAE1406,ASSET-FIN,Vehicle & Asset Finance,4575000.00,2424000.00,160000.00,0,STAGE_1_PERFORMING,0.89%,1.4x,WESTLANDS
2025-10-31,STR-LN-104808,TKN-SHA256-FA51921E,Cosmas Wambui,ID-HASH-8A4E57301B,BOSA-NRM,Development Loan Normal,3055000.00,707000.00,107000.00,0,STAGE_1_PERFORMING,0.93%,3.7x,ELDORET_BR
2025-10-31,STR-LN-104809,TKN-SHA256-F985B59D,Alice Mutua,ID-HASH-8720C2E9F8,BOSA-NRM,Development Loan Normal,3250000.00,1715000.00,114000.00,0,STAGE_1_PERFORMING,0.70%,3.8x,HQ_NAIROBI
2025-10-31,STR-LN-104810,TKN-SHA256-3319A57F,Peter Mutua,ID-HASH-E2E0CE1A68,FOSA-ADV,Salary Advance 30D,90000.00,38000.00,3000.00,0,STAGE_1_PERFORMING,0.47%,1.6x,KISUMU_BR
2025-10-31,STR-LN-104811,TKN-SHA256-7D366A1D,Samuel Njoroge,ID-HASH-6180060586,AGRI-TEA,Tea & Coffee Farm Development,830000.00,539000.00,29000.00,0,STAGE_1_PERFORMING,0.29%,3.5x,KISUMU_BR
2025-10-31,STR-LN-104812,TKN-SHA256-DC0C66D5,Jane Hassan,ID-HASH-160F2F3BD0,FOSA-ADV,Salary Advance 30D,50000.00,46000.00,2000.00,0,STAGE_1_PERFORMING,0.85%,1.3x,KISUMU_BR
2025-10-31,STR-LN-104813,TKN-SHA256-3684E635,Catherine Koech,ID-HASH-AF90629DB8,BOSA-NRM,Development Loan Normal,2065000.00,350000.00,72500.00,0,STAGE_1_PERFORMING,0.45%,3.8x,WESTLANDS
2025-10-31,STR-LN-104814,TKN-SHA256-D2947DD6,Emmanuel Wanjiku,ID-HASH-7122378F57,BOSA-NRM,Development Loan Normal,2285000.00,1978000.00,80000.00,97,STAGE_3_NON_PERFORMING,23.88%,4.0x,BOMET_BRANCH
2025-10-31,STR-LN-104815,TKN-SHA256-13FDF8D1,Alice Omondi,ID-HASH-FC5FE1D0A0,FOSA-ADV,Salary Advance 30D,60000.00,25000.00,2000.00,0,STAGE_1_PERFORMING,0.39%,1.5x,BOMET_BRANCH
2025-10-31,STR-LN-104816,TKN-SHA256-02E4C89A,Cosmas Kamau,ID-HASH-F41E8A3304,BOSA-NRM,Development Loan Normal,2580000.00,1317000.00,90500.00,32,STAGE_2_UNDERPERFORMING,14.23%,3.7x,WESTLANDS
2025-10-31,STR-LN-104817,TKN-SHA256-DD657C39,Stephen Otieno,ID-HASH-B97EA4F160,BOSA-SCH,School Fees Advance,120000.00,27000.00,4000.00,73,STAGE_2_UNDERPERFORMING,10.94%,3.0x,HQ_NAIROBI
2025-10-31,STR-LN-104818,TKN-SHA256-9E9263C6,Hassan Wanjiku,ID-HASH-8D5B742E76,ASSET-FIN,Vehicle & Asset Finance,4275000.00,1536000.00,149500.00,0,STAGE_1_PERFORMING,0.83%,1.2x,NAKURU_BR
2025-10-31,STR-LN-104819,TKN-SHA256-9E14DA03,Stephen Otieno,ID-HASH-4E80B212B2,MSME-WCP,Business Working Capital,930000.00,211000.00,32500.00,0,STAGE_1_PERFORMING,0.39%,2.6x,HQ_NAIROBI
2025-10-31,STR-LN-104820,TKN-SHA256-D0935B91,Mary Koech,ID-HASH-200962EC0D,BOSA-SCH,School Fees Advance,135000.00,85000.00,4500.00,18,STAGE_1_EARLY_WATCH,2.48%,3.9x,UPPER_HILL
2025-10-31,STR-LN-104821,TKN-SHA256-C29E0DB2,Emmanuel Ochieng,ID-HASH-C10B14C6C5,ASSET-FIN,Vehicle & Asset Finance,4650000.00,1028000.00,163000.00,0,STAGE_1_PERFORMING,0.36%,1.9x,UPPER_HILL
2025-10-31,STR-LN-104822,TKN-SHA256-81FA145E,Gladys Langat,ID-HASH-E3FBA0225E,BOSA-NRM,Development Loan Normal,2025000.00,950000.00,71000.00,133,STAGE_3_NON_PERFORMING,38.23%,3.6x,MOMBASA_BR
2025-10-31,STR-LN-104823,TKN-SHA256-6413A1A8,Cosmas Kiptoo,ID-HASH-6E9CDCC5DD,AGRI-TEA,Tea & Coffee Farm Development,800000.00,641000.00,28000.00,0,STAGE_1_PERFORMING,0.20%,2.7x,BOMET_BRANCH
2025-10-31,STR-LN-104824,TKN-SHA256-63E775D4,Samuel Chebet,ID-HASH-5365F44FD1,MSME-WCP,Business Working Capital,1655000.00,1285000.00,58000.00,0,STAGE_1_PERFORMING,0.40%,2.3x,HQ_NAIROBI
2025-10-31,STR-LN-104825,TKN-SHA256-254A0435,Emmanuel Korir,ID-HASH-23906FE0D5,AGRI-TEA,Tea & Coffee Farm Development,1040000.00,586000.00,36500.00,0,STAGE_1_PERFORMING,0.17%,3.6x,BOMET_BRANCH
2025-10-31,STR-LN-104826,TKN-SHA256-BD0E1F39,Geoffrey Kimani,ID-HASH-AC15C03097,AGRI-TEA,Tea & Coffee Farm Development,660000.00,532000.00,23000.00,0,STAGE_1_PERFORMING,0.77%,2.7x,BOMET_BRANCH
2025-10-31,STR-LN-104827,TKN-SHA256-209032F6,Dennis Kariuki,ID-HASH-5D13085CE0,ASSET-FIN,Vehicle & Asset Finance,1620000.00,639000.00,56500.00,0,STAGE_1_PERFORMING,0.74%,1.2x,KISUMU_BR
2025-10-31,STR-LN-104828,TKN-SHA256-29F1740B,Catherine Mutua,ID-HASH-C328CEDFD6,BOSA-EMG,Emergency Medical Facility,205000.00,68000.00,7000.00,0,STAGE_1_PERFORMING,0.63%,2.2x,KISUMU_BR
2025-10-31,STR-LN-104829,TKN-SHA256-F026C650,Alice Hassan,ID-HASH-7CA7708BB1,ASSET-FIN,Vehicle & Asset Finance,4870000.00,2907000.00,170500.00,0,STAGE_1_PERFORMING,0.44%,1.8x,HQ_NAIROBI
2025-10-31,STR-LN-104830,TKN-SHA256-ECD8E834,Emmanuel Ruto,ID-HASH-1217A0E2C2,ASSET-FIN,Vehicle & Asset Finance,2995000.00,2804000.00,105000.00,7,STAGE_1_EARLY_WATCH,3.34%,1.7x,ELDORET_BR
2025-10-31,STR-LN-104831,TKN-SHA256-7C9577C7,James Kiptoo,ID-HASH-31D763F0CF,BOSA-SCH,School Fees Advance,195000.00,87000.00,7000.00,0,STAGE_1_PERFORMING,0.22%,4.3x,NAKURU_BR
2025-10-31,STR-LN-104832,TKN-SHA256-5484D23C,Beatrice Chebet,ID-HASH-F3BFD33A94,AGRI-TEA,Tea & Coffee Farm Development,615000.00,480000.00,21500.00,0,STAGE_1_PERFORMING,0.76%,2.6x,WESTLANDS
2025-10-31,STR-LN-104833,TKN-SHA256-361820ED,Tabitha Otieno,ID-HASH-E35C5EA85A,BOSA-NRM,Development Loan Normal,1015000.00,665000.00,35500.00,0,STAGE_1_PERFORMING,0.86%,3.3x,ELDORET_BR
2025-10-31,STR-LN-104834,TKN-SHA256-FF3C0B2B,John Mwangi,ID-HASH-BBF6B078D0,BOSA-NRM,Development Loan Normal,575000.00,424000.00,20000.00,0,STAGE_1_PERFORMING,0.43%,3.7x,WESTLANDS
2025-10-31,STR-LN-104835,TKN-SHA256-23F45678,Bernard Korir,ID-HASH-C8FF4693CD,FOSA-ADV,Salary Advance 30D,105000.00,62000.00,3500.00,0,STAGE_1_PERFORMING,0.21%,1.4x,WESTLANDS
2025-10-31,STR-LN-104836,TKN-SHA256-9D3D66E8,Jane Mutua,ID-HASH-132CB77CD4,AGRI-TEA,Tea & Coffee Farm Development,845000.00,280000.00,29500.00,0,STAGE_1_PERFORMING,0.37%,3.4x,WESTLANDS
2025-10-31,STR-LN-104837,TKN-SHA256-B97FF50A,Mercy Otieno,ID-HASH-F0DE44DD6A,ASSET-FIN,Vehicle & Asset Finance,2015000.00,681000.00,70500.00,75,STAGE_2_UNDERPERFORMING,6.78%,1.3x,WESTLANDS
2025-10-31,STR-LN-104838,TKN-SHA256-1664174F,Philemon Wanjiku,ID-HASH-3D489E1E97,FOSA-ADV,Salary Advance 30D,35000.00,13000.00,1000.00,0,STAGE_1_PERFORMING,0.32%,1.5x,KISUMU_BR
2025-10-31,STR-LN-104839,TKN-SHA256-775A8D9B,Beatrice Omondi,ID-HASH-8917DF5D08,ASSET-FIN,Vehicle & Asset Finance,2860000.00,1215000.00,100000.00,0,STAGE_1_PERFORMING,0.75%,1.2x,NAKURU_BR
2025-10-31,STR-LN-104840,TKN-SHA256-68F9B69D,Gladys Kiptoo,ID-HASH-B474152B35,ASSET-FIN,Vehicle & Asset Finance,2320000.00,1620000.00,81000.00,0,STAGE_1_PERFORMING,0.57%,2.0x,BOMET_BRANCH
2025-10-31,STR-LN-104841,TKN-SHA256-EF5FA4FC,Catherine Cheruiyot,ID-HASH-AECFC12933,ASSET-FIN,Vehicle & Asset Finance,2650000.00,2485000.00,93000.00,0,STAGE_1_PERFORMING,0.55%,1.6x,KERICHO_CENTRAL
2025-10-31,STR-LN-104842,TKN-SHA256-56DDE704,Gladys Mwangi,ID-HASH-A304EF94D9,BOSA-EMG,Emergency Medical Facility,235000.00,149000.00,8000.00,0,STAGE_1_PERFORMING,0.58%,2.3x,UPPER_HILL
2025-10-31,STR-LN-104843,TKN-SHA256-2B7778E3,Grace Otieno,ID-HASH-D7509E3D49,BOSA-SCH,School Fees Advance,240000.00,172000.00,8500.00,0,STAGE_1_PERFORMING,0.56%,4.7x,WESTLANDS
2025-10-31,STR-LN-104844,TKN-SHA256-C372A10B,Tabitha Ali,ID-HASH-04ED763F07,BOSA-SCH,School Fees Advance,115000.00,88000.00,4000.00,0,STAGE_1_PERFORMING,0.28%,4.3x,NANDI_HILLS
2025-10-31,STR-LN-104845,TKN-SHA256-CC5D00DD,David Gitonga,ID-HASH-979DCBF050,MSME-WCP,Business Working Capital,1425000.00,1099000.00,50000.00,0,STAGE_1_PERFORMING,0.45%,2.7x,ELDORET_BR
2025-10-31,STR-LN-104846,TKN-SHA256-3A917556,John Kimani,ID-HASH-A5ACD78BA3,BOSA-EMG,Emergency Medical Facility,155000.00,89000.00,5500.00,0,STAGE_1_PERFORMING,0.90%,2.8x,NANDI_HILLS
2025-10-31,STR-LN-104847,TKN-SHA256-1CAB4973,Mercy Ruto,ID-HASH-F934D4E973,FOSA-ADV,Salary Advance 30D,65000.00,50000.00,2500.00,0,STAGE_1_PERFORMING,0.56%,1.1x,NAKURU_BR
2025-10-31,STR-LN-104848,TKN-SHA256-ED744140,Emmanuel Wambui,ID-HASH-81C28226DF,FOSA-ADV,Salary Advance 30D,80000.00,66000.00,3000.00,0,STAGE_1_PERFORMING,0.93%,1.6x,KERICHO_CENTRAL
2025-10-31,STR-LN-104849,TKN-SHA256-3AEC123A,Jane Sang,ID-HASH-F3117D1F85,FOSA-ADV,Salary Advance 30D,100000.00,77000.00,3500.00,0,STAGE_1_PERFORMING,0.76%,0.9x,KERICHO_CENTRAL
2025-10-31,STR-LN-104850,TKN-SHA256-4D217763,David Korir,ID-HASH-4CFB7F7064,BOSA-NRM,Development Loan Normal,2080000.00,1411000.00,73000.00,0,STAGE_1_PERFORMING,0.27%,2.9x,WESTLANDS
2025-10-31,STR-LN-104851,TKN-SHA256-B7DDE5E9,David Chebet,ID-HASH-616910AAFB,MSME-WCP,Business Working Capital,265000.00,181000.00,9500.00,0,STAGE_1_PERFORMING,0.47%,2.2x,BOMET_BRANCH
2025-10-31,STR-LN-104852,TKN-SHA256-BA6B46AA,Geoffrey Cheruiyot,ID-HASH-0AB1B5C002,MSME-WCP,Business Working Capital,850000.00,272000.00,30000.00,0,STAGE_1_PERFORMING,0.82%,1.7x,KISUMU_BR
2025-10-31,STR-LN-104853,TKN-SHA256-905C7708,Fatuma Siele,ID-HASH-1366E2BADE,FOSA-ADV,Salary Advance 30D,60000.00,53000.00,2000.00,27,STAGE_1_EARLY_WATCH,3.80%,1.3x,NANDI_HILLS
2025-10-31,STR-LN-104854,TKN-SHA256-FF787851,Fatuma Langat,ID-HASH-BB5F6382DE,BOSA-EMG,Emergency Medical Facility,105000.00,34000.00,3500.00,0,STAGE_1_PERFORMING,0.39%,2.5x,KERICHO_CENTRAL
2025-10-31,STR-LN-104855,TKN-SHA256-1F305E00,Peter Mwangi,ID-HASH-82CE47C355,ASSET-FIN,Vehicle & Asset Finance,2220000.00,1771000.00,77500.00,0,STAGE_1_PERFORMING,0.49%,1.3x,BOMET_BRANCH
2025-10-31,STR-LN-104856,TKN-SHA256-E8A932A3,Grace Langat,ID-HASH-D401DF0720,BOSA-SCH,School Fees Advance,85000.00,25000.00,3000.00,0,STAGE_1_PERFORMING,0.42%,5.1x,NANDI_HILLS
2025-10-31,STR-LN-104857,TKN-SHA256-F8B5A3A3,Dennis Korir,ID-HASH-EC4959121F,BOSA-SCH,School Fees Advance,165000.00,42000.00,6000.00,0,STAGE_1_PERFORMING,0.55%,4.6x,NANDI_HILLS
2025-10-31,STR-LN-104858,TKN-SHA256-B136ABD9,Stephen Kamau,ID-HASH-170B6AD631,BOSA-NRM,Development Loan Normal,2215000.00,671000.00,77500.00,0,STAGE_1_PERFORMING,0.35%,4.2x,KERICHO_CENTRAL
2025-10-31,STR-LN-104859,TKN-SHA256-19D9E8E8,Gladys Kimani,ID-HASH-0ACA043FBD,ASSET-FIN,Vehicle & Asset Finance,3305000.00,1087000.00,115500.00,0,STAGE_1_PERFORMING,0.65%,1.4x,NANDI_HILLS
2025-10-31,STR-LN-104860,TKN-SHA256-75500C21,Gladys Kiptoo,ID-HASH-F51EA86941,AGRI-TEA,Tea & Coffee Farm Development,645000.00,107000.00,22500.00,0,STAGE_1_PERFORMING,0.42%,3.7x,KISUMU_BR
2025-10-31,STR-LN-104861,TKN-SHA256-BCE70B8D,Lucy Kiptoo,ID-HASH-42539CF2BE,BOSA-SCH,School Fees Advance,175000.00,133000.00,6000.00,0,STAGE_1_PERFORMING,0.44%,3.6x,NANDI_HILLS
2025-10-31,STR-LN-104862,TKN-SHA256-DA9F5D16,Jane Kimani,ID-HASH-A7D84BF954,MSME-WCP,Business Working Capital,1050000.00,913000.00,37000.00,0,STAGE_1_PERFORMING,0.38%,1.7x,KERICHO_CENTRAL
2025-10-31,STR-LN-104863,TKN-SHA256-B3019D3C,Samuel Omondi,ID-HASH-E1C6BC4DAC,BOSA-NRM,Development Loan Normal,1930000.00,1412000.00,67500.00,0,STAGE_1_PERFORMING,0.51%,3.5x,KISUMU_BR
2025-10-31,STR-LN-104864,TKN-SHA256-4B58B872,Peter Cheruiyot,ID-HASH-4C37082594,FOSA-ADV,Salary Advance 30D,95000.00,41000.00,3500.00,0,STAGE_1_PERFORMING,0.27%,1.4x,BOMET_BRANCH
2025-10-31,STR-LN-104865,TKN-SHA256-0DA9856B,Samuel Korir,ID-HASH-325E70F004,MSME-WCP,Business Working Capital,640000.00,265000.00,22500.00,0,STAGE_1_PERFORMING,0.73%,2.0x,KISUMU_BR
2025-10-31,STR-LN-104866,TKN-SHA256-78AC5B3E,Stephen Siele,ID-HASH-2788ED62ED,FOSA-ADV,Salary Advance 30D,25000.00,12000.00,1000.00,0,STAGE_1_PERFORMING,0.34%,1.0x,HQ_NAIROBI
2025-10-31,STR-LN-104867,TKN-SHA256-CC8BFE6A,Kiprono Otieno,ID-HASH-0D8AC75193,BOSA-EMG,Emergency Medical Facility,230000.00,139000.00,8000.00,0,STAGE_1_PERFORMING,0.29%,3.0x,NAKURU_BR
2025-10-31,STR-LN-104868,TKN-SHA256-783AFEFB,Gladys Achieng,ID-HASH-244FEDA09A,MSME-WCP,Business Working Capital,1450000.00,977000.00,51000.00,0,STAGE_1_PERFORMING,0.57%,1.8x,NAKURU_BR
2025-10-31,STR-LN-104869,TKN-SHA256-3FBE71BE,Catherine Kariuki,ID-HASH-6028D1CDF6,MSME-WCP,Business Working Capital,940000.00,506000.00,33000.00,0,STAGE_1_PERFORMING,0.35%,1.9x,UPPER_HILL
2025-10-31,STR-LN-104870,TKN-SHA256-7A35A690,Kiprono Bett,ID-HASH-E14C102E51,ASSET-FIN,Vehicle & Asset Finance,2315000.00,488000.00,81000.00,0,STAGE_1_PERFORMING,0.38%,1.5x,ELDORET_BR
2025-10-31,STR-LN-104871,TKN-SHA256-147FDB19,Kiprono Hassan,ID-HASH-A6478C2E03,AGRI-TEA,Tea & Coffee Farm Development,580000.00,512000.00,20500.00,0,STAGE_1_PERFORMING,0.37%,3.1x,KISUMU_BR
2025-10-31,STR-LN-104872,TKN-SHA256-532AEE92,Grace Koech,ID-HASH-28F3D26229,BOSA-NRM,Development Loan Normal,1105000.00,256000.00,38500.00,0,STAGE_1_PERFORMING,0.47%,3.0x,MOMBASA_BR
2025-10-31,STR-LN-104873,TKN-SHA256-70BFBF26,Philemon Hassan,ID-HASH-D127F9793B,ASSET-FIN,Vehicle & Asset Finance,2650000.00,1122000.00,93000.00,0,STAGE_1_PERFORMING,0.45%,1.5x,WESTLANDS
2025-10-31,STR-LN-104874,TKN-SHA256-16A86EC7,Beatrice Mutua,ID-HASH-13B6AACEF3,ASSET-FIN,Vehicle & Asset Finance,3680000.00,1070000.00,129000.00,0,STAGE_1_PERFORMING,0.54%,1.9x,WESTLANDS
2025-10-31,STR-LN-104875,TKN-SHA256-B48DF67C,John Sang,ID-HASH-04692A5E53,BOSA-EMG,Emergency Medical Facility,245000.00,47000.00,8500.00,0,STAGE_1_PERFORMING,0.29%,2.1x,HQ_NAIROBI
2025-10-31,STR-LN-104876,TKN-SHA256-8397041D,Lucy Bett,ID-HASH-A9357E28D1,FOSA-ADV,Salary Advance 30D,75000.00,37000.00,2500.00,0,STAGE_1_PERFORMING,0.43%,1.6x,MOMBASA_BR
2025-10-31,STR-LN-104877,TKN-SHA256-BEAF21ED,Philemon Wanjiku,ID-HASH-D8669C4C06,MSME-WCP,Business Working Capital,440000.00,243000.00,15500.00,0,STAGE_1_PERFORMING,0.54%,2.5x,HQ_NAIROBI
2025-10-31,STR-LN-104878,TKN-SHA256-103225AC,Gladys Wambui,ID-HASH-F6FE6FE913,ASSET-FIN,Vehicle & Asset Finance,3495000.00,2681000.00,122500.00,0,STAGE_1_PERFORMING,0.60%,1.6x,ELDORET_BR
2025-10-31,STR-LN-104879,TKN-SHA256-025EA755,Kiprono Hassan,ID-HASH-1546C7B1B5,AGRI-TEA,Tea & Coffee Farm Development,1050000.00,511000.00,37000.00,0,STAGE_1_PERFORMING,0.54%,2.7x,UPPER_HILL
2025-10-31,STR-LN-104880,TKN-SHA256-B1D59381,Hassan Njoroge,ID-HASH-A2CD9BC843,FOSA-ADV,Salary Advance 30D,80000.00,68000.00,3000.00,0,STAGE_1_PERFORMING,0.69%,1.2x,HQ_NAIROBI
2025-10-31,STR-LN-104881,TKN-SHA256-7C47AB60,Catherine Otieno,ID-HASH-BB4123628B,ASSET-FIN,Vehicle & Asset Finance,4320000.00,1586000.00,151000.00,0,STAGE_1_PERFORMING,0.71%,1.8x,MOMBASA_BR
2025-10-31,STR-LN-104882,TKN-SHA256-B0DA90E1,Dennis Koech,ID-HASH-8E9C68505F,ASSET-FIN,Vehicle & Asset Finance,4560000.00,1612000.00,159500.00,107,STAGE_3_NON_PERFORMING,27.85%,1.6x,ELDORET_BR
2025-10-31,STR-LN-104883,TKN-SHA256-20CD3366,Lucy Njoroge,ID-HASH-F9A4BF9204,BOSA-NRM,Development Loan Normal,2025000.00,704000.00,71000.00,0,STAGE_1_PERFORMING,0.63%,3.8x,NANDI_HILLS
2025-10-31,STR-LN-104884,TKN-SHA256-E2F0F4F3,Samuel Kariuki,ID-HASH-60027ED2BE,BOSA-SCH,School Fees Advance,215000.00,42000.00,7500.00,0,STAGE_1_PERFORMING,0.57%,3.3x,ELDORET_BR
2025-10-31,STR-LN-104885,TKN-SHA256-446369F5,Catherine Njoroge,ID-HASH-0CA78D6594,BOSA-NRM,Development Loan Normal,3085000.00,2184000.00,108000.00,0,STAGE_1_PERFORMING,0.30%,2.6x,MOMBASA_BR
2025-10-31,STR-LN-104886,TKN-SHA256-BA6F9650,Grace Wambui,ID-HASH-49648F5B74,BOSA-SCH,School Fees Advance,170000.00,91000.00,6000.00,0,STAGE_1_PERFORMING,0.29%,3.6x,KISUMU_BR
2025-10-31,STR-LN-104887,TKN-SHA256-96B24B75,Kiprono Kamau,ID-HASH-770F67BB5F,BOSA-NRM,Development Loan Normal,2875000.00,1309000.00,100500.00,0,STAGE_1_PERFORMING,0.48%,2.5x,HQ_NAIROBI
2025-10-31,STR-LN-104888,TKN-SHA256-25441261,Hassan Koech,ID-HASH-3067C9DDCA,AGRI-TEA,Tea & Coffee Farm Development,800000.00,182000.00,28000.00,0,STAGE_1_PERFORMING,0.83%,2.3x,ELDORET_BR
2025-10-31,STR-LN-104889,TKN-SHA256-E2BEB4B4,Fatuma Cheruiyot,ID-HASH-FAA4F39B87,MSME-WCP,Business Working Capital,1735000.00,572000.00,60500.00,0,STAGE_1_PERFORMING,0.74%,2.3x,NANDI_HILLS
2025-10-31,STR-LN-104890,TKN-SHA256-37163BEE,Grace Sang,ID-HASH-BBDFCCE84C,AGRI-TEA,Tea & Coffee Farm Development,210000.00,124000.00,7500.00,169,STAGE_3_NON_PERFORMING,43.23%,3.1x,KISUMU_BR
2025-10-31,STR-LN-104891,TKN-SHA256-8310D2A9,Dennis Siele,ID-HASH-E03324E6BC,BOSA-NRM,Development Loan Normal,2980000.00,2453000.00,104500.00,0,STAGE_1_PERFORMING,0.78%,4.3x,NANDI_HILLS
2025-10-31,STR-LN-104892,TKN-SHA256-415A0E41,Catherine Gitonga,ID-HASH-B682BE9382,AGRI-TEA,Tea & Coffee Farm Development,940000.00,214000.00,33000.00,0,STAGE_1_PERFORMING,0.90%,2.4x,WESTLANDS
2025-10-31,STR-LN-104893,TKN-SHA256-CD67D5E4,Beatrice Mutua,ID-HASH-D0A8284903,BOSA-SCH,School Fees Advance,115000.00,76000.00,4000.00,0,STAGE_1_PERFORMING,0.66%,3.1x,ELDORET_BR
2025-10-31,STR-LN-104894,TKN-SHA256-2DF683B5,Mercy Ruto,ID-HASH-628719FF47,BOSA-SCH,School Fees Advance,190000.00,150000.00,6500.00,0,STAGE_1_PERFORMING,0.72%,4.0x,ELDORET_BR
2025-10-31,STR-LN-104895,TKN-SHA256-CC4755CF,Tabitha Wanjiku,ID-HASH-79EBDA5865,ASSET-FIN,Vehicle & Asset Finance,2780000.00,821000.00,97500.00,0,STAGE_1_PERFORMING,0.40%,1.9x,NAKURU_BR
2025-10-31,STR-LN-104896,TKN-SHA256-4AD711DD,Mercy Omondi,ID-HASH-8E753D7F31,MSME-WCP,Business Working Capital,1095000.00,308000.00,38500.00,0,STAGE_1_PERFORMING,0.91%,2.6x,WESTLANDS
2025-10-31,STR-LN-104897,TKN-SHA256-2831ED56,Mercy Njoroge,ID-HASH-E7E5E19D5B,AGRI-TEA,Tea & Coffee Farm Development,605000.00,129000.00,21000.00,18,STAGE_1_EARLY_WATCH,3.80%,2.9x,NAKURU_BR
2025-10-31,STR-LN-104898,TKN-SHA256-4B8B2105,Fatuma Otieno,ID-HASH-3C2778793E,BOSA-SCH,School Fees Advance,55000.00,28000.00,2000.00,0,STAGE_1_PERFORMING,0.28%,4.1x,MOMBASA_BR
2025-10-31,STR-LN-104899,TKN-SHA256-43831446,Lucy Kariuki,ID-HASH-12803382DB,BOSA-NRM,Development Loan Normal,1960000.00,1160000.00,68500.00,0,STAGE_1_PERFORMING,0.18%,2.6x,ELDORET_BR
2025-10-31,STR-LN-104900,TKN-SHA256-B80C4D5F,Jane Gitonga,ID-HASH-68D513039A,BOSA-SCH,School Fees Advance,140000.00,99000.00,5000.00,0,STAGE_1_PERFORMING,0.45%,3.8x,ELDORET_BR
2025-10-31,STR-LN-104901,TKN-SHA256-A73CCA9A,Fatuma Sang,ID-HASH-4E5A5C78A6,BOSA-SCH,School Fees Advance,185000.00,81000.00,6500.00,0,STAGE_1_PERFORMING,0.84%,3.5x,ELDORET_BR
2025-10-31,STR-LN-104902,TKN-SHA256-CDEF64B1,Gladys Chebet,ID-HASH-84CE91FB4C,MSME-WCP,Business Working Capital,460000.00,231000.00,16000.00,0,STAGE_1_PERFORMING,0.87%,1.7x,MOMBASA_BR
2025-10-31,STR-LN-104903,TKN-SHA256-AA563C45,Jane Rono,ID-HASH-FB33C859DD,BOSA-NRM,Development Loan Normal,1735000.00,1594000.00,60500.00,0,STAGE_1_PERFORMING,0.86%,2.7x,NAKURU_BR
2025-10-31,STR-LN-104904,TKN-SHA256-FAA51DF2,James Gitonga,ID-HASH-51E64B6DF0,BOSA-NRM,Development Loan Normal,3420000.00,2229000.00,119500.00,0,STAGE_1_PERFORMING,0.86%,2.6x,NANDI_HILLS
2025-10-31,STR-LN-104905,TKN-SHA256-62EC94F3,Alice Mutua,ID-HASH-12447F7070,MSME-WCP,Business Working Capital,1665000.00,807000.00,58500.00,0,STAGE_1_PERFORMING,0.54%,2.2x,UPPER_HILL
2025-10-31,STR-LN-104906,TKN-SHA256-90F444CF,Hassan Langat,ID-HASH-6E78A6F4E2,BOSA-SCH,School Fees Advance,150000.00,134000.00,5500.00,0,STAGE_1_PERFORMING,0.65%,3.6x,KISUMU_BR
2025-10-31,STR-LN-104907,TKN-SHA256-709F3901,Fatuma Korir,ID-HASH-D1BC694242,BOSA-NRM,Development Loan Normal,2960000.00,1543000.00,103500.00,0,STAGE_1_PERFORMING,0.22%,4.1x,UPPER_HILL
2025-10-31,STR-LN-104908,TKN-SHA256-B3804129,Bernard Langat,ID-HASH-42DDF5B3A0,MSME-WCP,Business Working Capital,685000.00,113000.00,24000.00,0,STAGE_1_PERFORMING,0.77%,2.0x,WESTLANDS
2025-10-31,STR-LN-104909,TKN-SHA256-E5F24103,Beatrice Kariuki,ID-HASH-3BD28BEA08,ASSET-FIN,Vehicle & Asset Finance,4160000.00,685000.00,145500.00,0,STAGE_1_PERFORMING,0.50%,1.5x,NAKURU_BR
2025-10-31,STR-LN-104910,TKN-SHA256-874D183D,Stephen Hassan,ID-HASH-BF78C77118,BOSA-NRM,Development Loan Normal,2400000.00,1205000.00,84000.00,0,STAGE_1_PERFORMING,0.35%,3.3x,WESTLANDS
2025-10-31,STR-LN-104911,TKN-SHA256-1AF2E855,Bernard Omondi,ID-HASH-101EED0F9B,AGRI-TEA,Tea & Coffee Farm Development,390000.00,216000.00,13500.00,0,STAGE_1_PERFORMING,0.16%,2.4x,KERICHO_CENTRAL
2025-10-31,STR-LN-104912,TKN-SHA256-C0D281AB,Samuel Njoroge,ID-HASH-6A77422E39,BOSA-NRM,Development Loan Normal,2740000.00,1422000.00,96000.00,0,STAGE_1_PERFORMING,0.59%,2.9x,ELDORET_BR
2025-10-31,STR-LN-104913,TKN-SHA256-CB8767CC,Dennis Langat,ID-HASH-A3681931AB,BOSA-NRM,Development Loan Normal,2550000.00,1341000.00,89500.00,0,STAGE_1_PERFORMING,0.50%,2.6x,HQ_NAIROBI
2025-10-31,STR-LN-104914,TKN-SHA256-02357F52,Geoffrey Omondi,ID-HASH-5D4FD58E38,MSME-WCP,Business Working Capital,1660000.00,1144000.00,58000.00,0,STAGE_1_PERFORMING,0.94%,2.6x,KERICHO_CENTRAL
2025-10-31,STR-LN-104915,TKN-SHA256-3C4B7B2D,John Hassan,ID-HASH-4A66D41605,BOSA-SCH,School Fees Advance,215000.00,114000.00,7500.00,0,STAGE_1_PERFORMING,0.66%,3.2x,MOMBASA_BR
2025-10-31,STR-LN-104916,TKN-SHA256-DD5F670B,Hassan Hassan,ID-HASH-A8B0949D28,FOSA-ADV,Salary Advance 30D,115000.00,48000.00,4000.00,0,STAGE_1_PERFORMING,0.40%,1.0x,UPPER_HILL
2025-10-31,STR-LN-104917,TKN-SHA256-EEE977D9,Cosmas Wambui,ID-HASH-4D0EB757D3,BOSA-SCH,School Fees Advance,170000.00,138000.00,6000.00,43,STAGE_2_UNDERPERFORMING,6.96%,4.4x,ELDORET_BR
2025-10-31,STR-LN-104918,TKN-SHA256-F8EE63D5,Gladys Mwangi,ID-HASH-A255346938,ASSET-FIN,Vehicle & Asset Finance,1240000.00,523000.00,43500.00,0,STAGE_1_PERFORMING,0.28%,1.5x,MOMBASA_BR
2025-10-31,STR-LN-104919,TKN-SHA256-EFC735D8,Samuel Sang,ID-HASH-16E621A8B6,MSME-WCP,Business Working Capital,1700000.00,407000.00,59500.00,0,STAGE_1_PERFORMING,0.37%,2.2x,UPPER_HILL
2025-10-31,STR-LN-104920,TKN-SHA256-801B81B2,Bernard Siele,ID-HASH-787C8828B3,AGRI-TEA,Tea & Coffee Farm Development,705000.00,410000.00,24500.00,0,STAGE_1_PERFORMING,0.29%,3.8x,ELDORET_BR
2025-10-31,STR-LN-104921,TKN-SHA256-4316761E,James Mwangi,ID-HASH-86EB171241,MSME-WCP,Business Working Capital,535000.00,347000.00,18500.00,0,STAGE_1_PERFORMING,0.32%,1.7x,UPPER_HILL
2025-10-31,STR-LN-104922,TKN-SHA256-D57D2970,Catherine Wanjiku,ID-HASH-72F1467437,BOSA-EMG,Emergency Medical Facility,185000.00,139000.00,6500.00,0,STAGE_1_PERFORMING,0.27%,2.5x,MOMBASA_BR
2025-10-31,STR-LN-104923,TKN-SHA256-60BA202D,Geoffrey Kariuki,ID-HASH-D7730B9893,BOSA-NRM,Development Loan Normal,3335000.00,1151000.00,116500.00,0,STAGE_1_PERFORMING,0.29%,4.0x,NANDI_HILLS
2025-10-31,STR-LN-104924,TKN-SHA256-38645903,Stephen Kariuki,ID-HASH-9228D99415,ASSET-FIN,Vehicle & Asset Finance,1305000.00,521000.00,45500.00,0,STAGE_1_PERFORMING,0.51%,2.0x,KISUMU_BR
2025-10-31,STR-LN-104925,TKN-SHA256-4641485B,Hassan Sang,ID-HASH-D3AA0F3677,BOSA-EMG,Emergency Medical Facility,230000.00,44000.00,8000.00,0,STAGE_1_PERFORMING,0.38%,2.2x,UPPER_HILL
2025-10-31,STR-LN-104926,TKN-SHA256-52D1F3EF,David Kimani,ID-HASH-CBD1D7C8E7,ASSET-FIN,Vehicle & Asset Finance,4440000.00,2204000.00,155500.00,41,STAGE_2_UNDERPERFORMING,11.11%,1.7x,ELDORET_BR
2025-10-31,STR-LN-104927,TKN-SHA256-0930E1A5,John Kamau,ID-HASH-F27E73ABDB,FOSA-ADV,Salary Advance 30D,95000.00,76000.00,3500.00,0,STAGE_1_PERFORMING,0.43%,1.0x,BOMET_BRANCH
2025-10-31,STR-LN-104928,TKN-SHA256-4320EE52,Tabitha Mutua,ID-HASH-2F241E7744,BOSA-SCH,School Fees Advance,110000.00,43000.00,4000.00,10,STAGE_1_EARLY_WATCH,1.60%,3.7x,NANDI_HILLS
2025-10-31,STR-LN-104929,TKN-SHA256-3D363363,Geoffrey Rono,ID-HASH-0165116151,FOSA-ADV,Salary Advance 30D,100000.00,19000.00,3500.00,14,STAGE_1_EARLY_WATCH,2.80%,1.3x,UPPER_HILL
2025-10-31,STR-LN-104930,TKN-SHA256-44084F54,Lucy Mwangi,ID-HASH-ECE70C6D6A,BOSA-SCH,School Fees Advance,215000.00,171000.00,7500.00,15,STAGE_1_EARLY_WATCH,3.55%,4.2x,KISUMU_BR
2025-10-31,STR-LN-104931,TKN-SHA256-AA50EB66,Stephen Korir,ID-HASH-C06AF2E534,ASSET-FIN,Vehicle & Asset Finance,2925000.00,2294000.00,102500.00,0,STAGE_1_PERFORMING,0.48%,1.2x,BOMET_BRANCH
2025-10-31,STR-LN-104932,TKN-SHA256-03F4A309,James Mwangi,ID-HASH-D7D34D2210,MSME-WCP,Business Working Capital,700000.00,618000.00,24500.00,4,STAGE_1_EARLY_WATCH,2.26%,2.0x,ELDORET_BR
2025-10-31,STR-LN-104933,TKN-SHA256-1320000A,Mercy Njoroge,ID-HASH-A264752674,BOSA-EMG,Emergency Medical Facility,90000.00,30000.00,3000.00,0,STAGE_1_PERFORMING,0.50%,2.2x,KISUMU_BR
2025-10-31,STR-LN-104934,TKN-SHA256-D1900157,Hassan Siele,ID-HASH-83FCD15AF2,BOSA-SCH,School Fees Advance,235000.00,165000.00,8000.00,0,STAGE_1_PERFORMING,0.83%,3.8x,HQ_NAIROBI
2025-10-31,STR-LN-104935,TKN-SHA256-AD33F228,Dennis Otieno,ID-HASH-E6A99B4B15,ASSET-FIN,Vehicle & Asset Finance,4015000.00,1649000.00,140500.00,0,STAGE_1_PERFORMING,0.39%,1.5x,WESTLANDS
2025-10-31,STR-LN-104936,TKN-SHA256-471C5632,Mary Bett,ID-HASH-647E90753C,MSME-WCP,Business Working Capital,370000.00,65000.00,13000.00,0,STAGE_1_PERFORMING,0.42%,2.3x,UPPER_HILL
2025-10-31,STR-LN-104937,TKN-SHA256-E2B5A313,Stephen Njoroge,ID-HASH-F583220DFD,BOSA-SCH,School Fees Advance,160000.00,136000.00,5500.00,62,STAGE_2_UNDERPERFORMING,10.96%,2.9x,HQ_NAIROBI
2025-10-31,STR-LN-104938,TKN-SHA256-CE8F873B,Emmanuel Wanjiku,ID-HASH-1F10C7E163,ASSET-FIN,Vehicle & Asset Finance,4775000.00,1395000.00,167000.00,0,STAGE_1_PERFORMING,0.32%,1.2x,NAKURU_BR
2025-10-31,STR-LN-104939,TKN-SHA256-9CB1BDFD,Tabitha Bett,ID-HASH-D76E6DA6A6,BOSA-EMG,Emergency Medical Facility,175000.00,139000.00,6000.00,0,STAGE_1_PERFORMING,0.51%,3.0x,KISUMU_BR
2025-10-31,STR-LN-104940,TKN-SHA256-6B77384F,Peter Hassan,ID-HASH-F59B329D85,MSME-WCP,Business Working Capital,1415000.00,1307000.00,49500.00,0,STAGE_1_PERFORMING,0.36%,2.5x,UPPER_HILL
2025-10-31,STR-LN-104941,TKN-SHA256-869050FE,Stephen Kiptoo,ID-HASH-B5B44E860E,ASSET-FIN,Vehicle & Asset Finance,1270000.00,917000.00,44500.00,108,STAGE_3_NON_PERFORMING,34.96%,2.0x,WESTLANDS
2025-10-31,STR-LN-104942,TKN-SHA256-99502207,Beatrice Ali,ID-HASH-49D07BD4F6,BOSA-SCH,School Fees Advance,110000.00,30000.00,4000.00,0,STAGE_1_PERFORMING,0.22%,4.8x,UPPER_HILL
2025-10-31,STR-LN-104943,TKN-SHA256-BEB0CF64,Lucy Kariuki,ID-HASH-9A4AB7CB63,ASSET-FIN,Vehicle & Asset Finance,4025000.00,2815000.00,141000.00,0,STAGE_1_PERFORMING,0.50%,1.7x,NAKURU_BR
2025-10-31,STR-LN-104944,TKN-SHA256-0F28BAD8,Mary Chebet,ID-HASH-7C5A4F2F1A,ASSET-FIN,Vehicle & Asset Finance,4770000.00,4213000.00,167000.00,0,STAGE_1_PERFORMING,0.90%,1.8x,HQ_NAIROBI
2025-10-31,STR-LN-104945,TKN-SHA256-9C40B0C2,Fatuma Ochieng,ID-HASH-89AB6B749F,BOSA-SCH,School Fees Advance,220000.00,62000.00,7500.00,0,STAGE_1_PERFORMING,0.76%,3.9x,ELDORET_BR
2025-10-31,STR-LN-104946,TKN-SHA256-61E03C2C,Mercy Kariuki,ID-HASH-BDC2DFD281,BOSA-NRM,Development Loan Normal,2985000.00,2358000.00,104500.00,0,STAGE_1_PERFORMING,0.18%,3.6x,HQ_NAIROBI
2025-10-31,STR-LN-104947,TKN-SHA256-3497771C,Emmanuel Langat,ID-HASH-ED515CF1E1,BOSA-NRM,Development Loan Normal,1585000.00,1171000.00,55500.00,0,STAGE_1_PERFORMING,0.42%,4.1x,KISUMU_BR
2025-10-31,STR-LN-104948,TKN-SHA256-D77C7687,Jane Ali,ID-HASH-BCCA3F75B2,BOSA-SCH,School Fees Advance,205000.00,53000.00,7000.00,0,STAGE_1_PERFORMING,0.15%,3.6x,NAKURU_BR
2025-10-31,STR-LN-104949,TKN-SHA256-CB328CAF,James Koech,ID-HASH-D719D16B9F,MSME-WCP,Business Working Capital,800000.00,328000.00,28000.00,0,STAGE_1_PERFORMING,0.34%,1.7x,NANDI_HILLS
2025-10-31,STR-LN-104950,TKN-SHA256-536EAA4D,John Rono,ID-HASH-8564D60E85,AGRI-TEA,Tea & Coffee Farm Development,695000.00,195000.00,24500.00,0,STAGE_1_PERFORMING,0.69%,2.2x,HQ_NAIROBI
2025-10-31,STR-LN-104951,TKN-SHA256-F3837076,Mercy Wambui,ID-HASH-154FEC3CE2,BOSA-SCH,School Fees Advance,210000.00,63000.00,7500.00,0,STAGE_1_PERFORMING,0.17%,3.6x,KISUMU_BR
2025-10-31,STR-LN-104952,TKN-SHA256-E19A12EF,Tabitha Ali,ID-HASH-E99B937522,BOSA-EMG,Emergency Medical Facility,160000.00,70000.00,5500.00,0,STAGE_1_PERFORMING,0.83%,2.8x,HQ_NAIROBI
2025-10-31,STR-LN-104953,TKN-SHA256-FC76AFF9,Alice Ruto,ID-HASH-511721E9D1,BOSA-EMG,Emergency Medical Facility,135000.00,47000.00,4500.00,73,STAGE_2_UNDERPERFORMING,13.66%,2.5x,NAKURU_BR
2025-10-31,STR-LN-104954,TKN-SHA256-8F606D9F,Dennis Langat,ID-HASH-0D8CBDAF49,BOSA-EMG,Emergency Medical Facility,230000.00,179000.00,8000.00,0,STAGE_1_PERFORMING,0.90%,1.9x,NANDI_HILLS
2025-10-31,STR-LN-104955,TKN-SHA256-DFBCB18B,Emmanuel Ochieng,ID-HASH-1BF046B567,FOSA-ADV,Salary Advance 30D,100000.00,61000.00,3500.00,0,STAGE_1_PERFORMING,0.60%,1.1x,ELDORET_BR
2025-10-31,STR-LN-104956,TKN-SHA256-4EF529CB,Samuel Otieno,ID-HASH-DD12517F07,BOSA-EMG,Emergency Medical Facility,140000.00,83000.00,5000.00,0,STAGE_1_PERFORMING,0.19%,3.1x,KISUMU_BR
2025-10-31,STR-LN-104957,TKN-SHA256-6887A83C,Peter Kamau,ID-HASH-A9C1DC07E4,BOSA-NRM,Development Loan Normal,775000.00,443000.00,27000.00,0,STAGE_1_PERFORMING,0.34%,3.1x,NAKURU_BR
2025-10-31,STR-LN-104958,TKN-SHA256-CA915181,Mary Cheruiyot,ID-HASH-606513D692,MSME-WCP,Business Working Capital,1630000.00,1186000.00,57000.00,5,STAGE_1_EARLY_WATCH,2.27%,1.5x,HQ_NAIROBI
2025-10-31,STR-LN-104959,TKN-SHA256-D646A7C6,Tabitha Mutua,ID-HASH-FDE7781C37,AGRI-TEA,Tea & Coffee Farm Development,520000.00,362000.00,18000.00,15,STAGE_1_EARLY_WATCH,3.52%,2.2x,HQ_NAIROBI
2025-10-31,STR-LN-104960,TKN-SHA256-30DA0D75,Dennis Bett,ID-HASH-4A4109C574,BOSA-NRM,Development Loan Normal,2365000.00,1437000.00,83000.00,22,STAGE_1_EARLY_WATCH,3.53%,2.9x,KISUMU_BR
2025-10-31,STR-LN-104961,TKN-SHA256-02A5F3BD,Mercy Wanjiku,ID-HASH-FA15D707F1,BOSA-EMG,Emergency Medical Facility,295000.00,199000.00,10500.00,0,STAGE_1_PERFORMING,0.67%,3.1x,WESTLANDS
2025-10-31,STR-LN-104962,TKN-SHA256-CADAFA52,James Mutua,ID-HASH-79E50BEFDD,ASSET-FIN,Vehicle & Asset Finance,2200000.00,410000.00,77000.00,0,STAGE_1_PERFORMING,0.80%,1.5x,MOMBASA_BR
2025-10-31,STR-LN-104963,TKN-SHA256-2DD94865,Dennis Otieno,ID-HASH-F668631D3B,BOSA-NRM,Development Loan Normal,1600000.00,347000.00,56000.00,90,STAGE_3_NON_PERFORMING,31.40%,3.9x,BOMET_BRANCH
2025-10-31,STR-LN-104964,TKN-SHA256-E4319FC3,Mercy Kiptoo,ID-HASH-32C5BCE7B5,BOSA-NRM,Development Loan Normal,2740000.00,1884000.00,96000.00,0,STAGE_1_PERFORMING,0.82%,2.5x,UPPER_HILL
2025-10-31,STR-LN-104965,TKN-SHA256-B2242AB4,Alice Ochieng,ID-HASH-1579CDAD4B,MSME-WCP,Business Working Capital,450000.00,254000.00,16000.00,0,STAGE_1_PERFORMING,0.30%,2.5x,UPPER_HILL
2025-10-31,STR-LN-104966,TKN-SHA256-B43728C0,Hassan Kamau,ID-HASH-6CA99A0094,BOSA-NRM,Development Loan Normal,1960000.00,486000.00,68500.00,0,STAGE_1_PERFORMING,0.48%,2.6x,KERICHO_CENTRAL
2025-10-31,STR-LN-104967,TKN-SHA256-42A50AD8,Bernard Hassan,ID-HASH-9742D06266,AGRI-TEA,Tea & Coffee Farm Development,255000.00,225000.00,9000.00,0,STAGE_1_PERFORMING,0.52%,2.3x,KISUMU_BR
2025-10-31,STR-LN-104968,TKN-SHA256-44BD96A3,Hassan Bett,ID-HASH-AC6882821C,MSME-WCP,Business Working Capital,505000.00,301000.00,17500.00,0,STAGE_1_PERFORMING,0.58%,1.5x,ELDORET_BR
2025-10-31,STR-LN-104969,TKN-SHA256-3F7DAAE8,David Koech,ID-HASH-43B0844634,BOSA-NRM,Development Loan Normal,1865000.00,1009000.00,65500.00,0,STAGE_1_PERFORMING,0.92%,3.4x,MOMBASA_BR
2025-10-31,STR-LN-104970,TKN-SHA256-01844C59,John Kimani,ID-HASH-8B85DFEE34,BOSA-EMG,Emergency Medical Facility,85000.00,38000.00,3000.00,0,STAGE_1_PERFORMING,0.85%,1.9x,NAKURU_BR
2025-10-31,STR-LN-104971,TKN-SHA256-547B6F21,Mary Kamau,ID-HASH-1E53889CE7,BOSA-EMG,Emergency Medical Facility,190000.00,50000.00,6500.00,0,STAGE_1_PERFORMING,0.51%,3.1x,KERICHO_CENTRAL
2025-10-31,STR-LN-104972,TKN-SHA256-39D933DB,Stephen Wanjiku,ID-HASH-981053985D,BOSA-SCH,School Fees Advance,195000.00,80000.00,7000.00,0,STAGE_1_PERFORMING,0.30%,4.6x,MOMBASA_BR
2025-10-31,STR-LN-104973,TKN-SHA256-63786C6D,James Kiptoo,ID-HASH-BF59D08E1A,AGRI-TEA,Tea & Coffee Farm Development,530000.00,176000.00,18500.00,0,STAGE_1_PERFORMING,0.79%,2.2x,NANDI_HILLS
2025-10-31,STR-LN-104974,TKN-SHA256-8B25CBFB,Mary Njoroge,ID-HASH-954A1DBE41,FOSA-ADV,Salary Advance 30D,115000.00,44000.00,4000.00,0,STAGE_1_PERFORMING,0.39%,1.5x,NAKURU_BR
2025-10-31,STR-LN-104975,TKN-SHA256-10A52CDF,Stephen Ali,ID-HASH-D4C54CEFCE,AGRI-TEA,Tea & Coffee Farm Development,1030000.00,175000.00,36000.00,0,STAGE_1_PERFORMING,0.41%,2.2x,KERICHO_CENTRAL
2025-10-31,STR-LN-104976,TKN-SHA256-BE234B8A,Alice Otieno,ID-HASH-387124F98B,BOSA-SCH,School Fees Advance,135000.00,109000.00,4500.00,12,STAGE_1_EARLY_WATCH,1.93%,3.1x,NANDI_HILLS
2025-10-31,STR-LN-104977,TKN-SHA256-BA176C20,John Njoroge,ID-HASH-9E71E09865,BOSA-NRM,Development Loan Normal,1225000.00,1134000.00,43000.00,0,STAGE_1_PERFORMING,0.75%,3.6x,HQ_NAIROBI
2025-10-31,STR-LN-104978,TKN-SHA256-7937E923,Emmanuel Kiptoo,ID-HASH-8E24DCCB82,ASSET-FIN,Vehicle & Asset Finance,1780000.00,1372000.00,62500.00,0,STAGE_1_PERFORMING,0.16%,1.1x,KERICHO_CENTRAL
2025-10-31,STR-LN-104979,TKN-SHA256-38AAA78D,Cosmas Korir,ID-HASH-1A3EBAAD3D,BOSA-EMG,Emergency Medical Facility,235000.00,107000.00,8000.00,27,STAGE_1_EARLY_WATCH,2.89%,3.2x,NANDI_HILLS
2025-10-31,STR-LN-104980,TKN-SHA256-600EFEBE,Catherine Langat,ID-HASH-46D85F88F0,FOSA-ADV,Salary Advance 30D,55000.00,16000.00,2000.00,0,STAGE_1_PERFORMING,0.92%,1.3x,HQ_NAIROBI
2025-10-31,STR-LN-104981,TKN-SHA256-ED8C3305,Gladys Otieno,ID-HASH-A72FDCEE74,ASSET-FIN,Vehicle & Asset Finance,4045000.00,2468000.00,141500.00,88,STAGE_2_UNDERPERFORMING,6.19%,1.2x,ELDORET_BR
2025-10-31,STR-LN-104982,TKN-SHA256-4C27F6BF,Grace Njoroge,ID-HASH-83E8CF7877,FOSA-ADV,Salary Advance 30D,105000.00,80000.00,3500.00,0,STAGE_1_PERFORMING,0.70%,1.3x,KISUMU_BR
2025-10-31,STR-LN-104983,TKN-SHA256-C4E66E47,Fatuma Sang,ID-HASH-79221BBF46,BOSA-EMG,Emergency Medical Facility,145000.00,39000.00,5000.00,15,STAGE_1_EARLY_WATCH,3.50%,3.2x,NAKURU_BR
2025-10-31,STR-LN-104984,TKN-SHA256-F8A13404,Tabitha Otieno,ID-HASH-C67D71D27A,FOSA-ADV,Salary Advance 30D,75000.00,48000.00,2500.00,0,STAGE_1_PERFORMING,0.78%,1.3x,ELDORET_BR
2025-10-31,STR-LN-104985,TKN-SHA256-E2D7FF71,Mary Kiptoo,ID-HASH-F26C2DD1E4,AGRI-TEA,Tea & Coffee Farm Development,775000.00,693000.00,27000.00,0,STAGE_1_PERFORMING,0.94%,2.1x,ELDORET_BR
2025-10-31,STR-LN-104986,TKN-SHA256-4FB0D456,Jane Ruto,ID-HASH-B19C319A4F,BOSA-SCH,School Fees Advance,235000.00,158000.00,8000.00,0,STAGE_1_PERFORMING,0.74%,4.5x,WESTLANDS
2025-10-31,STR-LN-104987,TKN-SHA256-6510DB80,Alice Bett,ID-HASH-DA1B6071B7,BOSA-EMG,Emergency Medical Facility,275000.00,177000.00,9500.00,0,STAGE_1_PERFORMING,0.65%,2.1x,KISUMU_BR
2025-10-31,STR-LN-104988,TKN-SHA256-3275F573,Beatrice Koech,ID-HASH-6576943637,ASSET-FIN,Vehicle & Asset Finance,1510000.00,1321000.00,53000.00,0,STAGE_1_PERFORMING,0.80%,1.2x,ELDORET_BR
2025-10-31,STR-LN-104989,TKN-SHA256-0C1BE579,Emmanuel Kiptoo,ID-HASH-F9A8E7C24B,BOSA-NRM,Development Loan Normal,3490000.00,2842000.00,122000.00,0,STAGE_1_PERFORMING,0.64%,3.9x,WESTLANDS
2025-10-31,STR-LN-104990,TKN-SHA256-6C2C91F3,Grace Kariuki,ID-HASH-B0847D7134,MSME-WCP,Business Working Capital,1205000.00,275000.00,42000.00,0,STAGE_1_PERFORMING,0.54%,2.3x,NANDI_HILLS
2025-10-31,STR-LN-104991,TKN-SHA256-578AAFB3,Lucy Chebet,ID-HASH-55CB5F83EA,FOSA-ADV,Salary Advance 30D,20000.00,9000.00,500.00,0,STAGE_1_PERFORMING,0.35%,1.3x,NANDI_HILLS
2025-10-31,STR-LN-104992,TKN-SHA256-53852423,John Kimani,ID-HASH-0ED9583D8A,BOSA-SCH,School Fees Advance,230000.00,191000.00,8000.00,0,STAGE_1_PERFORMING,0.22%,4.8x,ELDORET_BR
2025-10-31,STR-LN-104993,TKN-SHA256-51321923,Samuel Sang,ID-HASH-F99509D0DA,FOSA-ADV,Salary Advance 30D,85000.00,77000.00,3000.00,4,STAGE_1_EARLY_WATCH,4.14%,1.3x,HQ_NAIROBI
2025-10-31,STR-LN-104994,TKN-SHA256-A54686F4,Lucy Chebet,ID-HASH-2549E1E028,BOSA-SCH,School Fees Advance,60000.00,47000.00,2000.00,0,STAGE_1_PERFORMING,0.46%,3.9x,MOMBASA_BR
2025-10-31,STR-LN-104995,TKN-SHA256-9912CFE8,Bernard Wanjiku,ID-HASH-0086CD45FF,FOSA-ADV,Salary Advance 30D,130000.00,59000.00,4500.00,0,STAGE_1_PERFORMING,0.33%,1.4x,UPPER_HILL
2025-10-31,STR-LN-104996,TKN-SHA256-603FD978,Dennis Mwangi,ID-HASH-D4975A86F8,FOSA-ADV,Salary Advance 30D,110000.00,96000.00,4000.00,0,STAGE_1_PERFORMING,0.68%,1.4x,KERICHO_CENTRAL
2025-10-31,STR-LN-104997,TKN-SHA256-D38F6C3E,Mercy Ochieng,ID-HASH-66B1F45D40,ASSET-FIN,Vehicle & Asset Finance,3595000.00,2246000.00,126000.00,0,STAGE_1_PERFORMING,0.85%,1.2x,HQ_NAIROBI
2025-10-31,STR-LN-104998,TKN-SHA256-E982AFE9,Hassan Otieno,ID-HASH-F533418731,FOSA-ADV,Salary Advance 30D,140000.00,76000.00,5000.00,0,STAGE_1_PERFORMING,0.72%,1.1x,NAKURU_BR
2025-10-31,STR-LN-104999,TKN-SHA256-FE1B19A2,Kiprono Kiptoo,ID-HASH-52FE1EF23D,AGRI-TEA,Tea & Coffee Farm Development,400000.00,204000.00,14000.00,0,STAGE_1_PERFORMING,0.79%,2.6x,ELDORET_BR
2025-10-31,STR-LN-105000,TKN-SHA256-0D0804D3,James Ali,ID-HASH-86FE0CDF4F,BOSA-NRM,Development Loan Normal,2325000.00,2206000.00,81500.00,0,STAGE_1_PERFORMING,0.69%,2.9x,NANDI_HILLS
